seed,puzzle,n_gen,n_evals,success,time,unique_f_in_pop,min_f,mean_f,median_f,max_f,greedier,exhaustive,strict,nudge,force_unique,variant,variant_type
3444837047,easy-1,9,1200,True,1.027991071001452,10,0,9.426666666666666,6.0,18,False,False,True,False,False,easy-1-paper,
1184028159,easy-1,11,1500,True,1.421225696001784,8,0,8.266666666666667,4.0,18,False,False,True,False,False,easy-1-paper,
3581440988,easy-1,12,1650,True,1.4566586270011612,6,0,8.2,2.0,18,False,False,True,False,False,easy-1-paper,
1691623607,easy-1,13,1800,True,1.7708343910053372,9,0,9.84,5.0,18,False,False,True,False,False,easy-1-paper,
862288241,easy-1,14,1950,True,1.7986895690046367,6,0,9.226666666666668,3.0,18,False,False,True,False,False,easy-1-paper,
3915829765,easy-1,14,1950,True,1.8427560350028216,8,0,9.013333333333334,5.0,18,False,False,True,False,False,easy-1-paper,
3957024168,easy-1,14,1950,True,1.9001905929981149,6,0,9.053333333333333,3.0,18,False,False,True,False,False,easy-1-paper,
2046530742,easy-1,14,1950,True,1.927313647000119,6,0,11.08,17.0,18,False,False,True,False,False,easy-1-paper,
1333843299,easy-1,14,1950,True,1.9261484750022648,6,0,7.553333333333334,3.0,18,False,False,True,False,False,easy-1-paper,
2669555309,easy-1,15,2100,True,1.9589165309953387,8,0,9.22,4.0,18,False,False,True,False,False,easy-1-paper,
2170464109,easy-1,14,1950,True,2.032338555000024,7,0,8.113333333333333,4.0,18,False,False,True,False,False,easy-1-paper,
2705014006,easy-1,19,2700,True,2.7382316869989154,5,0,9.553333333333333,3.0,18,False,False,True,False,False,easy-1-paper,
2099784219,easy-1,19,2700,True,2.784325224994973,6,0,9.206666666666669,3.0,18,False,False,True,False,False,easy-1-paper,
2996663166,easy-1,11,1500,True,1.353597481000179,8,0,8.94,4.0,18,False,False,True,False,False,easy-1-paper,
563021890,easy-1,11,1500,True,1.2907492369995452,8,0,7.72,4.0,18,False,False,True,False,False,easy-1-paper,
4178181242,easy-1,11,1500,True,1.357144570996752,8,0,7.54,4.0,18,False,False,True,False,False,easy-1-paper,
2128606514,easy-1,18,2550,True,2.323906168996473,7,0,10.006666666666666,4.0,18,False,False,True,False,False,easy-1-paper,
1741519417,easy-1,15,2100,True,2.1830077929989784,7,0,9.093333333333334,4.0,18,False,False,True,False,False,easy-1-paper,
3928734150,easy-1,13,1800,True,1.6784075029936505,6,0,7.006666666666667,2.0,18,False,False,True,False,False,easy-1-paper,
2218688234,easy-1,14,1950,True,1.7021246450021863,6,0,8.706666666666667,3.0,18,False,False,True,False,False,easy-1-paper,
3560217815,easy-1,13,1800,True,1.8994931699999145,7,0,8.38,3.0,18,False,False,True,False,False,easy-1-paper,
2436567560,easy-1,14,1950,True,2.016485193002154,5,0,8.373333333333333,2.0,18,False,False,True,False,False,easy-1-paper,
408731928,easy-1,10,1350,True,1.1985349520036834,8,0,9.853333333333332,5.0,18,False,False,True,False,False,easy-1-paper,
2493935339,easy-1,9,1200,True,1.2910808059968986,9,0,9.733333333333333,6.0,18,False,False,True,False,False,easy-1-paper,
2468990893,easy-1,31,4500,True,4.246099651005352,8,0,9.7,4.0,18,False,False,True,False,False,easy-1-paper,
348619172,easy-1,10,1350,True,1.200532242997724,12,0,8.986666666666666,7.0,18,False,False,True,False,False,easy-1-paper,
3657378459,easy-1,18,2550,True,2.7381592550009373,7,0,8.92,3.0,18,False,False,True,False,False,easy-1-paper,
3310747494,easy-1,15,2100,True,2.2694072619997314,9,0,9.0,4.0,18,False,False,True,False,False,easy-1-paper,
2657689626,easy-1,12,1650,True,1.4102716209963546,8,0,9.28,5.0,18,False,False,True,False,False,easy-1-paper,
2422051390,easy-1,22,3150,True,3.246020701000816,6,0,9.166666666666666,2.0,18,False,False,True,False,False,easy-1-paper,
1255089826,easy-1,16,2250,True,1.9618982370011508,6,0,7.873333333333333,3.0,18,False,False,True,False,False,easy-1-paper,
110273505,easy-1,17,2400,True,2.238100927002961,6,0,8.22,3.0,18,False,False,True,False,False,easy-1-paper,
1245605034,easy-1,10,1350,True,1.221707652999612,9,0,8.54,6.0,18,False,False,True,False,False,easy-1-paper,
1727344081,easy-1,12,1650,True,1.6340026739999305,7,0,7.673333333333333,3.0,18,False,False,True,False,False,easy-1-paper,
1164341515,easy-1,11,1500,True,1.351275089997216,9,0,10.306666666666668,6.0,18,False,False,True,False,False,easy-1-paper,
3077688642,easy-1,11,1500,True,1.593433832997107,8,0,11.606666666666667,11.5,18,False,False,True,False,False,easy-1-paper,
2836725664,easy-1,16,2250,True,2.163252950005699,6,0,8.153333333333334,3.0,18,False,False,True,False,False,easy-1-paper,
4206876380,easy-1,14,1950,True,1.759530707997328,5,0,9.253333333333334,3.0,18,False,False,True,False,False,easy-1-paper,
1695213383,easy-1,14,1950,True,2.122244628997578,6,0,8.04,2.0,18,False,False,True,False,False,easy-1-paper,
1627962091,easy-1,19,2700,True,2.595872654004779,6,0,8.86,3.0,18,False,False,True,False,False,easy-1-paper,
3168783890,easy-1,10,1350,True,1.1987151429930236,9,0,8.646666666666667,5.0,18,False,False,True,False,False,easy-1-paper,
2571176866,easy-1,13,1800,True,1.80430439599877,7,0,7.566666666666666,3.0,18,False,False,True,False,False,easy-1-paper,
4040197091,easy-1,13,1800,True,1.9239719250035705,8,0,8.733333333333333,4.0,18,False,False,True,False,False,easy-1-paper,
3576043346,easy-1,10,1350,True,1.3865828910056734,7,0,11.28,6.0,18,False,False,True,False,False,easy-1-paper,
2886620867,easy-1,10,1350,True,1.2934954649972497,7,0,7.993333333333333,3.0,18,False,False,True,False,False,easy-1-paper,
781950879,easy-1,14,1950,True,1.9449450129977777,6,0,8.006666666666666,2.0,18,False,False,True,False,False,easy-1-paper,
4066352818,easy-1,14,1950,True,1.7348676820038236,5,0,7.733333333333333,2.0,18,False,False,True,False,False,easy-1-paper,
1297446070,easy-1,13,1800,True,1.6922048009946593,6,0,9.306666666666668,4.0,18,False,False,True,False,False,easy-1-paper,
3549786358,easy-1,16,2250,True,2.0410515280018444,6,0,9.62,3.0,18,False,False,True,False,False,easy-1-paper,
3132050763,easy-1,13,1800,True,1.622562429998652,6,0,9.0,3.0,18,False,False,True,False,False,easy-1-paper,
1493011086,easy-1,13,1800,True,1.907363856000302,8,0,8.733333333333333,5.0,18,False,False,True,False,False,easy-1-paper,
2245842095,easy-1,17,2400,True,2.2778925349994097,6,0,8.78,3.0,18,False,False,True,False,False,easy-1-paper,
3097084020,easy-1,13,1800,True,1.529624930000864,8,0,8.546666666666667,3.5,18,False,False,True,False,False,easy-1-paper,
3945348426,easy-1,12,1650,True,1.7428153020009631,9,0,11.44,6.5,18,False,False,True,False,False,easy-1-paper,
997242548,easy-1,8,1050,True,1.0707413939962862,9,0,11.073333333333334,8.0,18,False,False,True,False,False,easy-1-paper,
1386174930,easy-1,10,1350,True,1.3128722940018631,8,0,10.133333333333333,5.0,18,False,False,True,False,False,easy-1-paper,
3489956201,easy-1,10,1350,True,1.2170914669986814,9,0,10.526666666666667,6.0,18,False,False,True,False,False,easy-1-paper,
2681697076,easy-1,13,1800,True,1.989019371998438,6,0,8.406666666666666,3.0,18,False,False,True,False,False,easy-1-paper,
3043669598,easy-1,14,1950,True,1.734190385999682,6,0,7.986666666666666,3.0,18,False,False,True,False,False,easy-1-paper,
1812556602,easy-1,16,2250,True,2.3857090050005354,4,0,7.953333333333333,2.0,18,False,False,True,False,False,easy-1-paper,
3707891570,easy-1,18,2550,True,2.412783675994433,4,0,9.066666666666666,2.0,18,False,False,True,False,False,easy-1-paper,
2879732968,easy-1,16,2250,True,1.957772339002986,4,0,7.526666666666666,2.0,18,False,False,True,False,False,easy-1-paper,
625964716,easy-1,16,2250,True,2.4947971389992745,7,0,8.193333333333333,3.0,18,False,False,True,False,False,easy-1-paper,
943300948,easy-1,13,1800,True,1.6402467930020066,6,0,8.56,3.0,18,False,False,True,False,False,easy-1-paper,
1655317465,easy-1,19,2700,True,2.578890611002862,5,0,8.12,2.0,18,False,False,True,False,False,easy-1-paper,
743359466,easy-1,17,2400,True,2.478513762995135,6,0,7.733333333333333,3.0,18,False,False,True,False,False,easy-1-paper,
1893690812,easy-1,25,3600,True,3.224995217999094,5,0,7.453333333333333,2.0,18,False,False,True,False,False,easy-1-paper,
3738036910,easy-1,15,2100,True,2.471187335002469,6,0,8.686666666666667,2.0,18,False,False,True,False,False,easy-1-paper,
3779610235,easy-1,18,2550,True,2.6816157159992144,5,0,9.04,2.0,18,False,False,True,False,False,easy-1-paper,
1747512124,easy-1,14,1950,True,2.247716935999051,7,0,7.813333333333333,3.0,18,False,False,True,False,False,easy-1-paper,
1854712129,easy-1,12,1650,True,1.6133317989952047,8,0,9.2,5.0,18,False,False,True,False,False,easy-1-paper,
1314933732,easy-1,14,1950,True,1.7565974640019704,8,0,8.766666666666667,4.0,18,False,False,True,False,False,easy-1-paper,
509847863,easy-1,36,5250,True,5.443735357002879,5,0,8.68,2.0,18,False,False,True,False,False,easy-1-paper,
45047004,easy-1,14,1950,True,1.8231225620038456,7,0,7.98,2.0,18,False,False,True,False,False,easy-1-paper,
1777465372,easy-1,13,1800,True,1.8565677299993693,7,0,10.58,15.5,18,False,False,True,False,False,easy-1-paper,
906456036,easy-1,14,1950,True,1.7667960369944922,5,0,7.52,2.0,18,False,False,True,False,False,easy-1-paper,
3667054561,easy-1,11,1500,True,1.6784807889998774,6,0,8.073333333333334,3.0,18,False,False,True,False,False,easy-1-paper,
4224955422,easy-1,10,1350,True,1.3686391869996442,9,0,9.48,6.0,18,False,False,True,False,False,easy-1-paper,
2365913703,easy-1,16,2250,True,2.767383097001584,6,0,9.446666666666667,3.0,18,False,False,True,False,False,easy-1-paper,
3010194696,easy-1,12,1650,True,1.6348168499971507,6,0,6.713333333333333,2.0,18,False,False,True,False,False,easy-1-paper,
3772832900,easy-1,11,1500,True,1.8245991869989664,8,0,10.16,6.0,18,False,False,True,False,False,easy-1-paper,
2139286705,easy-1,13,1800,True,1.799163913994562,8,0,9.266666666666667,5.0,18,False,False,True,False,False,easy-1-paper,
3193871891,easy-1,9,1200,True,1.3597334119986044,9,0,8.8,5.0,18,False,False,True,False,False,easy-1-paper,
3999966297,easy-1,12,1650,True,1.4956807420021505,7,0,9.5,5.0,18,False,False,True,False,False,easy-1-paper,
666288517,easy-1,52,7650,True,7.606863316999807,5,0,7.46,2.0,18,False,False,True,False,False,easy-1-paper,
34107868,easy-1,17,2400,True,2.18866141000035,4,0,7.333333333333333,2.0,18,False,False,True,False,False,easy-1-paper,
952038986,easy-1,28,4050,True,4.191323524995823,5,0,8.38,2.0,18,False,False,True,False,False,easy-1-paper,
3501394679,easy-1,15,2100,True,2.0934857949978323,6,0,9.26,3.0,18,False,False,True,False,False,easy-1-paper,
1659373067,easy-1,18,2550,True,2.4947483809955884,7,0,8.373333333333333,4.0,18,False,False,True,False,False,easy-1-paper,
3886404040,easy-1,13,1800,True,1.69798488500237,6,0,6.206666666666667,2.0,18,False,False,True,False,False,easy-1-paper,
1022609792,easy-1,15,2100,True,1.808128240001679,5,0,8.58,3.0,18,False,False,True,False,False,easy-1-paper,
1176912709,easy-1,14,1950,True,1.958211847995699,7,0,6.466666666666667,2.0,18,False,False,True,False,False,easy-1-paper,
4162557871,easy-1,16,2250,True,1.7237030169999343,6,0,6.6,2.0,18,False,False,True,False,False,easy-1-paper,
2198559462,easy-1,23,3300,True,3.2037577480004984,5,0,8.913333333333334,2.0,18,False,False,True,False,False,easy-1-paper,
2778046070,easy-1,15,2100,True,1.6464846950038918,7,0,8.213333333333333,4.0,18,False,False,True,False,False,easy-1-paper,
2625360392,easy-1,16,2250,True,1.5977486629999476,7,0,9.126666666666669,3.0,18,False,False,True,False,False,easy-1-paper,
1273947043,easy-1,18,2550,True,1.7702725429990096,7,0,7.293333333333333,2.0,18,False,False,True,False,False,easy-1-paper,
1282873427,easy-1,21,3000,True,1.792286058996979,6,0,9.986666666666666,3.0,18,False,False,True,False,False,easy-1-paper,
2082531011,easy-1,81,12000,True,8.443963353005529,5,0,8.313333333333333,2.0,18,False,False,True,False,False,easy-1-paper,
3047621524,easy-1,179,26700,True,14.760688356000172,6,0,8.693333333333333,2.0,18,False,False,True,False,False,easy-1-paper,
2046530742,easy-1,4,450,True,0.4362402699989616,15,0,11.233333333333333,8.0,18,True,True,False,True,True,easy-1-modified,
2170464109,easy-1,4,450,True,0.4388665939986822,14,0,10.62,8.0,18,True,True,False,True,True,easy-1-modified,
862288241,easy-1,4,450,True,0.4576334589946782,15,0,11.62,9.0,18,True,True,False,True,True,easy-1-modified,
1184028159,easy-1,5,600,True,0.5237740570009919,13,0,10.546666666666669,7.0,18,True,True,False,True,True,easy-1-modified,
3444837047,easy-1,5,600,True,0.5301016199955484,12,0,10.933333333333334,8.0,18,True,True,False,True,True,easy-1-modified,
2669555309,easy-1,5,600,True,0.5411676129951957,12,0,9.34,6.0,18,True,True,False,True,True,easy-1-modified,
3581440988,easy-1,5,600,True,0.5424623369981418,11,0,9.92,6.0,18,True,True,False,True,True,easy-1-modified,
2468990893,easy-1,5,600,True,0.5345690210015164,12,0,9.02,6.0,18,True,True,False,True,True,easy-1-modified,
3915829765,easy-1,5,600,True,0.5403642370001762,12,0,9.626666666666669,6.0,18,True,True,False,True,True,easy-1-modified,
3957024168,easy-1,5,600,True,0.5467095700005302,16,0,9.993333333333334,7.0,18,True,True,False,True,True,easy-1-modified,
2705014006,easy-1,5,600,True,0.5568569819952245,12,0,9.78,6.0,18,True,True,False,True,True,easy-1-modified,
1691623607,easy-1,5,600,True,0.5733368849978433,11,0,9.446666666666667,6.0,18,True,True,False,True,True,easy-1-modified,
1333843299,easy-1,5,600,True,0.5708669670057134,11,0,10.62,7.0,18,True,True,False,True,True,easy-1-modified,
2099784219,easy-1,6,750,True,0.7367727840028238,13,0,10.593333333333334,8.0,18,True,True,False,True,True,easy-1-modified,
2996663166,easy-1,3,300,True,0.3366486550003174,14,0,13.233333333333333,12.5,18,True,True,False,True,True,easy-1-modified,
3657378459,easy-1,3,300,True,0.3183935820052284,12,0,13.266666666666667,12.0,18,True,True,False,True,True,easy-1-modified,
1741519417,easy-1,5,600,True,0.6074735389993293,12,0,9.26,6.0,18,True,True,False,True,True,easy-1-modified,
3310747494,easy-1,4,450,True,0.5152119569975184,13,0,12.126666666666669,11.0,18,True,True,False,True,True,easy-1-modified,
4178181242,easy-1,5,600,True,0.5696869710009196,14,0,11.266666666666667,9.0,18,True,True,False,True,True,easy-1-modified,
2493935339,easy-1,4,450,True,0.5216216950066155,14,0,11.653333333333334,8.5,18,True,True,False,True,True,easy-1-modified,
2436567560,easy-1,5,600,True,0.5848932650042116,13,0,10.62,8.0,18,True,True,False,True,True,easy-1-modified,
563021890,easy-1,5,600,True,0.6534680330005358,12,0,10.393333333333333,7.0,18,True,True,False,True,True,easy-1-modified,
2218688234,easy-1,5,600,True,0.6454913560010027,13,0,9.066666666666666,6.0,18,True,True,False,True,True,easy-1-modified,
3560217815,easy-1,5,600,True,0.6441848520044005,12,0,10.213333333333331,7.0,18,True,True,False,True,True,easy-1-modified,
2128606514,easy-1,6,750,True,0.8082607430042117,13,0,9.073333333333334,6.0,18,True,True,False,True,True,easy-1-modified,
2422051390,easy-1,5,600,True,0.705341431996203,12,0,10.36,7.0,18,True,True,False,True,True,easy-1-modified,
3928734150,easy-1,6,750,True,0.740823159001593,10,0,9.213333333333331,6.0,18,True,True,False,True,True,easy-1-modified,
110273505,easy-1,4,450,True,0.4421886489944882,14,0,11.453333333333331,9.0,18,True,True,False,True,True,easy-1-modified,
348619172,easy-1,4,450,True,0.5047242959990399,14,0,12.28,10.0,18,True,True,False,True,True,easy-1-modified,
1627962091,easy-1,4,450,True,0.3779832569998689,14,0,11.186666666666667,8.5,18,True,True,False,True,True,easy-1-modified,
1255089826,easy-1,4,450,True,0.4760402829997474,14,0,11.166666666666666,8.0,18,True,True,False,True,True,easy-1-modified,
2657689626,easy-1,4,450,True,0.4398110529946279,13,0,11.266666666666667,8.5,18,True,True,False,True,True,easy-1-modified,
408731928,easy-1,6,750,True,0.8037192900010268,12,0,10.046666666666669,7.0,18,True,True,False,True,True,easy-1-modified,
1727344081,easy-1,4,450,True,0.4485168649989646,14,0,11.153333333333334,8.0,18,True,True,False,True,True,easy-1-modified,
1695213383,easy-1,5,600,True,0.5347554179970757,12,0,10.12,7.0,18,True,True,False,True,True,easy-1-modified,
2836725664,easy-1,5,600,True,0.6135380510022514,12,0,10.1,7.0,18,True,True,False,True,True,easy-1-modified,
1164341515,easy-1,4,450,True,0.4654486319996067,14,0,10.613333333333332,8.0,18,True,True,False,True,True,easy-1-modified,
3077688642,easy-1,4,450,True,0.51844440199784,13,0,10.846666666666666,7.5,18,True,True,False,True,True,easy-1-modified,
4040197091,easy-1,4,450,True,0.4254615449972334,14,0,10.68,8.0,18,True,True,False,True,True,easy-1-modified,
4206876380,easy-1,5,600,True,0.605846444996132,12,0,10.533333333333331,8.0,18,True,True,False,True,True,easy-1-modified,
781950879,easy-1,4,450,True,0.420936251997773,15,0,11.673333333333334,8.5,18,True,True,False,True,True,easy-1-modified,
1245605034,easy-1,5,600,True,0.6571832170011476,12,0,10.96,8.0,18,True,True,False,True,True,easy-1-modified,
2571176866,easy-1,6,750,True,0.6601499289972708,12,0,9.873333333333331,6.0,18,True,True,False,True,True,easy-1-modified,
3168783890,easy-1,5,600,True,0.6700792319970788,14,0,10.873333333333331,7.5,18,True,True,False,True,True,easy-1-modified,
4066352818,easy-1,4,450,True,0.4974388679984258,15,0,12.0,10.0,18,True,True,False,True,True,easy-1-modified,
2245842095,easy-1,4,450,True,0.5378315269990708,14,0,12.313333333333333,13.0,18,True,True,False,True,True,easy-1-modified,
3945348426,easy-1,4,450,True,0.4721455780018004,14,0,12.24,11.0,18,True,True,False,True,True,easy-1-modified,
3132050763,easy-1,4,450,True,0.4967526069958694,15,0,12.166666666666666,10.0,18,True,True,False,True,True,easy-1-modified,
3576043346,easy-1,5,600,True,0.621982107993972,13,0,10.173333333333334,7.0,18,True,True,False,True,True,easy-1-modified,
1297446070,easy-1,5,600,True,0.5881719919998432,13,0,9.206666666666669,6.0,18,True,True,False,True,True,easy-1-modified,
3549786358,easy-1,6,750,True,0.8021563650036114,13,0,8.933333333333334,6.0,18,True,True,False,True,True,easy-1-modified,
2681697076,easy-1,4,450,True,0.39135150200309,13,0,11.14,8.0,18,True,True,False,True,True,easy-1-modified,
2886620867,easy-1,5,600,True,0.6402579809946474,12,0,10.613333333333332,7.0,18,True,True,False,True,True,easy-1-modified,
1493011086,easy-1,5,600,True,0.6860795440006768,13,0,10.486666666666666,7.0,18,True,True,False,True,True,easy-1-modified,
3097084020,easy-1,5,600,True,0.5129899829989881,13,0,9.5,6.0,18,True,True,False,True,True,easy-1-modified,
666288517,easy-1,5,600,True,0.6181813190050889,12,0,10.753333333333334,8.0,18,True,True,False,True,True,easy-1-modified,
509847863,easy-1,5,600,True,0.6240422190021491,12,0,10.286666666666669,7.0,18,True,True,False,True,True,easy-1-modified,
997242548,easy-1,4,450,True,0.469755587997497,14,0,12.06,10.0,18,True,True,False,True,True,easy-1-modified,
1386174930,easy-1,5,600,True,0.5755056269990746,12,0,9.006666666666666,6.0,18,True,True,False,True,True,easy-1-modified,
1812556602,easy-1,6,750,True,0.7269154999958118,13,0,9.086666666666666,6.0,18,True,True,False,True,True,easy-1-modified,
3043669598,easy-1,5,600,True,0.5004297940031392,14,0,9.553333333333333,7.0,18,True,True,False,True,True,easy-1-modified,
1893690812,easy-1,5,600,True,0.5618378020008095,13,0,10.226666666666668,7.0,18,True,True,False,True,True,easy-1-modified,
743359466,easy-1,4,450,True,0.3958792780031217,12,0,11.466666666666669,8.5,18,True,True,False,True,True,easy-1-modified,
3489956201,easy-1,5,600,True,0.5562091069950839,12,0,9.52,6.0,18,True,True,False,True,True,easy-1-modified,
1655317465,easy-1,5,600,True,0.4751952919978066,14,0,9.293333333333331,6.0,18,True,True,False,True,True,easy-1-modified,
3779610235,easy-1,4,450,True,0.3873269319956307,13,0,10.526666666666667,7.5,18,True,True,False,True,True,easy-1-modified,
625964716,easy-1,5,600,True,0.540002366004046,13,0,9.893333333333333,6.0,18,True,True,False,True,True,easy-1-modified,
2879732968,easy-1,5,600,True,0.5522246030013775,13,0,10.3,7.0,18,True,True,False,True,True,easy-1-modified,
3738036910,easy-1,5,600,True,0.4948717689985642,14,0,9.9,7.0,18,True,True,False,True,True,easy-1-modified,
3707891570,easy-1,6,750,True,0.7014729020011146,11,0,9.6,6.0,18,True,True,False,True,True,easy-1-modified,
943300948,easy-1,4,450,True,0.401124719006475,14,0,10.453333333333331,7.0,18,True,True,False,True,True,easy-1-modified,
2082531011,easy-1,4,450,True,0.4050559719980811,13,0,11.24,9.0,18,True,True,False,True,True,easy-1-modified,
2365913703,easy-1,3,300,True,0.2725755290011875,16,0,13.82,17.0,18,True,True,False,True,True,easy-1-modified,
1747512124,easy-1,5,600,True,0.5537924880045466,15,0,10.06,7.0,18,True,True,False,True,True,easy-1-modified,
1777465372,easy-1,4,450,True,0.3781947299939929,11,0,11.673333333333334,9.0,18,True,True,False,True,True,easy-1-modified,
952038986,easy-1,4,450,True,0.4463927670003613,14,0,11.16,9.0,18,True,True,False,True,True,easy-1-modified,
3667054561,easy-1,4,450,True,0.412811125999724,14,0,10.5,8.0,18,True,True,False,True,True,easy-1-modified,
1314933732,easy-1,5,600,True,0.5596293329945183,14,0,10.413333333333334,7.5,18,True,True,False,True,True,easy-1-modified,
906456036,easy-1,5,600,True,0.5320274449986755,11,0,10.046666666666669,7.0,18,True,True,False,True,True,easy-1-modified,
45047004,easy-1,5,600,True,0.6070945100000245,12,0,9.88,6.5,18,True,True,False,True,True,easy-1-modified,
4224955422,easy-1,5,600,True,0.5324993890026235,12,0,9.913333333333334,6.0,18,True,True,False,True,True,easy-1-modified,
1854712129,easy-1,6,750,True,0.6971560060046613,14,0,9.42,6.0,18,True,True,False,True,True,easy-1-modified,
3047621524,easy-1,6,750,True,0.7892150320039946,13,0,9.48,6.0,18,True,True,False,True,True,easy-1-modified,
3010194696,easy-1,5,600,True,0.5968825340023614,12,0,9.44,6.0,18,True,True,False,True,True,easy-1-modified,
2139286705,easy-1,5,600,True,0.56331403600052,13,0,10.06,7.0,18,True,True,False,True,True,easy-1-modified,
1659373067,easy-1,4,450,True,0.4343609320058021,12,0,11.64,9.0,18,True,True,False,True,True,easy-1-modified,
2198559462,easy-1,5,600,True,0.5782197519947658,14,0,10.74,8.0,18,True,True,False,True,True,easy-1-modified,
3772832900,easy-1,6,750,True,0.7200458289953531,12,0,10.033333333333331,6.5,18,True,True,False,True,True,easy-1-modified,
3999966297,easy-1,5,600,True,0.5703858449996915,14,0,10.753333333333334,7.5,18,True,True,False,True,True,easy-1-modified,
2778046070,easy-1,4,450,True,0.445197253000515,12,0,11.453333333333331,8.0,18,True,True,False,True,True,easy-1-modified,
3886404040,easy-1,5,600,True,0.5296034510029131,13,0,9.0,6.0,18,True,True,False,True,True,easy-1-modified,
4162557871,easy-1,5,600,True,0.5359443540000939,11,0,9.473333333333333,6.0,18,True,True,False,True,True,easy-1-modified,
1022609792,easy-1,5,600,True,0.5701091390001238,13,0,10.453333333333331,7.0,18,True,True,False,True,True,easy-1-modified,
3193871891,easy-1,6,750,True,0.6999191509967204,12,0,10.28,6.0,18,True,True,False,True,True,easy-1-modified,
3501394679,easy-1,6,750,True,0.70469715299987,11,0,10.186666666666667,6.5,18,True,True,False,True,True,easy-1-modified,
34107868,easy-1,7,900,True,0.9234541149999131,13,0,9.393333333333333,6.0,18,True,True,False,True,True,easy-1-modified,
2625360392,easy-1,5,600,True,0.5386988030004431,12,0,10.246666666666666,7.0,18,True,True,False,True,True,easy-1-modified,
1273947043,easy-1,5,600,True,0.4839566169976024,13,0,9.733333333333333,7.0,18,True,True,False,True,True,easy-1-modified,
1282873427,easy-1,5,600,True,0.4545967760059284,12,0,10.4,7.0,18,True,True,False,True,True,easy-1-modified,
1176912709,easy-1,7,900,True,0.7497960160035291,11,0,9.313333333333333,6.0,18,True,True,False,True,True,easy-1-modified,
3444837047,easy-11,21,3000,True,7.667138562996115,5,0,8.406666666666666,3.0,18,False,False,True,False,False,easy-11-paper,paper
1333843299,easy-11,26,3750,True,8.086779470999318,5,0,8.7,2.0,18,False,False,True,False,False,easy-11-paper,paper
3581440988,easy-11,35,5100,True,8.90405868900416,5,0,8.84,3.0,18,False,False,True,False,False,easy-11-paper,paper
1184028159,easy-11,35,5100,True,8.985704400998657,5,0,10.193333333333333,3.0,18,False,False,True,False,False,easy-11-paper,paper
2468990893,easy-11,38,5550,True,9.05488658700051,5,0,9.02,4.0,18,False,False,True,False,False,easy-11-paper,paper
1741519417,easy-11,23,3300,True,2.0309853450016817,6,0,10.393333333333333,4.0,18,False,False,True,False,False,easy-11-paper,paper
862288241,easy-11,58,8550,True,11.070955234004941,6,0,9.266666666666667,3.0,18,False,False,True,False,False,easy-11-paper,paper
2046530742,easy-11,58,8550,True,11.116624157002661,5,0,9.833333333333334,3.0,18,False,False,True,False,False,easy-11-paper,paper
2436567560,easy-11,29,4200,True,2.6863099499969394,6,0,10.193333333333333,4.0,18,False,False,True,False,False,easy-11-paper,paper
2669555309,easy-11,98,14550,True,15.014359159999003,6,0,7.1,2.0,18,False,False,True,False,False,easy-11-paper,paper
2099784219,easy-11,99,14700,True,15.060241767001571,5,0,8.033333333333333,2.0,18,False,False,True,False,False,easy-11-paper,paper
2218688234,easy-11,11,1500,True,1.0330581320013152,8,0,9.02,6.0,18,False,False,True,False,False,easy-11-paper,paper
2996663166,easy-11,77,11400,True,7.135015978004958,4,0,8.2,2.0,18,False,False,True,False,False,easy-11-paper,paper
3560217815,easy-11,23,3300,True,2.360636509998585,7,0,10.046666666666667,5.0,18,False,False,True,False,False,easy-11-paper,paper
3657378459,easy-11,81,12000,True,7.936192602996016,5,0,10.073333333333334,4.0,18,False,False,True,False,False,easy-11-paper,paper
2493935339,easy-11,23,3300,True,2.266190813999856,6,0,8.553333333333333,3.0,18,False,False,True,False,False,easy-11-paper,paper
563021890,easy-11,135,20100,True,13.326552904996788,6,0,9.433333333333334,3.0,18,False,False,True,False,False,easy-11-paper,paper
2170464109,easy-11,230,34350,True,28.790295428996615,6,0,9.013333333333334,3.0,18,False,False,True,False,False,easy-11-paper,paper
408731928,easy-11,328,49050,True,33.24306441799854,4,0,8.446666666666667,2.0,18,False,False,True,False,False,easy-11-paper,paper
1627962091,easy-11,38,5550,True,3.848855419004394,5,0,9.186666666666667,2.0,18,False,False,True,False,False,easy-11-paper,paper
110273505,easy-11,456,68250,True,45.38900543100317,6,0,9.513333333333334,5.0,18,False,False,True,False,False,easy-11-paper,paper
2422051390,easy-11,560,83850,True,56.506768245002604,6,0,7.2,2.0,18,False,False,True,False,False,easy-11-paper,paper
1695213383,easy-11,205,30600,True,21.30572552999365,5,0,9.146666666666667,3.0,18,False,False,True,False,False,easy-11-paper,paper
3310747494,easy-11,1210,181350,True,140.01087169699895,5,0,9.186666666666667,4.0,18,False,False,True,False,False,easy-11-paper,paper
1727344081,easy-11,1079,161700,True,131.15787938200083,6,0,8.98,3.0,18,False,False,True,False,False,easy-11-paper,paper
2836725664,easy-11,1556,233250,True,185.06287404199975,6,0,8.513333333333334,3.0,18,False,False,True,False,False,easy-11-paper,paper
3915829765,easy-11,2001,300000,False,225.43566627400287,3,5,11.44,11.0,18,False,False,True,False,False,easy-11-paper,paper
2705014006,easy-11,2001,300000,False,231.66143184600514,4,4,10.38,4.0,18,False,False,True,False,False,easy-11-paper,paper
2128606514,easy-11,2001,300000,False,224.99426526699972,4,4,10.466666666666667,4.0,18,False,False,True,False,False,easy-11-paper,paper
3957024168,easy-11,2001,300000,False,237.26061150299938,3,4,10.26,4.0,18,False,False,True,False,False,easy-11-paper,paper
1691623607,easy-11,2001,300000,False,242.06088713699864,3,4,10.593333333333334,4.0,18,False,False,True,False,False,easy-11-paper,paper
3168783890,easy-11,119,17700,True,13.520604528996046,7,0,10.22,4.0,18,False,False,True,False,False,easy-11-paper,paper
3928734150,easy-11,2001,300000,False,232.58818128200073,3,4,10.646666666666667,4.0,18,False,False,True,False,False,easy-11-paper,paper
4178181242,easy-11,2001,300000,False,237.53672171299695,3,4,10.153333333333334,4.0,18,False,False,True,False,False,easy-11-paper,paper
3576043346,easy-11,21,3000,True,2.1655520139975124,4,0,10.393333333333333,4.0,18,False,False,True,False,False,easy-11-paper,paper
1255089826,easy-11,2001,300000,False,226.60892195999622,3,5,10.826666666666666,5.0,18,False,False,True,False,False,easy-11-paper,paper
4040197091,easy-11,166,24750,True,18.21160778000194,4,0,8.42,2.0,18,False,False,True,False,False,easy-11-paper,paper
348619172,easy-11,2001,300000,False,234.42612699399615,4,4,11.273333333333333,17.0,18,False,False,True,False,False,easy-11-paper,paper
3132050763,easy-11,21,3000,True,2.129577353000059,6,0,6.913333333333333,2.5,18,False,False,True,False,False,easy-11-paper,paper
3945348426,easy-11,36,5250,True,3.846507403999567,6,0,7.873333333333333,3.0,18,False,False,True,False,False,easy-11-paper,paper
2886620867,easy-11,108,16050,True,11.44198766300542,4,0,8.5,2.0,18,False,False,True,False,False,easy-11-paper,paper
1493011086,easy-11,232,34650,True,25.450801168997714,4,0,8.233333333333333,2.0,18,False,False,True,False,False,easy-11-paper,paper
2657689626,easy-11,1869,280200,True,222.104240157998,5,0,10.653333333333334,17.0,18,False,False,True,False,False,easy-11-paper,paper
509847863,easy-11,20,2850,True,2.286323836997326,7,0,6.506666666666667,3.0,18,False,False,True,False,False,easy-11-paper,paper
666288517,easy-11,171,25500,True,19.63640102199861,7,0,7.966666666666667,3.0,18,False,False,True,False,False,easy-11-paper,paper
1386174930,easy-11,21,3000,True,2.38250276799954,6,0,8.426666666666666,3.0,18,False,False,True,False,False,easy-11-paper,paper
1812556602,easy-11,45,6600,True,5.16789627399703,5,0,8.593333333333334,2.0,18,False,False,True,False,False,easy-11-paper,paper
997242548,easy-11,140,20850,True,16.427201746999344,6,0,9.6,4.0,18,False,False,True,False,False,easy-11-paper,paper
3549786358,easy-11,519,77700,True,61.40145252000366,6,0,10.3,4.0,18,False,False,True,False,False,easy-11-paper,paper
3489956201,easy-11,45,6600,True,5.221986029995605,4,0,10.613333333333333,4.0,18,False,False,True,False,False,easy-11-paper,paper
3043669598,easy-11,67,9900,True,7.775289602999692,4,0,7.98,2.0,18,False,False,True,False,False,easy-11-paper,paper
625964716,easy-11,45,6600,True,5.983204348005529,6,0,9.333333333333334,4.0,18,False,False,True,False,False,easy-11-paper,paper
4206876380,easy-11,2001,300000,False,239.6506478730007,4,4,10.566666666666666,4.0,18,False,False,True,False,False,easy-11-paper,paper
1655317465,easy-11,22,3150,True,2.72172260699881,6,0,8.013333333333334,3.0,18,False,False,True,False,False,easy-11-paper,paper
1297446070,easy-11,791,118500,True,97.04301213699364,5,0,7.273333333333333,2.0,18,False,False,True,False,False,easy-11-paper,paper
2245842095,easy-11,879,131700,True,107.32345782099583,4,0,7.46,2.0,18,False,False,True,False,False,easy-11-paper,paper
3779610235,easy-11,16,2250,True,2.0977830609990633,8,0,9.373333333333333,5.0,18,False,False,True,False,False,easy-11-paper,paper
943300948,easy-11,21,3000,True,2.6769304709960124,7,0,9.913333333333334,5.0,18,False,False,True,False,False,easy-11-paper,paper
1893690812,easy-11,778,116550,True,95.10937481099973,6,0,8.786666666666667,3.0,18,False,False,True,False,False,easy-11-paper,paper
3077688642,easy-11,2001,300000,False,244.48305646199879,3,4,10.226666666666667,4.0,18,False,False,True,False,False,easy-11-paper,paper
3097084020,easy-11,1398,209550,True,170.42938885900367,5,0,7.766666666666667,2.0,18,False,False,True,False,False,easy-11-paper,paper
1164341515,easy-11,2001,300000,False,244.18111063900142,3,4,10.326666666666666,4.0,18,False,False,True,False,False,easy-11-paper,paper
1854712129,easy-11,179,26700,True,22.557303927002067,6,0,9.486666666666666,4.0,18,False,False,True,False,False,easy-11-paper,paper
1245605034,easy-11,2001,300000,False,250.96711977099767,4,4,10.46,4.0,18,False,False,True,False,False,easy-11-paper,paper
2571176866,easy-11,2001,300000,False,242.96547073200054,4,4,10.82,4.0,18,False,False,True,False,False,easy-11-paper,paper
45047004,easy-11,36,5250,True,4.5619684330013115,5,0,9.366666666666667,3.0,18,False,False,True,False,False,easy-11-paper,paper
781950879,easy-11,2001,300000,False,248.0136553850025,3,4,10.54,4.0,18,False,False,True,False,False,easy-11-paper,paper
4066352818,easy-11,2001,300000,False,250.51627015099803,3,4,9.666666666666666,4.0,18,False,False,True,False,False,easy-11-paper,paper
2365913703,easy-11,499,74700,True,64.42619531399396,6,0,9.166666666666666,3.0,18,False,False,True,False,False,easy-11-paper,paper
4224955422,easy-11,28,4050,True,3.367337777999637,5,0,9.433333333333334,3.0,18,False,False,True,False,False,easy-11-paper,paper
3738036910,easy-11,1399,209700,True,180.97256054399622,6,0,9.74,4.0,18,False,False,True,False,False,easy-11-paper,paper
2681697076,easy-11,2001,300000,False,262.1604406599945,3,4,11.12,17.0,18,False,False,True,False,False,easy-11-paper,paper
3707891570,easy-11,2001,300000,False,254.69438889199955,3,4,9.373333333333333,4.0,18,False,False,True,False,False,easy-11-paper,paper
2879732968,easy-11,2001,300000,False,253.50072860699584,3,4,10.733333333333333,4.0,18,False,False,True,False,False,easy-11-paper,paper
34107868,easy-11,35,5100,True,4.545287510998605,5,0,9.68,2.0,18,False,False,True,False,False,easy-11-paper,paper
3772832900,easy-11,493,73800,True,62.913926904999244,4,0,9.693333333333333,2.0,18,False,False,True,False,False,easy-11-paper,paper
3999966297,easy-11,39,5700,True,4.874236173003737,4,0,9.413333333333334,2.0,18,False,False,True,False,False,easy-11-paper,paper
743359466,easy-11,2001,300000,False,264.7485507320016,4,4,10.18,4.0,18,False,False,True,False,False,easy-11-paper,paper
1659373067,easy-11,73,10800,True,9.31519062499865,6,0,10.233333333333333,4.0,18,False,False,True,False,False,easy-11-paper,paper
1747512124,easy-11,2001,300000,False,261.4039899319978,3,4,10.033333333333333,4.0,18,False,False,True,False,False,easy-11-paper,paper
952038986,easy-11,1205,180600,True,156.4211397850013,5,0,7.306666666666667,2.0,18,False,False,True,False,False,easy-11-paper,paper
3886404040,easy-11,21,3000,True,2.4101365309979883,7,0,9.973333333333333,5.0,18,False,False,True,False,False,easy-11-paper,paper
2082531011,easy-11,2001,300000,False,254.2409027429967,4,6,12.306666666666667,17.0,18,False,False,True,False,False,easy-11-paper,paper
3047621524,easy-11,2001,300000,False,253.84821236399875,4,4,10.56,4.0,18,False,False,True,False,False,easy-11-paper,paper
2778046070,easy-11,315,47100,True,35.668671774998074,4,0,10.353333333333333,10.0,18,False,False,True,False,False,easy-11-paper,paper
2625360392,easy-11,201,30000,True,24.322711984001216,6,0,7.693333333333333,3.0,18,False,False,True,False,False,easy-11-paper,paper
1314933732,easy-11,2001,300000,False,256.25555777500267,3,4,9.113333333333333,4.0,18,False,False,True,False,False,easy-11-paper,paper
1777465372,easy-11,2001,300000,False,246.8427842070014,5,4,10.64,4.0,18,False,False,True,False,False,easy-11-paper,paper
906456036,easy-11,2001,300000,False,244.824698573997,3,4,9.446666666666667,4.0,18,False,False,True,False,False,easy-11-paper,paper
3667054561,easy-11,2001,300000,False,241.80991557999369,4,4,9.82,4.0,18,False,False,True,False,False,easy-11-paper,paper
3010194696,easy-11,2001,300000,False,233.22917196399794,3,4,10.073333333333334,4.0,18,False,False,True,False,False,easy-11-paper,paper
2139286705,easy-11,2001,300000,False,229.20114399700105,3,4,10.5,4.0,18,False,False,True,False,False,easy-11-paper,paper
2198559462,easy-11,2001,300000,False,222.33987118500227,4,4,9.9,4.0,18,False,False,True,False,False,easy-11-paper,paper
3501394679,easy-11,2001,300000,False,202.82452663299773,4,4,10.62,4.0,18,False,False,True,False,False,easy-11-paper,paper
1176912709,easy-11,2001,300000,False,202.17490160599846,3,4,10.086666666666666,4.0,18,False,False,True,False,False,easy-11-paper,paper
3193871891,easy-11,2001,300000,False,206.39202299200406,4,6,12.1,17.0,18,False,False,True,False,False,easy-11-paper,paper
1022609792,easy-11,2001,300000,False,192.1244373599984,3,6,11.946666666666667,11.5,18,False,False,True,False,False,easy-11-paper,paper
4162557871,easy-11,2001,300000,False,188.54984697499458,4,6,11.786666666666667,6.0,18,False,False,True,False,False,easy-11-paper,paper
1273947043,easy-11,2001,300000,False,163.28603759600082,3,4,10.573333333333334,4.0,18,False,False,True,False,False,easy-11-paper,paper
1282873427,easy-11,2001,300000,False,157.8386590739974,5,4,10.713333333333333,4.0,18,False,False,True,False,False,easy-11-paper,paper
2046530742,easy-11,5,600,True,0.45941523899819003,11,0,11.526666666666667,9.0,18,True,True,False,True,True,easy-11-modified,modified
3915829765,easy-11,5,600,True,0.4700519229954807,13,0,12.4,17.0,18,True,True,False,True,True,easy-11-modified,modified
2170464109,easy-11,5,600,True,0.4751975529943593,13,0,11.44,8.5,18,True,True,False,True,True,easy-11-modified,modified
2669555309,easy-11,6,750,True,0.554972715995973,13,0,11.646666666666667,14.5,18,True,True,False,True,True,easy-11-modified,modified
3581440988,easy-11,6,750,True,0.5669802670017816,12,0,10.5,7.0,18,True,True,False,True,True,easy-11-modified,modified
2099784219,easy-11,6,750,True,0.5988463749963557,12,0,12.006666666666666,17.0,18,True,True,False,True,True,easy-11-modified,modified
2705014006,easy-11,6,750,True,0.5999431919990457,10,0,10.813333333333333,7.0,18,True,True,False,True,True,easy-11-modified,modified
1184028159,easy-11,6,750,True,0.605122451997886,13,0,10.406666666666666,7.0,18,True,True,False,True,True,easy-11-modified,modified
3957024168,easy-11,6,750,True,0.6071754329968826,13,0,11.593333333333334,9.0,18,True,True,False,True,True,easy-11-modified,modified
3444837047,easy-11,7,900,True,0.7153163110051537,14,0,11.166666666666666,8.0,18,True,True,False,True,True,easy-11-modified,modified
1333843299,easy-11,7,900,True,0.7186132549977629,12,0,11.46,9.0,18,True,True,False,True,True,easy-11-modified,modified
862288241,easy-11,7,900,True,0.7257805879999069,11,0,11.153333333333334,8.0,18,True,True,False,True,True,easy-11-modified,modified
2468990893,easy-11,8,1050,True,0.8249845859972993,12,0,9.48,6.0,18,True,True,False,True,True,easy-11-modified,modified
1691623607,easy-11,8,1050,True,0.8395471510011703,10,0,10.793333333333333,8.0,18,True,True,False,True,True,easy-11-modified,modified
2128606514,easy-11,5,600,True,0.4604255409940379,13,0,11.733333333333333,9.5,18,True,True,False,True,True,easy-11-modified,modified
2436567560,easy-11,4,450,True,0.33302677900064737,13,0,11.946666666666667,10.0,18,True,True,False,True,True,easy-11-modified,modified
563021890,easy-11,5,600,True,0.4674981759962975,12,0,11.713333333333333,9.0,18,True,True,False,True,True,easy-11-modified,modified
3928734150,easy-11,5,600,True,0.4639948340045521,13,0,10.36,7.0,18,True,True,False,True,True,easy-11-modified,modified
3310747494,easy-11,4,450,True,0.3534549670002889,11,0,12.973333333333333,17.0,18,True,True,False,True,True,easy-11-modified,modified
4178181242,easy-11,6,750,True,0.5791939010014175,11,0,10.553333333333333,7.0,18,True,True,False,True,True,easy-11-modified,modified
3657378459,easy-11,6,750,True,0.5745101700013038,13,0,9.266666666666667,6.0,18,True,True,False,True,True,easy-11-modified,modified
2996663166,easy-11,8,1050,True,0.7969082070048898,11,0,9.98,6.0,18,True,True,False,True,True,easy-11-modified,modified
1741519417,easy-11,8,1050,True,0.817710392002482,13,0,11.886666666666667,17.0,18,True,True,False,True,True,easy-11-modified,modified
3560217815,easy-11,6,750,True,0.5824780469993129,13,0,11.513333333333334,9.0,18,True,True,False,True,True,easy-11-modified,modified
348619172,easy-11,5,600,True,0.46209087699389784,12,0,11.353333333333333,9.0,18,True,True,False,True,True,easy-11-modified,modified
2422051390,easy-11,8,1050,True,0.8141021669944166,12,0,10.873333333333333,8.0,18,True,True,False,True,True,easy-11-modified,modified
110273505,easy-11,6,750,True,0.5649619070027256,12,0,11.186666666666667,8.5,18,True,True,False,True,True,easy-11-modified,modified
2218688234,easy-11,8,1050,True,0.8170089599952917,11,0,10.113333333333333,6.5,18,True,True,False,True,True,easy-11-modified,modified
2836725664,easy-11,5,600,True,0.4748674150032457,12,0,12.013333333333334,10.5,18,True,True,False,True,True,easy-11-modified,modified
2657689626,easy-11,5,600,True,0.427698337000038,12,0,11.073333333333334,8.0,18,True,True,False,True,True,easy-11-modified,modified
1255089826,easy-11,6,750,True,0.5538024979978218,12,0,11.246666666666666,8.0,18,True,True,False,True,True,easy-11-modified,modified
1627962091,easy-11,6,750,True,0.5612007179952343,12,0,11.04,8.0,18,True,True,False,True,True,easy-11-modified,modified
408731928,easy-11,8,1050,True,0.8223406309989514,11,0,10.32,7.0,18,True,True,False,True,True,easy-11-modified,modified
2493935339,easy-11,8,1050,True,0.8357315820030635,12,0,11.186666666666667,8.5,18,True,True,False,True,True,easy-11-modified,modified
1695213383,easy-11,6,750,True,0.5710567830028594,12,0,11.68,17.0,18,True,True,False,True,True,easy-11-modified,modified
1727344081,easy-11,6,750,True,0.5870058430009522,12,0,11.546666666666667,9.0,18,True,True,False,True,True,easy-11-modified,modified
3077688642,easy-11,6,750,True,0.5848555889970157,13,0,11.733333333333333,17.0,18,True,True,False,True,True,easy-11-modified,modified
4066352818,easy-11,4,450,True,0.36639042300521396,11,0,12.926666666666666,14.0,18,True,True,False,True,True,easy-11-modified,modified
4206876380,easy-11,8,1050,True,0.8062435399988317,13,0,9.706666666666667,6.5,18,True,True,False,True,True,easy-11-modified,modified
1164341515,easy-11,7,900,True,0.7261407550031436,10,0,11.18,12.5,18,True,True,False,True,True,easy-11-modified,modified
2245842095,easy-11,5,600,True,0.49864789199637016,14,0,11.966666666666667,9.0,18,True,True,False,True,True,easy-11-modified,modified
781950879,easy-11,6,750,True,0.5876653380037169,12,0,11.42,9.0,18,True,True,False,True,True,easy-11-modified,modified
4040197091,easy-11,7,900,True,0.7063958610015106,11,0,11.033333333333333,8.0,18,True,True,False,True,True,easy-11-modified,modified
3168783890,easy-11,7,900,True,0.7018081909991452,12,0,11.413333333333334,12.5,18,True,True,False,True,True,easy-11-modified,modified
3549786358,easy-11,7,900,True,0.6942898300039815,11,0,10.773333333333333,7.5,18,True,True,False,True,True,easy-11-modified,modified
2571176866,easy-11,8,1050,True,0.7858273189995089,14,0,10.866666666666667,8.0,18,True,True,False,True,True,easy-11-modified,modified
2886620867,easy-11,5,600,True,0.45537216500088107,13,0,10.28,7.5,18,True,True,False,True,True,easy-11-modified,modified
3576043346,easy-11,7,900,True,0.7240540410057292,12,0,10.0,6.5,18,True,True,False,True,True,easy-11-modified,modified
1297446070,easy-11,7,900,True,0.7111562619975302,12,0,10.093333333333334,6.0,18,True,True,False,True,True,easy-11-modified,modified
1245605034,easy-11,10,1350,True,1.0717235110059846,12,0,10.546666666666667,7.0,18,True,True,False,True,True,easy-11-modified,modified
666288517,easy-11,5,600,True,0.45663154799694894,12,0,10.86,8.0,18,True,True,False,True,True,easy-11-modified,modified
1812556602,easy-11,5,600,True,0.44274731400219025,13,0,10.713333333333333,8.0,18,True,True,False,True,True,easy-11-modified,modified
1493011086,easy-11,9,1200,True,0.9234146890012198,11,0,10.173333333333334,7.0,18,True,True,False,True,True,easy-11-modified,modified
2681697076,easy-11,6,750,True,0.5792087540030479,13,0,10.993333333333334,8.0,18,True,True,False,True,True,easy-11-modified,modified
3132050763,easy-11,8,1050,True,0.8099742209960823,12,0,11.126666666666667,8.0,18,True,True,False,True,True,easy-11-modified,modified
509847863,easy-11,7,900,True,0.6908316730041406,11,0,11.12,8.0,18,True,True,False,True,True,easy-11-modified,modified
3043669598,easy-11,4,450,True,0.34855009900638834,13,0,11.966666666666667,9.0,18,True,True,False,True,True,easy-11-modified,modified
3707891570,easy-11,5,600,True,0.45442355900013354,12,0,11.726666666666667,8.0,18,True,True,False,True,True,easy-11-modified,modified
997242548,easy-11,6,750,True,0.5794809329963755,12,0,11.02,8.0,18,True,True,False,True,True,easy-11-modified,modified
1386174930,easy-11,6,750,True,0.5956816360048833,12,0,11.473333333333333,9.0,18,True,True,False,True,True,easy-11-modified,modified
1893690812,easy-11,6,750,True,0.5735394329967676,12,0,10.173333333333334,7.0,18,True,True,False,True,True,easy-11-modified,modified
3945348426,easy-11,8,1050,True,0.8339186029988923,13,0,9.806666666666667,7.0,18,True,True,False,True,True,easy-11-modified,modified
3489956201,easy-11,6,750,True,0.6074908689988661,11,0,10.52,8.0,18,True,True,False,True,True,easy-11-modified,modified
943300948,easy-11,4,450,True,0.353513590998773,13,0,12.526666666666667,11.0,18,True,True,False,True,True,easy-11-modified,modified
3097084020,easy-11,10,1350,True,1.084657220999361,12,0,10.166666666666666,7.0,18,True,True,False,True,True,easy-11-modified,modified
2879732968,easy-11,5,600,True,0.46550904199830256,14,0,11.4,9.0,18,True,True,False,True,True,easy-11-modified,modified
625964716,easy-11,7,900,True,0.6962619609985268,14,0,10.933333333333334,8.0,18,True,True,False,True,True,easy-11-modified,modified
1747512124,easy-11,5,600,True,0.4455022440015455,12,0,11.473333333333333,9.0,18,True,True,False,True,True,easy-11-modified,modified
1854712129,easy-11,5,600,True,0.45182062199455686,14,0,11.22,9.0,18,True,True,False,True,True,easy-11-modified,modified
1655317465,easy-11,7,900,True,0.6997365009956411,13,0,10.806666666666667,8.0,18,True,True,False,True,True,easy-11-modified,modified
2082531011,easy-11,6,750,True,0.5709482399979606,12,0,11.52,9.0,18,True,True,False,True,True,easy-11-modified,modified
743359466,easy-11,7,900,True,0.7064165139963734,13,0,11.686666666666667,17.0,18,True,True,False,True,True,easy-11-modified,modified
3738036910,easy-11,7,900,True,0.6848387809950509,12,0,10.166666666666666,7.0,18,True,True,False,True,True,easy-11-modified,modified
3779610235,easy-11,7,900,True,0.68535492799856,12,0,11.093333333333334,8.0,18,True,True,False,True,True,easy-11-modified,modified
3047621524,easy-11,7,900,True,0.6788272519988823,11,0,10.206666666666667,7.0,18,True,True,False,True,True,easy-11-modified,modified
1314933732,easy-11,7,900,True,0.6628262919984991,11,0,11.213333333333333,8.0,18,True,True,False,True,True,easy-11-modified,modified
2365913703,easy-11,6,750,True,0.5755556959993555,12,0,11.653333333333334,16.5,18,True,True,False,True,True,easy-11-modified,modified
45047004,easy-11,6,750,True,0.576152590001584,11,0,10.346666666666666,7.0,18,True,True,False,True,True,easy-11-modified,modified
952038986,easy-11,6,750,True,0.5711347340038628,13,0,11.46,10.0,18,True,True,False,True,True,easy-11-modified,modified
4224955422,easy-11,5,600,True,0.4644697460025782,11,0,12.313333333333333,17.0,18,True,True,False,True,True,easy-11-modified,modified
3772832900,easy-11,5,600,True,0.4513821679938701,13,0,11.006666666666666,8.0,18,True,True,False,True,True,easy-11-modified,modified
3010194696,easy-11,5,600,True,0.4511989550010185,11,0,12.086666666666666,17.0,18,True,True,False,True,True,easy-11-modified,modified
1777465372,easy-11,7,900,True,0.7155032000009669,13,0,11.513333333333334,13.0,18,True,True,False,True,True,easy-11-modified,modified
906456036,easy-11,7,900,True,0.6984026010031812,11,0,11.566666666666666,17.0,18,True,True,False,True,True,easy-11-modified,modified
3667054561,easy-11,7,900,True,0.7033296740046353,11,0,10.426666666666666,7.0,18,True,True,False,True,True,easy-11-modified,modified
2198559462,easy-11,6,750,True,0.5980490200017812,12,0,11.34,8.0,18,True,True,False,True,True,easy-11-modified,modified
2139286705,easy-11,7,900,True,0.6764411609983654,12,0,9.866666666666667,7.0,18,True,True,False,True,True,easy-11-modified,modified
1659373067,easy-11,7,900,True,0.7063121709943516,11,0,10.693333333333333,7.0,18,True,True,False,True,True,easy-11-modified,modified
3501394679,easy-11,6,750,True,0.5579833869996946,11,0,10.366666666666667,7.0,18,True,True,False,True,True,easy-11-modified,modified
1273947043,easy-11,4,450,True,0.34182325300207594,11,0,13.506666666666666,17.0,18,True,True,False,True,True,easy-11-modified,modified
34107868,easy-11,8,1050,True,0.821511725000164,10,0,10.133333333333333,7.0,18,True,True,False,True,True,easy-11-modified,modified
3999966297,easy-11,8,1050,True,0.7777392100033467,11,0,10.74,8.0,18,True,True,False,True,True,easy-11-modified,modified
1022609792,easy-11,6,750,True,0.5428123649980989,14,0,11.186666666666667,8.0,18,True,True,False,True,True,easy-11-modified,modified
4162557871,easy-11,6,750,True,0.5023960030011949,9,0,11.866666666666667,17.0,18,True,True,False,True,True,easy-11-modified,modified
3193871891,easy-11,8,1050,True,0.7783678880005027,13,0,10.353333333333333,7.0,18,True,True,False,True,True,easy-11-modified,modified
2625360392,easy-11,6,750,True,0.47785681100504007,13,0,10.673333333333334,8.0,18,True,True,False,True,True,easy-11-modified,modified
2778046070,easy-11,6,750,True,0.5065851839972311,12,0,11.453333333333333,9.0,18,True,True,False,True,True,easy-11-modified,modified
1176912709,easy-11,7,900,True,0.6302912079991074,11,0,11.66,17.0,18,True,True,False,True,True,easy-11-modified,modified
3886404040,easy-11,7,900,True,0.6165991310044774,11,0,10.893333333333333,7.0,18,True,True,False,True,True,easy-11-modified,modified
1282873427,easy-11,10,1350,True,0.6279553490021499,10,0,9.666666666666666,7.0,18,True,True,False,True,True,easy-11-modified,modified
2669555309,medium-27,23,3300,True,2.5446267269944656,4,0,8.426666666666666,2.0,18,False,False,True,False,False,medium-27-paper,paper
2046530742,medium-27,278,41550,True,32.55345714400028,4,0,9.086666666666666,2.0,18,False,False,True,False,False,medium-27-paper,paper
1691623607,medium-27,2001,300000,False,229.7761031780028,3,2,8.346666666666666,2.0,18,False,False,True,False,False,medium-27-paper,paper
2468990893,medium-27,2001,300000,False,230.4847568059995,3,2,10.506666666666666,18.0,18,False,False,True,False,False,medium-27-paper,paper
2170464109,medium-27,2001,300000,False,231.07116173500253,4,2,7.52,2.0,18,False,False,True,False,False,medium-27-paper,paper
862288241,medium-27,2001,300000,False,231.1778583750056,3,2,8.38,2.0,18,False,False,True,False,False,medium-27-paper,paper
3444837047,medium-27,2001,300000,False,232.14948371799983,3,5,10.226666666666667,5.0,18,False,False,True,False,False,medium-27-paper,paper
2099784219,medium-27,2001,300000,False,232.93134476299747,3,5,10.773333333333333,5.0,18,False,False,True,False,False,medium-27-paper,paper
3915829765,medium-27,2001,300000,False,233.82380498100247,3,2,9.126666666666667,2.0,18,False,False,True,False,False,medium-27-paper,paper
1184028159,medium-27,2001,300000,False,234.03095542300434,3,2,8.153333333333334,2.0,18,False,False,True,False,False,medium-27-paper,paper
1333843299,medium-27,2001,300000,False,234.71301341700018,3,2,8.073333333333334,2.0,18,False,False,True,False,False,medium-27-paper,paper
3957024168,medium-27,2001,300000,False,235.71410592599568,3,2,8.26,2.0,18,False,False,True,False,False,medium-27-paper,paper
3581440988,medium-27,2001,300000,False,236.671940748005,4,2,8.893333333333333,2.0,18,False,False,True,False,False,medium-27-paper,paper
2705014006,medium-27,2001,300000,False,239.340375543994,3,2,8.6,2.0,18,False,False,True,False,False,medium-27-paper,paper
2128606514,medium-27,2001,300000,False,239.374990272001,3,4,10.526666666666667,4.0,18,False,False,True,False,False,medium-27-paper,paper
1741519417,medium-27,2001,300000,False,235.09684203100187,3,2,8.18,2.0,18,False,False,True,False,False,medium-27-paper,paper
110273505,medium-27,43,6300,True,4.924864180000441,4,0,7.493333333333333,2.0,18,False,False,True,False,False,medium-27-paper,paper
3657378459,medium-27,2001,300000,False,224.23019158399984,3,4,10.5,4.0,18,False,False,True,False,False,medium-27-paper,paper
2996663166,medium-27,2001,300000,False,231.45031671899778,3,2,8.046666666666667,2.0,18,False,False,True,False,False,medium-27-paper,paper
4178181242,medium-27,2001,300000,False,230.75296586199693,3,2,9.026666666666667,2.0,18,False,False,True,False,False,medium-27-paper,paper
2218688234,medium-27,2001,300000,False,227.8770523330022,3,2,7.2,2.0,18,False,False,True,False,False,medium-27-paper,paper
2436567560,medium-27,2001,300000,False,230.2977988019993,4,2,8.693333333333333,2.0,18,False,False,True,False,False,medium-27-paper,paper
3928734150,medium-27,2001,300000,False,230.13683308199688,3,3,9.18,3.0,18,False,False,True,False,False,medium-27-paper,paper
2422051390,medium-27,2001,300000,False,232.1040798069953,3,2,7.626666666666667,2.0,18,False,False,True,False,False,medium-27-paper,paper
563021890,medium-27,2001,300000,False,233.33185918800154,3,2,7.62,2.0,18,False,False,True,False,False,medium-27-paper,paper
3310747494,medium-27,1996,299250,True,233.33429818700097,4,0,9.933333333333334,9.5,18,False,False,True,False,False,medium-27-paper,paper
3560217815,medium-27,2001,300000,False,237.03103314899636,3,2,9.02,2.0,18,False,False,True,False,False,medium-27-paper,paper
348619172,medium-27,2001,300000,False,231.92326806100027,3,2,9.22,2.0,18,False,False,True,False,False,medium-27-paper,paper
2571176866,medium-27,20,2850,True,2.3774636779999128,6,0,11.04,5.0,18,False,False,True,False,False,medium-27-paper,paper
2493935339,medium-27,2001,300000,False,238.8259935459937,3,4,11.34,17.0,18,False,False,True,False,False,medium-27-paper,paper
408731928,medium-27,2001,300000,False,241.05466716599767,3,6,11.96,11.5,18,False,False,True,False,False,medium-27-paper,paper
4040197091,medium-27,191,28500,True,22.25853652099613,4,0,7.58,2.0,18,False,False,True,False,False,medium-27-paper,paper
1255089826,medium-27,2001,300000,False,238.18629407099797,3,2,6.666666666666667,2.0,18,False,False,True,False,False,medium-27-paper,paper
2836725664,medium-27,2001,300000,False,233.82960528799595,3,2,8.373333333333333,2.0,18,False,False,True,False,False,medium-27-paper,paper
1627962091,medium-27,2001,300000,False,228.26510386500013,3,2,8.706666666666667,2.0,18,False,False,True,False,False,medium-27-paper,paper
2657689626,medium-27,2001,300000,False,231.73818719499832,3,2,9.006666666666666,2.0,18,False,False,True,False,False,medium-27-paper,paper
1695213383,medium-27,2001,300000,False,231.74276572599774,3,2,8.486666666666666,2.0,18,False,False,True,False,False,medium-27-paper,paper
1164341515,medium-27,2001,300000,False,231.22791717699874,3,2,7.846666666666667,2.0,18,False,False,True,False,False,medium-27-paper,paper
3077688642,medium-27,2001,300000,False,234.90372369399847,3,2,9.02,2.0,18,False,False,True,False,False,medium-27-paper,paper
1727344081,medium-27,2001,300000,False,237.15302101999987,3,6,12.206666666666667,17.0,18,False,False,True,False,False,medium-27-paper,paper
4206876380,medium-27,2001,300000,False,236.93464895500074,3,4,10.706666666666667,4.0,18,False,False,True,False,False,medium-27-paper,paper
1245605034,medium-27,2001,300000,False,235.0921789999993,3,2,8.806666666666667,2.0,18,False,False,True,False,False,medium-27-paper,paper
666288517,medium-27,55,8100,True,6.084929700999055,4,0,8.946666666666667,2.0,18,False,False,True,False,False,medium-27-paper,paper
781950879,medium-27,2001,300000,False,238.0073060979994,3,4,10.053333333333333,4.0,18,False,False,True,False,False,medium-27-paper,paper
3168783890,medium-27,2001,300000,False,240.7063804979989,3,2,8.266666666666667,2.0,18,False,False,True,False,False,medium-27-paper,paper
3549786358,medium-27,2001,300000,False,238.99680897300277,3,3,9.366666666666667,3.0,18,False,False,True,False,False,medium-27-paper,paper
509847863,medium-27,136,20250,True,16.163016503000108,4,0,7.72,2.0,18,False,False,True,False,False,medium-27-paper,paper
1812556602,medium-27,72,10650,True,8.39900722099992,4,0,10.553333333333333,17.0,18,False,False,True,False,False,medium-27-paper,paper
2245842095,medium-27,2001,300000,False,231.9728341480004,3,2,8.066666666666666,2.0,18,False,False,True,False,False,medium-27-paper,paper
997242548,medium-27,169,25200,True,20.33003633000044,4,0,7.56,2.0,18,False,False,True,False,False,medium-27-paper,paper
3043669598,medium-27,21,3000,True,2.427078820001043,5,0,9.0,3.0,18,False,False,True,False,False,medium-27-paper,paper
4066352818,medium-27,2001,300000,False,240.1046448240013,3,2,8.5,2.0,18,False,False,True,False,False,medium-27-paper,paper
3132050763,medium-27,507,75900,True,59.64827706399956,4,0,8.153333333333334,2.0,18,False,False,True,False,False,medium-27-paper,paper
3945348426,medium-27,733,109800,True,87.73201741600496,4,0,9.18,2.0,18,False,False,True,False,False,medium-27-paper,paper
625964716,medium-27,624,93450,True,75.01502183399862,4,0,8.46,2.0,18,False,False,True,False,False,medium-27-paper,paper
2879732968,medium-27,1283,192300,True,151.20516164199944,4,0,9.04,2.0,18,False,False,True,False,False,medium-27-paper,paper
1297446070,medium-27,2001,300000,False,228.8589565509974,3,2,8.7,2.0,18,False,False,True,False,False,medium-27-paper,paper
3576043346,medium-27,2001,300000,False,233.8824501909985,3,2,7.64,2.0,18,False,False,True,False,False,medium-27-paper,paper
1493011086,medium-27,2001,300000,False,231.89724473100068,4,2,9.1,2.0,18,False,False,True,False,False,medium-27-paper,paper
2886620867,medium-27,2001,300000,False,233.94443469299586,3,2,9.553333333333333,2.0,18,False,False,True,False,False,medium-27-paper,paper
1747512124,medium-27,92,13650,True,10.583740132999083,5,0,9.193333333333333,2.0,18,False,False,True,False,False,medium-27-paper,paper
2681697076,medium-27,2001,300000,False,232.32686448900495,3,6,12.613333333333333,18.0,18,False,False,True,False,False,medium-27-paper,paper
3097084020,medium-27,2001,300000,False,238.6917312289952,3,2,8.906666666666666,2.0,18,False,False,True,False,False,medium-27-paper,paper
2365913703,medium-27,17,2400,True,1.96666119099973,6,0,9.493333333333334,4.0,18,False,False,True,False,False,medium-27-paper,paper
943300948,medium-27,213,31800,True,24.682710239001608,5,0,9.146666666666667,2.0,18,False,False,True,False,False,medium-27-paper,paper
1386174930,medium-27,2001,300000,False,236.9553726640006,3,2,8.806666666666667,2.0,18,False,False,True,False,False,medium-27-paper,paper
3707891570,medium-27,2001,300000,False,233.93104201400274,3,2,7.1,2.0,18,False,False,True,False,False,medium-27-paper,paper
1893690812,medium-27,2001,300000,False,238.17143809200206,3,4,10.326666666666666,4.0,18,False,False,True,False,False,medium-27-paper,paper
3667054561,medium-27,12,1650,True,1.3458404640041408,8,0,10.586666666666666,6.0,18,False,False,True,False,False,medium-27-paper,paper
3489956201,medium-27,2001,300000,False,239.64607785100088,3,2,7.946666666666666,2.0,18,False,False,True,False,False,medium-27-paper,paper
1655317465,medium-27,2001,300000,False,240.30840459899628,3,5,11.573333333333334,17.0,18,False,False,True,False,False,medium-27-paper,paper
743359466,medium-27,2001,300000,False,235.05331971000123,3,2,9.106666666666667,2.0,18,False,False,True,False,False,medium-27-paper,paper
2139286705,medium-27,91,13500,True,10.504512731000432,5,0,9.106666666666667,3.0,18,False,False,True,False,False,medium-27-paper,paper
3738036910,medium-27,2001,300000,False,237.4728218260061,4,2,9.213333333333333,2.0,18,False,False,True,False,False,medium-27-paper,paper
3779610235,medium-27,2001,300000,False,231.94715539099707,3,2,8.386666666666667,2.0,18,False,False,True,False,False,medium-27-paper,paper
2082531011,medium-27,2001,300000,False,231.02927309500228,3,2,9.533333333333333,2.0,18,False,False,True,False,False,medium-27-paper,paper
3047621524,medium-27,2001,300000,False,231.15573639600188,3,2,8.48,2.0,18,False,False,True,False,False,medium-27-paper,paper
1314933732,medium-27,2001,300000,False,224.2504693380033,3,2,9.026666666666667,2.0,18,False,False,True,False,False,medium-27-paper,paper
1854712129,medium-27,2001,300000,False,233.80933783399814,3,2,7.846666666666667,2.0,18,False,False,True,False,False,medium-27-paper,paper
1176912709,medium-27,40,5850,True,4.558401109999977,4,0,9.206666666666667,2.0,18,False,False,True,False,False,medium-27-paper,paper
1777465372,medium-27,2001,300000,False,231.50319488099922,3,5,10.96,5.0,18,False,False,True,False,False,medium-27-paper,paper
45047004,medium-27,2001,300000,False,238.14486226000008,3,2,9.333333333333334,2.0,18,False,False,True,False,False,medium-27-paper,paper
906456036,medium-27,2001,300000,False,233.01001992799866,4,2,8.806666666666667,2.0,18,False,False,True,False,False,medium-27-paper,paper
952038986,medium-27,2001,300000,False,240.32617562700034,3,2,9.22,2.0,18,False,False,True,False,False,medium-27-paper,paper
4224955422,medium-27,2001,300000,False,238.43005554600677,3,2,9.026666666666667,2.0,18,False,False,True,False,False,medium-27-paper,paper
3772832900,medium-27,2001,300000,False,235.00986502999876,3,2,8.706666666666667,2.0,18,False,False,True,False,False,medium-27-paper,paper
4162557871,medium-27,255,38100,True,30.473372095999366,4,0,7.3933333333333335,2.0,18,False,False,True,False,False,medium-27-paper,paper
3010194696,medium-27,2001,300000,False,237.80169390399533,3,2,6.6866666666666665,2.0,18,False,False,True,False,False,medium-27-paper,paper
2198559462,medium-27,2001,300000,False,228.0301619469974,3,2,9.02,2.0,18,False,False,True,False,False,medium-27-paper,paper
34107868,medium-27,2001,300000,False,229.25916806299938,3,4,9.933333333333334,4.0,18,False,False,True,False,False,medium-27-paper,paper
1659373067,medium-27,2001,300000,False,206.46560915800364,3,5,11.38,5.0,18,False,False,True,False,False,medium-27-paper,paper
3999966297,medium-27,2001,300000,False,197.21757861600054,3,2,8.606666666666667,2.0,18,False,False,True,False,False,medium-27-paper,paper
3501394679,medium-27,2001,300000,False,191.48995929500234,3,2,7.633333333333334,2.0,18,False,False,True,False,False,medium-27-paper,paper
3193871891,medium-27,2001,300000,False,198.67556271600188,3,2,7.506666666666667,2.0,18,False,False,True,False,False,medium-27-paper,paper
3886404040,medium-27,2001,300000,False,190.7211712979988,3,2,8.14,2.0,18,False,False,True,False,False,medium-27-paper,paper
1022609792,medium-27,2001,300000,False,194.03051943000173,3,2,8.066666666666666,2.0,18,False,False,True,False,False,medium-27-paper,paper
2778046070,medium-27,2001,300000,False,186.33242296900426,3,2,7.42,2.0,18,False,False,True,False,False,medium-27-paper,paper
2625360392,medium-27,2001,300000,False,185.7456497969979,3,2,7.3,2.0,18,False,False,True,False,False,medium-27-paper,paper
1273947043,medium-27,2001,300000,False,180.68165387400222,3,5,11.706666666666667,17.0,18,False,False,True,False,False,medium-27-paper,paper
1282873427,medium-27,2001,300000,False,179.1055694730021,3,3,8.786666666666667,3.0,18,False,False,True,False,False,medium-27-paper,paper
862288241,medium-27,6,750,True,0.5735280139997485,13,0,10.26,7.0,18,True,True,False,True,True,medium-27-modified,modified
2705014006,medium-27,7,900,True,0.6904920619999757,12,0,10.0,7.0,18,True,True,False,True,True,medium-27-modified,modified
2046530742,medium-27,8,1050,True,0.8058652600011555,12,0,10.44,7.0,18,True,True,False,True,True,medium-27-modified,modified
3957024168,medium-27,8,1050,True,0.8050045729978592,10,0,11.06,8.0,18,True,True,False,True,True,medium-27-modified,modified
3915829765,medium-27,8,1050,True,0.8240898219955852,12,0,10.113333333333333,6.0,18,True,True,False,True,True,medium-27-modified,modified
3581440988,medium-27,8,1050,True,0.8421185560000595,13,0,11.213333333333333,8.0,18,True,True,False,True,True,medium-27-modified,modified
2669555309,medium-27,9,1200,True,0.9277285159987514,11,0,9.3,5.0,18,True,True,False,True,True,medium-27-modified,modified
3444837047,medium-27,9,1200,True,0.9667343809996964,11,0,9.493333333333334,6.0,18,True,True,False,True,True,medium-27-modified,modified
1691623607,medium-27,11,1500,True,1.1516182179984753,11,0,8.346666666666666,5.0,18,True,True,False,True,True,medium-27-modified,modified
2170464109,medium-27,11,1500,True,1.1725711499966565,11,0,9.386666666666667,6.0,18,True,True,False,True,True,medium-27-modified,modified
1184028159,medium-27,12,1650,True,1.2866440569996485,11,0,8.686666666666667,6.0,18,True,True,False,True,True,medium-27-modified,modified
2468990893,medium-27,12,1650,True,1.3169626079979935,9,0,9.433333333333334,6.0,18,True,True,False,True,True,medium-27-modified,modified
2099784219,medium-27,13,1800,True,1.4606783689960139,12,0,8.666666666666666,6.0,18,True,True,False,True,True,medium-27-modified,modified
2128606514,medium-27,11,1500,True,1.1547365819933475,11,0,9.746666666666666,6.0,18,True,True,False,True,True,medium-27-modified,modified
1741519417,medium-27,10,1350,True,1.07342635999521,13,0,8.98,6.0,18,True,True,False,True,True,medium-27-modified,modified
3657378459,medium-27,9,1200,True,0.9302486949964077,12,0,9.906666666666666,6.0,18,True,True,False,True,True,medium-27-modified,modified
2422051390,medium-27,9,1200,True,0.961681408000004,13,0,11.113333333333333,8.0,18,True,True,False,True,True,medium-27-modified,modified
4178181242,medium-27,11,1500,True,1.1801229830016382,12,0,8.893333333333333,6.0,18,True,True,False,True,True,medium-27-modified,modified
2996663166,medium-27,12,1650,True,1.2536178529990138,13,0,8.88,6.0,18,True,True,False,True,True,medium-27-modified,modified
2218688234,medium-27,9,1200,True,0.9004439339987584,12,0,10.4,7.0,18,True,True,False,True,True,medium-27-modified,modified
563021890,medium-27,12,1650,True,1.2948592629982159,12,0,9.74,6.0,18,True,True,False,True,True,medium-27-modified,modified
1333843299,medium-27,19,2700,True,2.1603797800053144,9,0,8.78,6.0,18,True,True,False,True,True,medium-27-modified,modified
3560217815,medium-27,9,1200,True,0.9079349579988047,13,0,8.34,5.0,18,True,True,False,True,True,medium-27-modified,modified
3310747494,medium-27,9,1200,True,0.9445816280058352,10,0,10.826666666666666,9.0,18,True,True,False,True,True,medium-27-modified,modified
3928734150,medium-27,11,1500,True,1.173697512000217,13,0,10.126666666666667,7.0,18,True,True,False,True,True,medium-27-modified,modified
110273505,medium-27,7,900,True,0.7287539159951848,11,0,11.24,8.0,18,True,True,False,True,True,medium-27-modified,modified
348619172,medium-27,8,1050,True,0.8314250279945554,14,0,8.46,5.0,18,True,True,False,True,True,medium-27-modified,modified
2436567560,medium-27,16,2250,True,1.8115217489976203,9,0,8.306666666666667,5.0,18,True,True,False,True,True,medium-27-modified,modified
4206876380,medium-27,7,900,True,0.7009951009968063,11,0,10.466666666666667,7.0,18,True,True,False,True,True,medium-27-modified,modified
1695213383,medium-27,8,1050,True,0.8311492889988585,11,0,10.993333333333334,8.0,18,True,True,False,True,True,medium-27-modified,modified
2836725664,medium-27,10,1350,True,1.114305549999699,11,0,8.653333333333334,5.0,18,True,True,False,True,True,medium-27-modified,modified
1627962091,medium-27,10,1350,True,1.1004091880022315,11,0,8.926666666666666,6.0,18,True,True,False,True,True,medium-27-modified,modified
1255089826,medium-27,11,1500,True,1.387161457001639,13,0,9.653333333333334,6.0,18,True,True,False,True,True,medium-27-modified,modified
1727344081,medium-27,10,1350,True,1.1482525449973764,12,0,9.253333333333334,6.0,18,True,True,False,True,True,medium-27-modified,modified
2657689626,medium-27,12,1650,True,1.4338346849981463,11,0,8.673333333333334,6.0,18,True,True,False,True,True,medium-27-modified,modified
408731928,medium-27,15,2100,True,1.8084869430022081,10,0,8.72,5.0,18,True,True,False,True,True,medium-27-modified,modified
1245605034,medium-27,9,1200,True,1.0627843070033123,13,0,9.446666666666667,6.0,18,True,True,False,True,True,medium-27-modified,modified
3077688642,medium-27,12,1650,True,1.3682462469951133,10,0,9.0,6.0,18,True,True,False,True,True,medium-27-modified,modified
2571176866,medium-27,9,1200,True,1.036740653005836,12,0,9.573333333333334,6.0,18,True,True,False,True,True,medium-27-modified,modified
1164341515,medium-27,12,1650,True,1.4511220760032302,11,0,10.253333333333334,6.5,18,True,True,False,True,True,medium-27-modified,modified
3549786358,medium-27,8,1050,True,0.8796098730017547,11,0,9.766666666666667,6.0,18,True,True,False,True,True,medium-27-modified,modified
2245842095,medium-27,8,1050,True,0.8638222500012489,11,0,10.84,7.5,18,True,True,False,True,True,medium-27-modified,modified
4040197091,medium-27,11,1500,True,1.284827043004043,11,0,10.626666666666667,7.0,18,True,True,False,True,True,medium-27-modified,modified
2493935339,medium-27,23,3300,True,2.70061493000685,10,0,8.233333333333333,5.0,18,True,True,False,True,True,medium-27-modified,modified
4066352818,medium-27,10,1350,True,1.1247496610012604,10,0,8.826666666666666,5.5,18,True,True,False,True,True,medium-27-modified,modified
3132050763,medium-27,8,1050,True,0.8405980889947386,12,0,9.32,6.0,18,True,True,False,True,True,medium-27-modified,modified
1493011086,medium-27,9,1200,True,0.9753657749970444,12,0,9.5,6.0,18,True,True,False,True,True,medium-27-modified,modified
2886620867,medium-27,11,1500,True,1.2200743400026113,13,0,10.02,7.0,18,True,True,False,True,True,medium-27-modified,modified
3097084020,medium-27,8,1050,True,0.8364062260006904,11,0,9.333333333333334,6.0,18,True,True,False,True,True,medium-27-modified,modified
3576043346,medium-27,14,1950,True,1.5673234700007015,10,0,8.066666666666666,5.0,18,True,True,False,True,True,medium-27-modified,modified
3168783890,medium-27,17,2400,True,2.0418351980042644,12,0,8.806666666666667,6.0,18,True,True,False,True,True,medium-27-modified,modified
666288517,medium-27,11,1500,True,1.1947193890009657,11,0,9.78,6.0,18,True,True,False,True,True,medium-27-modified,modified
1297446070,medium-27,14,1950,True,1.5062802690008539,13,0,9.513333333333334,6.0,18,True,True,False,True,True,medium-27-modified,modified
3945348426,medium-27,13,1800,True,1.4639999460050603,11,0,9.26,6.0,18,True,True,False,True,True,medium-27-modified,modified
509847863,medium-27,11,1500,True,1.2101255050001782,12,0,8.98,6.0,18,True,True,False,True,True,medium-27-modified,modified
3707891570,medium-27,7,900,True,0.7161742400057847,14,0,11.213333333333333,8.5,18,True,True,False,True,True,medium-27-modified,modified
1386174930,medium-27,11,1500,True,1.1416056609959924,11,0,10.473333333333333,7.5,18,True,True,False,True,True,medium-27-modified,modified
3489956201,medium-27,8,1050,True,0.7982012790016597,12,0,10.866666666666667,7.0,18,True,True,False,True,True,medium-27-modified,modified
625964716,medium-27,7,900,True,0.6815763970007538,13,0,10.926666666666666,8.0,18,True,True,False,True,True,medium-27-modified,modified
743359466,medium-27,6,750,True,0.5623674490052508,13,0,11.166666666666666,8.5,18,True,True,False,True,True,medium-27-modified,modified
1812556602,medium-27,14,1950,True,1.5090857519971905,13,0,9.94,6.0,18,True,True,False,True,True,medium-27-modified,modified
2879732968,medium-27,8,1050,True,0.7850071009961539,11,0,10.42,7.0,18,True,True,False,True,True,medium-27-modified,modified
997242548,medium-27,13,1800,True,1.4160998160004965,11,0,9.053333333333333,6.0,18,True,True,False,True,True,medium-27-modified,modified
2681697076,medium-27,17,2400,True,1.9104832310040365,11,0,9.193333333333333,6.0,18,True,True,False,True,True,medium-27-modified,modified
781950879,medium-27,25,3600,True,3.031191817004583,10,0,8.22,5.0,18,True,True,False,True,True,medium-27-modified,modified
1655317465,medium-27,10,1350,True,1.0482467359979637,12,0,9.22,6.0,18,True,True,False,True,True,medium-27-modified,modified
3738036910,medium-27,9,1200,True,0.9124020849994849,12,0,10.1,6.0,18,True,True,False,True,True,medium-27-modified,modified
1893690812,medium-27,16,2250,True,1.7271090400026878,11,0,8.813333333333333,5.0,18,True,True,False,True,True,medium-27-modified,modified
2082531011,medium-27,9,1200,True,0.9076028569979826,11,0,9.026666666666667,6.0,18,True,True,False,True,True,medium-27-modified,modified
2365913703,medium-27,7,900,True,0.6918451829988044,11,0,10.946666666666667,8.0,18,True,True,False,True,True,medium-27-modified,modified
45047004,medium-27,7,900,True,0.70104798200191,11,0,10.86,8.0,18,True,True,False,True,True,medium-27-modified,modified
3043669598,medium-27,17,2400,True,1.8426179770031013,10,0,8.413333333333334,5.0,18,True,True,False,True,True,medium-27-modified,modified
3779610235,medium-27,12,1650,True,1.288509594000061,11,0,8.32,6.0,18,True,True,False,True,True,medium-27-modified,modified
1314933732,medium-27,10,1350,True,1.0284558470011689,12,0,8.273333333333333,5.0,18,True,True,False,True,True,medium-27-modified,modified
943300948,medium-27,12,1650,True,1.3074112519971095,11,0,9.413333333333334,6.0,18,True,True,False,True,True,medium-27-modified,modified
1777465372,medium-27,9,1200,True,0.9087791119964095,12,0,9.24,6.0,18,True,True,False,True,True,medium-27-modified,modified
1854712129,medium-27,13,1800,True,1.354219032000401,13,0,8.7,6.0,18,True,True,False,True,True,medium-27-modified,modified
1747512124,medium-27,13,1800,True,1.4417040699991048,11,0,8.993333333333334,5.5,18,True,True,False,True,True,medium-27-modified,modified
3047621524,medium-27,13,1800,True,1.440023798000766,11,0,9.053333333333333,6.0,18,True,True,False,True,True,medium-27-modified,modified
906456036,medium-27,10,1350,True,1.0374212349997833,11,0,8.946666666666667,5.0,18,True,True,False,True,True,medium-27-modified,modified
3772832900,medium-27,9,1200,True,0.9111958930006949,10,0,9.626666666666667,6.0,18,True,True,False,True,True,medium-27-modified,modified
4224955422,medium-27,10,1350,True,1.0143901199990069,10,0,9.533333333333333,6.0,18,True,True,False,True,True,medium-27-modified,modified
952038986,medium-27,14,1950,True,1.5576954810021562,11,0,9.106666666666667,6.0,18,True,True,False,True,True,medium-27-modified,modified
2139286705,medium-27,9,1200,True,0.9209676799946465,12,0,9.486666666666666,6.0,18,True,True,False,True,True,medium-27-modified,modified
1659373067,medium-27,8,1050,True,0.8378745119989617,14,0,9.98,7.0,18,True,True,False,True,True,medium-27-modified,modified
3010194696,medium-27,10,1350,True,1.0493383680004627,10,0,10.26,7.0,18,True,True,False,True,True,medium-27-modified,modified
34107868,medium-27,9,1200,True,0.9397763110027881,11,0,10.606666666666667,7.0,18,True,True,False,True,True,medium-27-modified,modified
3999966297,medium-27,9,1200,True,0.9487052629992831,12,0,10.5,7.0,18,True,True,False,True,True,medium-27-modified,modified
3667054561,medium-27,15,2100,True,1.6557527340046363,11,0,8.773333333333333,6.0,18,True,True,False,True,True,medium-27-modified,modified
3501394679,medium-27,11,1500,True,1.118124827000429,11,0,9.36,6.0,18,True,True,False,True,True,medium-27-modified,modified
3193871891,medium-27,12,1650,True,1.1759426220014575,12,0,8.706666666666667,6.0,18,True,True,False,True,True,medium-27-modified,modified
3886404040,medium-27,8,1050,True,0.7227389870022307,13,0,9.733333333333333,7.0,18,True,True,False,True,True,medium-27-modified,modified
4162557871,medium-27,8,1050,True,0.6768524559956859,13,0,10.153333333333334,7.0,18,True,True,False,True,True,medium-27-modified,modified
2198559462,medium-27,14,1950,True,1.4503043310032808,10,0,8.946666666666667,5.0,18,True,True,False,True,True,medium-27-modified,modified
2625360392,medium-27,8,1050,True,0.6458742760005407,11,0,9.473333333333333,6.0,18,True,True,False,True,True,medium-27-modified,modified
1176912709,medium-27,13,1800,True,1.2492239750063163,10,0,9.153333333333334,6.0,18,True,True,False,True,True,medium-27-modified,modified
1022609792,medium-27,13,1800,True,1.2080755280039739,12,0,9.633333333333333,6.0,18,True,True,False,True,True,medium-27-modified,modified
1273947043,medium-27,9,1200,True,0.7276098219954292,12,0,8.3,5.5,18,True,True,False,True,True,medium-27-modified,modified
2778046070,medium-27,11,1500,True,0.9083442069968442,11,0,9.993333333333334,6.0,18,True,True,False,True,True,medium-27-modified,modified
1282873427,medium-27,11,1500,True,0.8065438060002634,11,0,9.133333333333333,6.0,18,True,True,False,True,True,medium-27-modified,modified
1691623607,medium-29,23,3300,True,2.5601428110021516,5,0,7.22,3.0,18,False,False,True,False,False,medium-29-paper,paper
2669555309,medium-29,57,8400,True,6.558210074996168,4,0,8.12,2.0,18,False,False,True,False,False,medium-29-paper,paper
1184028159,medium-29,2001,300000,False,233.6451973680014,3,4,11.16,17.0,18,False,False,True,False,False,medium-29-paper,paper
1333843299,medium-29,2001,300000,False,235.0685994700034,3,4,10.226666666666667,4.0,18,False,False,True,False,False,medium-29-paper,paper
3444837047,medium-29,2001,300000,False,236.7070824179973,3,2,7.526666666666666,2.0,18,False,False,True,False,False,medium-29-paper,paper
2046530742,medium-29,2001,300000,False,237.3206471569938,3,2,6.773333333333333,2.0,18,False,False,True,False,False,medium-29-paper,paper
2705014006,medium-29,2001,300000,False,237.96588269099448,3,4,10.513333333333334,4.0,18,False,False,True,False,False,medium-29-paper,paper
3957024168,medium-29,2001,300000,False,239.12933480699576,3,2,8.586666666666666,2.0,18,False,False,True,False,False,medium-29-paper,paper
3915829765,medium-29,2001,300000,False,239.75104868599738,3,2,8.68,2.0,18,False,False,True,False,False,medium-29-paper,paper
2468990893,medium-29,2001,300000,False,239.8954672740001,3,2,8.786666666666667,2.0,18,False,False,True,False,False,medium-29-paper,paper
3581440988,medium-29,2001,300000,False,240.58752337800252,3,2,7.726666666666667,2.0,18,False,False,True,False,False,medium-29-paper,paper
2099784219,medium-29,2001,300000,False,241.90335490500001,3,2,8.366666666666667,2.0,18,False,False,True,False,False,medium-29-paper,paper
2128606514,medium-29,2001,300000,False,239.7108122089994,3,4,11.046666666666667,17.0,18,False,False,True,False,False,medium-29-paper,paper
862288241,medium-29,2001,300000,False,244.5068264770016,3,2,6.986666666666666,2.0,18,False,False,True,False,False,medium-29-paper,paper
3560217815,medium-29,37,5400,True,4.358786698001495,6,0,8.02,4.0,18,False,False,True,False,False,medium-29-paper,paper
2170464109,medium-29,2001,300000,False,245.4470442469974,3,4,10.233333333333333,4.0,18,False,False,True,False,False,medium-29-paper,paper
1741519417,medium-29,2001,300000,False,241.0933332420027,3,2,9.24,2.0,18,False,False,True,False,False,medium-29-paper,paper
2218688234,medium-29,139,20700,True,16.765703352000855,4,0,7.873333333333333,2.0,18,False,False,True,False,False,medium-29-paper,paper
110273505,medium-29,119,17700,True,14.668577534997894,5,0,8.233333333333333,2.0,18,False,False,True,False,False,medium-29-paper,paper
4178181242,medium-29,562,84150,True,65.52485157400224,4,0,8.553333333333333,2.0,18,False,False,True,False,False,medium-29-paper,paper
2996663166,medium-29,2001,300000,False,232.6562680709976,3,2,8.273333333333333,2.0,18,False,False,True,False,False,medium-29-paper,paper
3657378459,medium-29,2001,300000,False,232.9287370969978,3,2,7.513333333333334,2.0,18,False,False,True,False,False,medium-29-paper,paper
2493935339,medium-29,2001,300000,False,230.8247780840029,3,2,8.473333333333333,2.0,18,False,False,True,False,False,medium-29-paper,paper
2436567560,medium-29,2001,300000,False,235.68616710400238,3,2,6.986666666666666,2.0,18,False,False,True,False,False,medium-29-paper,paper
2422051390,medium-29,2001,300000,False,238.35853313600091,3,4,11.073333333333334,17.0,18,False,False,True,False,False,medium-29-paper,paper
563021890,medium-29,2001,300000,False,241.71792652899603,3,6,12.126666666666667,17.0,18,False,False,True,False,False,medium-29-paper,paper
3310747494,medium-29,2001,300000,False,238.23577274700074,2,2,7.653333333333333,2.0,18,False,False,True,False,False,medium-29-paper,paper
348619172,medium-29,2001,300000,False,236.0262728480011,3,2,8.266666666666667,2.0,18,False,False,True,False,False,medium-29-paper,paper
3928734150,medium-29,2001,300000,False,242.24032043500483,3,4,9.593333333333334,4.0,18,False,False,True,False,False,medium-29-paper,paper
408731928,medium-29,2001,300000,False,239.21947795800224,3,4,10.206666666666667,4.0,18,False,False,True,False,False,medium-29-paper,paper
3168783890,medium-29,33,4800,True,3.7868804530007765,5,0,9.646666666666667,3.0,18,False,False,True,False,False,medium-29-paper,paper
1255089826,medium-29,2001,300000,False,243.56055362700135,3,2,9.006666666666666,2.0,18,False,False,True,False,False,medium-29-paper,paper
2836725664,medium-29,2001,300000,False,240.0025347030023,3,2,8.486666666666666,2.0,18,False,False,True,False,False,medium-29-paper,paper
1627962091,medium-29,2001,300000,False,241.88808827700268,4,4,10.58,4.0,18,False,False,True,False,False,medium-29-paper,paper
2657689626,medium-29,1751,262500,True,205.17847674000222,4,0,8.32,2.0,18,False,False,True,False,False,medium-29-paper,paper
1297446070,medium-29,374,55950,True,44.05717437199928,4,0,8.54,2.0,18,False,False,True,False,False,medium-29-paper,paper
1695213383,medium-29,2001,300000,False,236.8404597580011,4,4,9.926666666666666,4.0,18,False,False,True,False,False,medium-29-paper,paper
1727344081,medium-29,2001,300000,False,235.87182921399653,3,2,8.36,2.0,18,False,False,True,False,False,medium-29-paper,paper
1164341515,medium-29,2001,300000,False,231.6732878279945,4,2,8.353333333333333,2.0,18,False,False,True,False,False,medium-29-paper,paper
4206876380,medium-29,2001,300000,False,236.79035705099523,2,2,7.866666666666666,2.0,18,False,False,True,False,False,medium-29-paper,paper
1245605034,medium-29,2001,300000,False,238.92345506200218,3,2,8.7,2.0,18,False,False,True,False,False,medium-29-paper,paper
3077688642,medium-29,2001,300000,False,243.2290140719997,4,2,7.506666666666667,2.0,18,False,False,True,False,False,medium-29-paper,paper
2571176866,medium-29,2001,300000,False,238.2305886469985,3,4,11.633333333333333,18.0,18,False,False,True,False,False,medium-29-paper,paper
4040197091,medium-29,2001,300000,False,239.74941721500363,3,2,8.28,2.0,18,False,False,True,False,False,medium-29-paper,paper
781950879,medium-29,2001,300000,False,239.3036548780001,3,2,6.766666666666667,2.0,18,False,False,True,False,False,medium-29-paper,paper
3549786358,medium-29,2001,300000,False,240.92110739400232,3,4,11.426666666666666,17.0,18,False,False,True,False,False,medium-29-paper,paper
2245842095,medium-29,2001,300000,False,240.23576286399475,3,2,8.593333333333334,2.0,18,False,False,True,False,False,medium-29-paper,paper
3576043346,medium-29,2001,300000,False,237.85996464300115,3,2,9.74,2.0,18,False,False,True,False,False,medium-29-paper,paper
4066352818,medium-29,2001,300000,False,245.47403735900298,3,4,9.68,4.0,18,False,False,True,False,False,medium-29-paper,paper
3489956201,medium-29,34,4950,True,3.9753981760004535,4,0,9.313333333333333,2.0,18,False,False,True,False,False,medium-29-paper,paper
3707891570,medium-29,68,10050,True,8.196485934997327,4,0,9.093333333333334,2.0,18,False,False,True,False,False,medium-29-paper,paper
1493011086,medium-29,2001,300000,False,230.96591945700493,3,2,9.56,2.0,18,False,False,True,False,False,medium-29-paper,paper
2886620867,medium-29,2001,300000,False,244.15380385799654,3,6,12.04,17.0,18,False,False,True,False,False,medium-29-paper,paper
3945348426,medium-29,2001,300000,False,243.70136095199996,3,4,10.06,4.0,18,False,False,True,False,False,medium-29-paper,paper
3132050763,medium-29,2001,300000,False,246.3824688589957,3,6,11.393333333333333,6.0,18,False,False,True,False,False,medium-29-paper,paper
666288517,medium-29,2001,300000,False,246.51089491000312,3,4,10.88,4.0,18,False,False,True,False,False,medium-29-paper,paper
3097084020,medium-29,2001,300000,False,240.17248243200447,3,2,9.34,2.0,18,False,False,True,False,False,medium-29-paper,paper
3779610235,medium-29,40,5850,True,4.852215417995467,5,0,9.073333333333334,2.0,18,False,False,True,False,False,medium-29-paper,paper
2681697076,medium-29,2001,300000,False,243.40688849399885,3,2,9.533333333333333,2.0,18,False,False,True,False,False,medium-29-paper,paper
1812556602,medium-29,2001,300000,False,242.85793636800372,3,2,9.313333333333333,2.0,18,False,False,True,False,False,medium-29-paper,paper
3047621524,medium-29,15,2100,True,1.682961845996033,7,0,9.166666666666666,5.0,18,False,False,True,False,False,medium-29-paper,paper
1386174930,medium-29,2001,300000,False,243.57520434499747,3,2,7.753333333333333,2.0,18,False,False,True,False,False,medium-29-paper,paper
509847863,medium-29,2001,300000,False,251.13962377899588,3,4,10.96,10.5,18,False,False,True,False,False,medium-29-paper,paper
997242548,medium-29,2001,300000,False,242.81798205499945,3,2,7.52,2.0,18,False,False,True,False,False,medium-29-paper,paper
1893690812,medium-29,2001,300000,False,248.42809766899882,3,2,8.28,2.0,18,False,False,True,False,False,medium-29-paper,paper
625964716,medium-29,2001,300000,False,243.39596761000575,3,2,8.6,2.0,18,False,False,True,False,False,medium-29-paper,paper
3043669598,medium-29,2001,300000,False,248.7508489949978,4,2,7.74,2.0,18,False,False,True,False,False,medium-29-paper,paper
1655317465,medium-29,2001,300000,False,242.6185152330072,3,2,7.8533333333333335,2.0,18,False,False,True,False,False,medium-29-paper,paper
2879732968,medium-29,2001,300000,False,241.81341833099577,3,2,7.933333333333334,2.0,18,False,False,True,False,False,medium-29-paper,paper
3738036910,medium-29,2001,300000,False,248.68845808499464,3,2,9.02,2.0,18,False,False,True,False,False,medium-29-paper,paper
743359466,medium-29,2001,300000,False,254.15367053099908,3,4,10.873333333333333,4.0,18,False,False,True,False,False,medium-29-paper,paper
1747512124,medium-29,2001,300000,False,244.90235924899753,3,2,8.38,2.0,18,False,False,True,False,False,medium-29-paper,paper
943300948,medium-29,2001,300000,False,249.6363053909954,3,2,9.106666666666667,2.0,18,False,False,True,False,False,medium-29-paper,paper
2082531011,medium-29,2001,300000,False,249.26289848099987,4,2,8.793333333333333,2.0,18,False,False,True,False,False,medium-29-paper,paper
1854712129,medium-29,2001,300000,False,249.78577221599699,3,2,8.16,2.0,18,False,False,True,False,False,medium-29-paper,paper
2365913703,medium-29,2001,300000,False,248.1661435959977,4,2,8.266666666666667,2.0,18,False,False,True,False,False,medium-29-paper,paper
1314933732,medium-29,2001,300000,False,252.35135153799638,3,2,7.846666666666667,2.0,18,False,False,True,False,False,medium-29-paper,paper
45047004,medium-29,2001,300000,False,251.0558421589958,3,2,9.233333333333333,2.0,18,False,False,True,False,False,medium-29-paper,paper
1777465372,medium-29,2001,300000,False,253.04916216299898,3,2,9.113333333333333,2.0,18,False,False,True,False,False,medium-29-paper,paper
952038986,medium-29,2001,300000,False,249.07027440099773,4,2,8.373333333333333,2.0,18,False,False,True,False,False,medium-29-paper,paper
906456036,medium-29,2001,300000,False,252.8885060879984,4,4,10.48,4.0,18,False,False,True,False,False,medium-29-paper,paper
3667054561,medium-29,2001,300000,False,239.97888920499827,2,2,7.333333333333333,2.0,18,False,False,True,False,False,medium-29-paper,paper
4224955422,medium-29,1444,216450,True,172.4430519200032,4,0,10.146666666666667,17.0,18,False,False,True,False,False,medium-29-paper,paper
2778046070,medium-29,77,11400,True,9.03318732999469,4,0,7.26,2.0,18,False,False,True,False,False,medium-29-paper,paper
3772832900,medium-29,2001,300000,False,246.3470069200048,3,2,9.026666666666667,2.0,18,False,False,True,False,False,medium-29-paper,paper
2139286705,medium-29,2001,300000,False,243.90738544499618,3,2,9.0,2.0,18,False,False,True,False,False,medium-29-paper,paper
2198559462,medium-29,2001,300000,False,244.07035223599814,3,2,7.946666666666666,2.0,18,False,False,True,False,False,medium-29-paper,paper
3010194696,medium-29,2001,300000,False,252.44534106700303,3,4,10.78,4.0,18,False,False,True,False,False,medium-29-paper,paper
1659373067,medium-29,2001,300000,False,246.10230035399582,4,2,9.313333333333333,2.0,18,False,False,True,False,False,medium-29-paper,paper
34107868,medium-29,2001,300000,False,251.08496460299648,3,2,8.266666666666667,2.0,18,False,False,True,False,False,medium-29-paper,paper
3193871891,medium-29,2001,300000,False,246.12844458600011,3,2,9.953333333333333,9.5,18,False,False,True,False,False,medium-29-paper,paper
3999966297,medium-29,2001,300000,False,248.17680770999868,4,2,8.78,2.0,18,False,False,True,False,False,medium-29-paper,paper
3501394679,medium-29,2001,300000,False,250.2078836380024,3,2,9.0,2.0,18,False,False,True,False,False,medium-29-paper,paper
1176912709,medium-29,2001,300000,False,247.00137582599564,3,2,8.56,2.0,18,False,False,True,False,False,medium-29-paper,paper
1022609792,medium-29,2001,300000,False,243.01989515099558,3,2,9.766666666666667,2.0,18,False,False,True,False,False,medium-29-paper,paper
3886404040,medium-29,2001,300000,False,239.41802838700096,4,6,12.933333333333334,18.0,18,False,False,True,False,False,medium-29-paper,paper
4162557871,medium-29,2001,300000,False,230.58123164000426,3,2,8.366666666666667,2.0,18,False,False,True,False,False,medium-29-paper,paper
2625360392,medium-29,2001,300000,False,176.39081625699328,4,4,11.353333333333333,18.0,18,False,False,True,False,False,medium-29-paper,paper
1273947043,medium-29,2001,300000,False,134.09832648000156,4,2,8.56,2.0,18,False,False,True,False,False,medium-29-paper,paper
1282873427,medium-29,2001,300000,False,133.5732018750059,3,2,9.96,9.5,18,False,False,True,False,False,medium-29-paper,paper
2705014006,medium-29,10,1350,True,1.0328098019963363,12,0,10.613333333333333,7.0,18,True,True,False,True,True,medium-29-modified,modified
862288241,medium-29,10,1350,True,1.095572655001888,12,0,9.966666666666667,6.5,18,True,True,False,True,True,medium-29-modified,modified
1691623607,medium-29,11,1500,True,1.1841203770018183,10,0,9.346666666666666,6.0,18,True,True,False,True,True,medium-29-modified,modified
1333843299,medium-29,12,1650,True,1.3227054360031616,12,0,8.513333333333334,5.0,18,True,True,False,True,True,medium-29-modified,modified
2099784219,medium-29,14,1950,True,1.5940308310018736,9,0,9.2,6.0,18,True,True,False,True,True,medium-29-modified,modified
3581440988,medium-29,14,1950,True,1.6127449919949868,11,0,9.933333333333334,6.0,18,True,True,False,True,True,medium-29-modified,modified
3444837047,medium-29,15,2100,True,1.6736749529954977,13,0,9.493333333333334,6.0,18,True,True,False,True,True,medium-29-modified,modified
2046530742,medium-29,15,2100,True,1.6898901360036689,12,0,8.9,6.0,18,True,True,False,True,True,medium-29-modified,modified
1184028159,medium-29,15,2100,True,1.7070323640000424,11,0,8.48,5.0,18,True,True,False,True,True,medium-29-modified,modified
2128606514,medium-29,10,1350,True,1.0593006779963616,10,0,10.926666666666666,7.5,18,True,True,False,True,True,medium-29-modified,modified
2996663166,medium-29,9,1200,True,0.960743518997333,14,0,9.433333333333334,6.0,18,True,True,False,True,True,medium-29-modified,modified
2669555309,medium-29,20,2850,True,2.3558848239990766,11,0,9.0,6.0,18,True,True,False,True,True,medium-29-modified,modified
1741519417,medium-29,12,1650,True,1.3341179859999102,11,0,8.306666666666667,5.0,18,True,True,False,True,True,medium-29-modified,modified
3957024168,medium-29,21,3000,True,2.4296895130028133,12,0,8.586666666666666,5.0,18,True,True,False,True,True,medium-29-modified,modified
2422051390,medium-29,10,1350,True,1.0699701129997266,11,0,9.333333333333334,5.0,18,True,True,False,True,True,medium-29-modified,modified
2436567560,medium-29,11,1500,True,1.1305490000013378,11,0,8.786666666666667,6.0,18,True,True,False,True,True,medium-29-modified,modified
2218688234,medium-29,8,1050,True,0.8235730279993732,11,0,10.466666666666667,7.0,18,True,True,False,True,True,medium-29-modified,modified
563021890,medium-29,14,1950,True,1.587401658995077,10,0,8.993333333333334,5.0,18,True,True,False,True,True,medium-29-modified,modified
2468990893,medium-29,29,4200,True,3.421239830000559,12,0,7.693333333333333,5.0,18,True,True,False,True,True,medium-29-modified,modified
3928734150,medium-29,16,2250,True,1.8124663659982616,10,0,9.72,6.0,18,True,True,False,True,True,medium-29-modified,modified
348619172,medium-29,10,1350,True,1.0239004329996533,11,0,9.093333333333334,6.0,18,True,True,False,True,True,medium-29-modified,modified
3310747494,medium-29,14,1950,True,1.572760973998811,10,0,8.826666666666666,6.0,18,True,True,False,True,True,medium-29-modified,modified
1255089826,medium-29,11,1500,True,1.1380910930020036,11,0,9.753333333333334,6.0,18,True,True,False,True,True,medium-29-modified,modified
3560217815,medium-29,17,2400,True,1.9484030090025044,11,0,9.086666666666666,5.0,18,True,True,False,True,True,medium-29-modified,modified
2170464109,medium-29,34,4950,True,4.175471686001401,11,0,8.62,5.0,18,True,True,False,True,True,medium-29-modified,modified
1627962091,medium-29,8,1050,True,0.7996499959990615,10,0,11.14,8.0,18,True,True,False,True,True,medium-29-modified,modified
110273505,medium-29,15,2100,True,1.6998761750000995,9,0,8.28,5.0,18,True,True,False,True,True,medium-29-modified,modified
1695213383,medium-29,8,1050,True,0.8353363429996534,11,0,10.54,7.0,18,True,True,False,True,True,medium-29-modified,modified
2836725664,medium-29,13,1800,True,1.4819777220036485,11,0,9.22,6.0,18,True,True,False,True,True,medium-29-modified,modified
2657689626,medium-29,11,1500,True,1.2292000870002084,11,0,10.76,7.0,18,True,True,False,True,True,medium-29-modified,modified
4178181242,medium-29,29,4200,True,3.565292177001538,11,0,7.906666666666666,5.0,18,True,True,False,True,True,medium-29-modified,modified
3077688642,medium-29,11,1500,True,1.2113946610043058,13,0,9.86,6.0,18,True,True,False,True,True,medium-29-modified,modified
4040197091,medium-29,8,1050,True,0.8236590129963588,12,0,10.353333333333333,7.0,18,True,True,False,True,True,medium-29-modified,modified
3657378459,medium-29,32,4650,True,3.83860098200239,11,0,8.933333333333334,6.0,18,True,True,False,True,True,medium-29-modified,modified
3549786358,medium-29,8,1050,True,0.820484949996171,11,0,9.653333333333334,6.0,18,True,True,False,True,True,medium-29-modified,modified
1164341515,medium-29,16,2250,True,1.826772949003498,12,0,8.106666666666667,5.0,18,True,True,False,True,True,medium-29-modified,modified
1245605034,medium-29,17,2400,True,1.8567755469994154,12,0,8.333333333333334,5.0,18,True,True,False,True,True,medium-29-modified,modified
4066352818,medium-29,8,1050,True,0.8020249530018191,11,0,9.96,7.0,18,True,True,False,True,True,medium-29-modified,modified
1297446070,medium-29,7,900,True,0.7071878849965287,12,0,10.74,8.0,18,True,True,False,True,True,medium-29-modified,modified
2493935339,medium-29,33,4800,True,4.070892889001698,11,0,8.1,5.0,18,True,True,False,True,True,medium-29-modified,modified
3576043346,medium-29,10,1350,True,1.0531892310027615,11,0,8.6,6.0,18,True,True,False,True,True,medium-29-modified,modified
408731928,medium-29,34,4950,True,4.129834881001443,9,0,8.26,5.0,18,True,True,False,True,True,medium-29-modified,modified
3915829765,medium-29,55,8100,True,6.746536088001449,11,0,8.546666666666667,5.0,18,True,True,False,True,True,medium-29-modified,modified
2245842095,medium-29,13,1800,True,1.4691135679968284,14,0,9.78,6.0,18,True,True,False,True,True,medium-29-modified,modified
4206876380,medium-29,25,3600,True,2.92935316600051,9,0,8.246666666666666,5.0,18,True,True,False,True,True,medium-29-modified,modified
1493011086,medium-29,10,1350,True,1.0724222049975651,12,0,11.573333333333334,11.0,18,True,True,False,True,True,medium-29-modified,modified
3132050763,medium-29,9,1200,True,0.9599738359975163,11,0,9.213333333333333,6.0,18,True,True,False,True,True,medium-29-modified,modified
3168783890,medium-29,22,3150,True,2.6422470489997067,11,0,9.14,6.0,18,True,True,False,True,True,medium-29-modified,modified
781950879,medium-29,22,3150,True,2.5706130580001627,10,0,8.333333333333334,5.0,18,True,True,False,True,True,medium-29-modified,modified
2886620867,medium-29,12,1650,True,1.2924855300007039,13,0,9.44,6.0,18,True,True,False,True,True,medium-29-modified,modified
3097084020,medium-29,10,1350,True,1.020968297001673,11,0,9.673333333333334,6.0,18,True,True,False,True,True,medium-29-modified,modified
666288517,medium-29,10,1350,True,1.0827939170048921,12,0,9.833333333333334,6.0,18,True,True,False,True,True,medium-29-modified,modified
2571176866,medium-29,26,3750,True,3.1058692680016975,11,0,8.533333333333333,5.0,18,True,True,False,True,True,medium-29-modified,modified
1812556602,medium-29,10,1350,True,1.093145391998405,10,0,9.32,6.0,18,True,True,False,True,True,medium-29-modified,modified
3489956201,medium-29,7,900,True,0.6723543719999725,12,0,10.766666666666667,7.5,18,True,True,False,True,True,medium-29-modified,modified
2681697076,medium-29,12,1650,True,1.3152595559949987,13,0,8.92,6.0,18,True,True,False,True,True,medium-29-modified,modified
997242548,medium-29,10,1350,True,1.0675074530008715,12,0,10.473333333333333,7.0,18,True,True,False,True,True,medium-29-modified,modified
3945348426,medium-29,15,2100,True,1.7277528889972018,12,0,8.693333333333333,5.0,18,True,True,False,True,True,medium-29-modified,modified
1386174930,medium-29,11,1500,True,1.1993763279970153,12,0,10.4,7.0,18,True,True,False,True,True,medium-29-modified,modified
625964716,medium-29,8,1050,True,0.8266161769934115,12,0,11.446666666666667,10.0,18,True,True,False,True,True,medium-29-modified,modified
1655317465,medium-29,9,1200,True,0.9793119370006025,11,0,9.593333333333334,6.0,18,True,True,False,True,True,medium-29-modified,modified
2879732968,medium-29,9,1200,True,0.9625187369965715,11,0,10.346666666666666,6.0,18,True,True,False,True,True,medium-29-modified,modified
943300948,medium-29,6,750,True,0.5695750189988757,13,0,9.72,6.5,18,True,True,False,True,True,medium-29-modified,modified
743359466,medium-29,8,1050,True,0.8605117920014891,13,0,11.54,14.5,18,True,True,False,True,True,medium-29-modified,modified
3707891570,medium-29,13,1800,True,1.4834855470035109,12,0,9.386666666666667,6.0,18,True,True,False,True,True,medium-29-modified,modified
1747512124,medium-29,10,1350,True,1.1164782069972716,12,0,9.946666666666667,6.0,18,True,True,False,True,True,medium-29-modified,modified
3047621524,medium-29,9,1200,True,0.955559968999296,12,0,10.793333333333333,8.0,18,True,True,False,True,True,medium-29-modified,modified
509847863,medium-29,25,3600,True,2.9361648289996083,12,0,8.453333333333333,5.0,18,True,True,False,True,True,medium-29-modified,modified
1854712129,medium-29,10,1350,True,1.0615602109974134,10,0,10.626666666666667,7.0,18,True,True,False,True,True,medium-29-modified,modified
3779610235,medium-29,14,1950,True,1.6172379970012116,12,0,7.926666666666667,6.0,18,True,True,False,True,True,medium-29-modified,modified
2365913703,medium-29,9,1200,True,0.9783873569977004,13,0,10.38,7.0,18,True,True,False,True,True,medium-29-modified,modified
45047004,medium-29,9,1200,True,1.0071917530003702,12,0,10.866666666666667,8.0,18,True,True,False,True,True,medium-29-modified,modified
1777465372,medium-29,12,1650,True,1.3514455190015724,12,0,8.306666666666667,5.0,18,True,True,False,True,True,medium-29-modified,modified
952038986,medium-29,9,1200,True,0.976200240002072,13,0,9.366666666666667,6.0,18,True,True,False,True,True,medium-29-modified,modified
2082531011,medium-29,18,2550,True,2.085188177996315,12,0,10.68,9.0,18,True,True,False,True,True,medium-29-modified,modified
4224955422,medium-29,8,1050,True,0.8133828540012473,12,0,10.306666666666667,7.0,18,True,True,False,True,True,medium-29-modified,modified
3738036910,medium-29,21,3000,True,2.532044808001956,12,0,9.073333333333334,6.0,18,True,True,False,True,True,medium-29-modified,modified
1314933732,medium-29,18,2550,True,2.1562197559978813,13,0,9.0,6.0,18,True,True,False,True,True,medium-29-modified,modified
3667054561,medium-29,13,1800,True,1.4496771570047713,12,0,9.773333333333333,6.0,18,True,True,False,True,True,medium-29-modified,modified
3043669598,medium-29,32,4650,True,3.765078921998793,10,0,9.82,6.0,18,True,True,False,True,True,medium-29-modified,modified
34107868,medium-29,12,1650,True,1.3476351409990457,12,0,9.013333333333334,6.0,18,True,True,False,True,True,medium-29-modified,modified
3501394679,medium-29,10,1350,True,1.057612866999989,10,0,9.953333333333333,6.0,18,True,True,False,True,True,medium-29-modified,modified
3193871891,medium-29,12,1650,True,1.3294727289976436,12,0,10.026666666666667,7.0,18,True,True,False,True,True,medium-29-modified,modified
1176912709,medium-29,12,1650,True,1.310797433994594,13,0,10.113333333333333,7.0,18,True,True,False,True,True,medium-29-modified,modified
3010194696,medium-29,22,3150,True,2.609652869999991,11,0,8.1,5.0,18,True,True,False,True,True,medium-29-modified,modified
1022609792,medium-29,12,1650,True,1.3197270770033356,11,0,9.92,6.0,18,True,True,False,True,True,medium-29-modified,modified
3886404040,medium-29,9,1200,True,0.9718603899964364,13,0,10.22,7.0,18,True,True,False,True,True,medium-29-modified,modified
3999966297,medium-29,18,2550,True,2.1342253779948805,12,0,8.626666666666667,6.0,18,True,True,False,True,True,medium-29-modified,modified
2778046070,medium-29,11,1500,True,1.1670207069983007,14,0,10.2,7.0,18,True,True,False,True,True,medium-29-modified,modified
1273947043,medium-29,8,1050,True,0.7534389430002193,12,0,11.62,9.0,18,True,True,False,True,True,medium-29-modified,modified
2625360392,medium-29,9,1200,True,0.854738633002853,14,0,11.186666666666667,8.0,18,True,True,False,True,True,medium-29-modified,modified
3772832900,medium-29,31,4500,True,3.563187318002747,9,0,8.853333333333333,6.0,18,True,True,False,True,True,medium-29-modified,modified
4162557871,medium-29,15,2100,True,1.5101329879980767,12,0,8.573333333333334,6.0,18,True,True,False,True,True,medium-29-modified,modified
906456036,medium-29,35,5100,True,4.096196980004606,11,0,8.62,5.0,18,True,True,False,True,True,medium-29-modified,modified
2198559462,medium-29,31,4500,True,3.4435825110049336,10,0,8.44,5.0,18,True,True,False,True,True,medium-29-modified,modified
2139286705,medium-29,38,5550,True,4.1448980499990284,12,0,8.46,5.0,18,True,True,False,True,True,medium-29-modified,modified
1282873427,medium-29,57,8400,True,3.9867669429950183,11,0,7.793333333333333,5.0,18,True,True,False,True,True,medium-29-modified,modified
1727344081,medium-29,240,35850,True,20.50499640199996,9,0,9.26,5.5,18,True,True,False,True,True,medium-29-modified,modified
1893690812,medium-29,392,58650,True,29.166099368005234,10,0,8.053333333333333,5.0,18,True,True,False,True,True,medium-29-modified,modified
1659373067,medium-29,875,131100,True,56.32165685200016,9,0,8.78,5.0,18,True,True,False,True,True,medium-29-modified,modified
2099784219,hard-77,2001,300000,False,233.00646030499774,3,2,6.993333333333333,2.0,18,False,False,True,False,False,hard-77-paper,paper
3957024168,hard-77,2001,300000,False,233.7642421769997,3,2,6.346666666666667,2.0,18,False,False,True,False,False,hard-77-paper,paper
2705014006,hard-77,2001,300000,False,236.03895894600282,3,2,8.7,2.0,18,False,False,True,False,False,hard-77-paper,paper
862288241,hard-77,2001,300000,False,236.40265316499426,3,2,9.42,2.0,18,False,False,True,False,False,hard-77-paper,paper
3915829765,hard-77,2001,300000,False,236.8771521939998,4,2,9.073333333333334,2.0,18,False,False,True,False,False,hard-77-paper,paper
1691623607,hard-77,2001,300000,False,238.18258231900109,3,2,7.626666666666667,2.0,18,False,False,True,False,False,hard-77-paper,paper
2468990893,hard-77,2001,300000,False,238.78820658900077,3,2,8.973333333333333,2.0,18,False,False,True,False,False,hard-77-paper,paper
2046530742,hard-77,2001,300000,False,239.69754194399866,4,2,9.0,2.0,18,False,False,True,False,False,hard-77-paper,paper
3581440988,hard-77,2001,300000,False,241.45092881100572,3,4,10.673333333333334,4.0,18,False,False,True,False,False,hard-77-paper,paper
1184028159,hard-77,2001,300000,False,241.9463712420038,3,4,10.3,4.0,18,False,False,True,False,False,hard-77-paper,paper
1333843299,hard-77,2001,300000,False,242.2065428019996,4,2,8.626666666666667,2.0,18,False,False,True,False,False,hard-77-paper,paper
2669555309,hard-77,2001,300000,False,243.00987931400596,3,2,8.686666666666667,2.0,18,False,False,True,False,False,hard-77-paper,paper
2170464109,hard-77,2001,300000,False,243.30257747400174,3,2,7.8133333333333335,2.0,18,False,False,True,False,False,hard-77-paper,paper
3444837047,hard-77,2001,300000,False,246.04713101700327,3,4,10.033333333333333,4.0,18,False,False,True,False,False,hard-77-paper,paper
2128606514,hard-77,2001,300000,False,243.11391504800122,3,2,8.466666666666667,2.0,18,False,False,True,False,False,hard-77-paper,paper
2996663166,hard-77,2001,300000,False,240.29844787299953,3,2,8.58,2.0,18,False,False,True,False,False,hard-77-paper,paper
563021890,hard-77,2001,300000,False,243.609793014999,4,2,7.293333333333333,2.0,18,False,False,True,False,False,hard-77-paper,paper
1741519417,hard-77,2001,300000,False,247.9045458670007,3,4,9.626666666666667,4.0,18,False,False,True,False,False,hard-77-paper,paper
3657378459,hard-77,2001,300000,False,245.1661256139996,3,4,10.866666666666667,4.0,18,False,False,True,False,False,hard-77-paper,paper
4178181242,hard-77,2001,300000,False,248.4922877239951,3,4,11.046666666666667,17.0,18,False,False,True,False,False,hard-77-paper,paper
3310747494,hard-77,2001,300000,False,246.66364845399949,3,2,7.82,2.0,18,False,False,True,False,False,hard-77-paper,paper
2436567560,hard-77,2001,300000,False,251.06733935100056,3,4,10.206666666666667,4.0,18,False,False,True,False,False,hard-77-paper,paper
3560217815,hard-77,2001,300000,False,250.35260936199484,3,2,9.54,2.0,18,False,False,True,False,False,hard-77-paper,paper
2218688234,hard-77,2001,300000,False,250.9089176510024,3,2,8.766666666666667,2.0,18,False,False,True,False,False,hard-77-paper,paper
408731928,hard-77,2001,300000,False,247.36188705999666,3,2,9.746666666666666,2.0,18,False,False,True,False,False,hard-77-paper,paper
2422051390,hard-77,2001,300000,False,258.7641854149988,3,4,10.88,4.0,18,False,False,True,False,False,hard-77-paper,paper
2493935339,hard-77,2001,300000,False,256.06185191500117,3,4,10.96,10.5,18,False,False,True,False,False,hard-77-paper,paper
3928734150,hard-77,2001,300000,False,261.33628802900057,4,4,10.4,4.0,18,False,False,True,False,False,hard-77-paper,paper
110273505,hard-77,2001,300000,False,248.55587737399765,3,5,11.966666666666667,17.0,18,False,False,True,False,False,hard-77-paper,paper
348619172,hard-77,2001,300000,False,252.50943076399562,3,2,9.02,2.0,18,False,False,True,False,False,hard-77-paper,paper
1255089826,hard-77,2001,300000,False,252.19645063600183,4,2,9.193333333333333,2.0,18,False,False,True,False,False,hard-77-paper,paper
1627962091,hard-77,2001,300000,False,252.8138809209995,3,4,10.68,4.0,18,False,False,True,False,False,hard-77-paper,paper
2836725664,hard-77,2001,300000,False,255.3326446949941,4,4,10.706666666666667,4.0,18,False,False,True,False,False,hard-77-paper,paper
4206876380,hard-77,2001,300000,False,246.74679877099697,3,2,8.8,2.0,18,False,False,True,False,False,hard-77-paper,paper
1727344081,hard-77,2001,300000,False,250.15903706400422,3,2,9.226666666666667,2.0,18,False,False,True,False,False,hard-77-paper,paper
2657689626,hard-77,2001,300000,False,257.48201097999845,4,2,8.773333333333333,2.0,18,False,False,True,False,False,hard-77-paper,paper
1695213383,hard-77,2001,300000,False,257.289511474999,3,2,7.713333333333333,2.0,18,False,False,True,False,False,hard-77-paper,paper
1164341515,hard-77,2001,300000,False,254.95763394700043,4,2,8.993333333333334,2.0,18,False,False,True,False,False,hard-77-paper,paper
1245605034,hard-77,2001,300000,False,251.41794205099723,3,2,9.553333333333333,2.0,18,False,False,True,False,False,hard-77-paper,paper
3077688642,hard-77,2001,300000,False,257.3572696830015,3,4,9.273333333333333,4.0,18,False,False,True,False,False,hard-77-paper,paper
666288517,hard-77,40,5850,True,4.926099762000376,4,0,10.053333333333333,17.0,18,False,False,True,False,False,hard-77-paper,paper
2571176866,hard-77,2001,300000,False,261.20602314900316,3,4,9.94,4.0,18,False,False,True,False,False,hard-77-paper,paper
4040197091,hard-77,2001,300000,False,259.68038401100057,3,4,11.713333333333333,18.0,18,False,False,True,False,False,hard-77-paper,paper
3168783890,hard-77,2001,300000,False,245.6883213359979,5,4,10.473333333333333,4.0,18,False,False,True,False,False,hard-77-paper,paper
3549786358,hard-77,2001,300000,False,250.30314476099738,4,2,8.68,2.0,18,False,False,True,False,False,hard-77-paper,paper
781950879,hard-77,2001,300000,False,254.54242465500283,4,2,8.473333333333333,2.0,18,False,False,True,False,False,hard-77-paper,paper
2245842095,hard-77,2001,300000,False,247.49015429900464,3,4,10.726666666666667,4.0,18,False,False,True,False,False,hard-77-paper,paper
4066352818,hard-77,2001,300000,False,250.27813273799984,3,2,8.393333333333333,2.0,18,False,False,True,False,False,hard-77-paper,paper
1297446070,hard-77,2001,300000,False,252.87117820999993,3,4,10.78,4.0,18,False,False,True,False,False,hard-77-paper,paper
3576043346,hard-77,2001,300000,False,255.03915527399658,3,4,10.493333333333334,4.0,18,False,False,True,False,False,hard-77-paper,paper
1493011086,hard-77,2001,300000,False,255.1542708509951,3,2,8.706666666666667,2.0,18,False,False,True,False,False,hard-77-paper,paper
3945348426,hard-77,2001,300000,False,251.19909200000257,4,2,8.533333333333333,2.0,18,False,False,True,False,False,hard-77-paper,paper
3132050763,hard-77,2001,300000,False,255.97909399299533,3,2,7.52,2.0,18,False,False,True,False,False,hard-77-paper,paper
2886620867,hard-77,2001,300000,False,257.9535966290059,3,2,8.546666666666667,2.0,18,False,False,True,False,False,hard-77-paper,paper
3097084020,hard-77,2001,300000,False,253.64383354299935,3,4,10.32,4.0,18,False,False,True,False,False,hard-77-paper,paper
509847863,hard-77,2001,300000,False,254.51225981400057,3,2,8.9,2.0,18,False,False,True,False,False,hard-77-paper,paper
2681697076,hard-77,2001,300000,False,258.79812259999744,4,4,10.553333333333333,4.0,18,False,False,True,False,False,hard-77-paper,paper
1812556602,hard-77,2001,300000,False,257.3792016400039,3,2,8.6,2.0,18,False,False,True,False,False,hard-77-paper,paper
1893690812,hard-77,2001,300000,False,262.0498286459915,3,4,10.48,4.0,18,False,False,True,False,False,hard-77-paper,paper
1386174930,hard-77,2001,300000,False,263.5491086389957,3,4,10.6,4.0,18,False,False,True,False,False,hard-77-paper,paper
997242548,hard-77,2001,300000,False,264.55378407100216,3,2,9.106666666666667,2.0,18,False,False,True,False,False,hard-77-paper,paper
3707891570,hard-77,2001,300000,False,261.17741937399114,4,2,9.0,2.0,18,False,False,True,False,False,hard-77-paper,paper
3043669598,hard-77,2001,300000,False,267.240811047006,4,3,9.453333333333333,3.0,18,False,False,True,False,False,hard-77-paper,paper
625964716,hard-77,2001,300000,False,265.59700649799925,3,4,10.386666666666667,4.0,18,False,False,True,False,False,hard-77-paper,paper
3489956201,hard-77,2001,300000,False,269.4604159649971,3,7,13.106666666666667,18.0,18,False,False,True,False,False,hard-77-paper,paper
2879732968,hard-77,2001,300000,False,259.84573435499624,3,2,7.84,2.0,18,False,False,True,False,False,hard-77-paper,paper
1655317465,hard-77,2001,300000,False,264.2761035129952,3,2,7.946666666666666,2.0,18,False,False,True,False,False,hard-77-paper,paper
1777465372,hard-77,82,12150,True,9.62840321600379,5,0,9.566666666666666,2.0,18,False,False,True,False,False,hard-77-paper,paper
743359466,hard-77,2001,300000,False,270.47072859599575,3,2,7.64,2.0,18,False,False,True,False,False,hard-77-paper,paper
3738036910,hard-77,2001,300000,False,275.1460839000065,3,4,9.4,4.0,18,False,False,True,False,False,hard-77-paper,paper
3779610235,hard-77,2001,300000,False,270.90744312699826,3,4,11.626666666666667,18.0,18,False,False,True,False,False,hard-77-paper,paper
943300948,hard-77,2001,300000,False,270.17274478199397,3,4,10.293333333333333,4.0,18,False,False,True,False,False,hard-77-paper,paper
1747512124,hard-77,2001,300000,False,233.3865235169942,3,4,10.88,4.0,18,False,False,True,False,False,hard-77-paper,paper
1854712129,hard-77,2001,300000,False,233.1535884460027,4,2,9.18,2.0,18,False,False,True,False,False,hard-77-paper,paper
2082531011,hard-77,2001,300000,False,237.18746412500332,3,2,9.56,2.0,18,False,False,True,False,False,hard-77-paper,paper
1314933732,hard-77,2001,300000,False,239.87749019700277,4,4,9.913333333333334,4.0,18,False,False,True,False,False,hard-77-paper,paper
3047621524,hard-77,2001,300000,False,241.8126384539937,3,4,9.873333333333333,4.0,18,False,False,True,False,False,hard-77-paper,paper
906456036,hard-77,2001,300000,False,236.92996423000295,3,2,7.113333333333333,2.0,18,False,False,True,False,False,hard-77-paper,paper
2365913703,hard-77,2001,300000,False,244.05873996400624,3,2,7.946666666666666,2.0,18,False,False,True,False,False,hard-77-paper,paper
45047004,hard-77,2001,300000,False,243.52260407200083,3,2,8.38,2.0,18,False,False,True,False,False,hard-77-paper,paper
3667054561,hard-77,2001,300000,False,236.769529459998,3,2,8.046666666666667,2.0,18,False,False,True,False,False,hard-77-paper,paper
952038986,hard-77,2001,300000,False,246.53102544799913,3,4,11.066666666666666,17.0,18,False,False,True,False,False,hard-77-paper,paper
4224955422,hard-77,2001,300000,False,249.86274494799727,3,4,10.32,4.0,18,False,False,True,False,False,hard-77-paper,paper
3772832900,hard-77,2001,300000,False,242.97278793199803,3,2,8.913333333333334,2.0,18,False,False,True,False,False,hard-77-paper,paper
3010194696,hard-77,2001,300000,False,249.30790177900053,3,2,7.526666666666666,2.0,18,False,False,True,False,False,hard-77-paper,paper
2139286705,hard-77,2001,300000,False,246.84899534699798,3,4,10.5,4.0,18,False,False,True,False,False,hard-77-paper,paper
2198559462,hard-77,2001,300000,False,246.49790545800352,3,4,10.846666666666666,4.0,18,False,False,True,False,False,hard-77-paper,paper
1659373067,hard-77,2001,300000,False,245.00270385999465,3,2,8.993333333333334,2.0,18,False,False,True,False,False,hard-77-paper,paper
3193871891,hard-77,2001,300000,False,241.3612629660056,3,2,8.473333333333333,2.0,18,False,False,True,False,False,hard-77-paper,paper
34107868,hard-77,2001,300000,False,249.73256024099828,3,4,11.133333333333333,17.0,18,False,False,True,False,False,hard-77-paper,paper
3999966297,hard-77,2001,300000,False,247.684108106012,3,4,11.04,17.0,18,False,False,True,False,False,hard-77-paper,paper
3501394679,hard-77,2001,300000,False,242.4769199910079,3,2,8.44,2.0,18,False,False,True,False,False,hard-77-paper,paper
1022609792,hard-77,2001,300000,False,243.34034411500033,3,2,8.486666666666666,2.0,18,False,False,True,False,False,hard-77-paper,paper
3886404040,hard-77,2001,300000,False,241.59570498100948,3,2,8.466666666666667,2.0,18,False,False,True,False,False,hard-77-paper,paper
1176912709,hard-77,2001,300000,False,245.6426991680055,3,4,10.52,4.0,18,False,False,True,False,False,hard-77-paper,paper
4162557871,hard-77,2001,300000,False,243.07911551000143,3,4,10.513333333333334,4.0,18,False,False,True,False,False,hard-77-paper,paper
2625360392,hard-77,2001,300000,False,234.62474609000492,3,2,9.313333333333333,2.0,18,False,False,True,False,False,hard-77-paper,paper
2778046070,hard-77,2001,300000,False,237.42911978199845,3,4,10.313333333333333,4.0,18,False,False,True,False,False,hard-77-paper,paper
1273947043,hard-77,2001,300000,False,232.90244518499821,3,2,8.673333333333334,2.0,18,False,False,True,False,False,hard-77-paper,paper
1282873427,hard-77,2001,300000,False,231.88581720799266,3,4,10.026666666666667,4.0,18,False,False,True,False,False,hard-77-paper,paper
3444837047,hard-77,9,1200,True,0.974442596998415,12,0,9.56,6.0,18,True,True,False,True,True,hard-77-modified,modified
2170464109,hard-77,15,2100,True,1.7767657579970546,11,0,8.593333333333334,5.0,18,True,True,False,True,True,hard-77-modified,modified
2128606514,hard-77,20,2850,True,2.285809600012726,14,0,8.446666666666667,5.0,18,True,True,False,True,True,hard-77-modified,modified
2669555309,hard-77,29,4200,True,3.4550651900062803,11,0,8.62,5.0,18,True,True,False,True,True,hard-77-modified,modified
2099784219,hard-77,32,4650,True,3.8523770839965437,11,0,9.586666666666666,6.0,18,True,True,False,True,True,hard-77-modified,modified
2046530742,hard-77,40,5850,True,4.782077568001114,11,0,8.466666666666667,5.0,18,True,True,False,True,True,hard-77-modified,modified
4178181242,hard-77,17,2400,True,2.0265622310107574,11,0,8.56,5.0,18,True,True,False,True,True,hard-77-modified,modified
862288241,hard-77,52,7650,True,6.576635641991743,11,0,8.846666666666666,6.0,18,True,True,False,True,True,hard-77-modified,modified
2422051390,hard-77,14,1950,True,1.6555852260062238,12,0,8.513333333333334,5.0,18,True,True,False,True,True,hard-77-modified,modified
3581440988,hard-77,69,10200,True,8.741055162012344,9,0,9.013333333333334,5.0,18,True,True,False,True,True,hard-77-modified,modified
1691623607,hard-77,84,12450,True,10.50861474899284,11,0,8.806666666666667,5.0,18,True,True,False,True,True,hard-77-modified,modified
2705014006,hard-77,89,13200,True,11.197019979998004,11,0,8.26,5.0,18,True,True,False,True,True,hard-77-modified,modified
1184028159,hard-77,118,17550,True,15.170207261995529,11,0,8.926666666666666,6.0,18,True,True,False,True,True,hard-77-modified,modified
3560217815,hard-77,38,5550,True,4.715279456009739,11,0,8.626666666666667,5.5,18,True,True,False,True,True,hard-77-modified,modified
2493935339,hard-77,8,1050,True,0.8521283190057147,11,0,9.64,6.0,18,True,True,False,True,True,hard-77-modified,modified
408731928,hard-77,15,2100,True,1.7806473609962268,11,0,8.806666666666667,5.0,18,True,True,False,True,True,hard-77-modified,modified
3310747494,hard-77,58,8550,True,7.573986436997075,12,0,8.406666666666666,6.0,18,True,True,False,True,True,hard-77-modified,modified
1255089826,hard-77,9,1200,True,1.1186787260085111,12,0,11.066666666666666,8.0,18,True,True,False,True,True,hard-77-modified,modified
2436567560,hard-77,106,15750,True,13.731251021003118,12,0,9.886666666666667,6.0,18,True,True,False,True,True,hard-77-modified,modified
1333843299,hard-77,155,23100,True,20.560993525999947,11,0,8.86,5.5,18,True,True,False,True,True,hard-77-modified,modified
348619172,hard-77,47,6900,True,6.6309732899972005,11,0,8.8,6.0,18,True,True,False,True,True,hard-77-modified,modified
2657689626,hard-77,28,4050,True,3.7388629210036015,10,0,8.133333333333333,5.0,18,True,True,False,True,True,hard-77-modified,modified
2218688234,hard-77,137,20400,True,18.434702447004383,14,0,8.64,5.0,18,True,True,False,True,True,hard-77-modified,modified
2836725664,hard-77,64,9450,True,9.181180468003731,12,0,8.173333333333334,5.0,18,True,True,False,True,True,hard-77-modified,modified
4206876380,hard-77,14,1950,True,1.9072243419941515,11,0,9.34,6.0,18,True,True,False,True,True,hard-77-modified,modified
3915829765,hard-77,214,31950,True,29.4359978660068,10,0,8.88,6.0,18,True,True,False,True,True,hard-77-modified,modified
1164341515,hard-77,11,1500,True,1.308947208992322,12,0,10.42,7.0,18,True,True,False,True,True,hard-77-modified,modified
110273505,hard-77,94,13950,True,13.926411520005786,9,0,8.553333333333333,5.0,18,True,True,False,True,True,hard-77-modified,modified
1245605034,hard-77,14,1950,True,1.8228414990007877,10,0,8.666666666666666,5.5,18,True,True,False,True,True,hard-77-modified,modified
3077688642,hard-77,18,2550,True,2.233925464999629,12,0,8.593333333333334,6.0,18,True,True,False,True,True,hard-77-modified,modified
2571176866,hard-77,23,3300,True,3.061287167001865,11,0,8.166666666666666,5.0,18,True,True,False,True,True,hard-77-modified,modified
3657378459,hard-77,233,34800,True,31.928573141005472,11,0,9.206666666666667,5.5,18,True,True,False,True,True,hard-77-modified,modified
2468990893,hard-77,279,41700,True,37.69791181400069,12,0,8.413333333333334,5.0,18,True,True,False,True,True,hard-77-modified,modified
2245842095,hard-77,49,7200,True,6.404445498003042,12,0,8.82,5.0,18,True,True,False,True,True,hard-77-modified,modified
781950879,hard-77,117,17400,True,15.711109662996023,11,0,8.96,6.0,18,True,True,False,True,True,hard-77-modified,modified
2996663166,hard-77,362,54150,True,47.87090409200755,12,0,8.473333333333333,5.0,18,True,True,False,True,True,hard-77-modified,modified
3576043346,hard-77,172,25650,True,23.329597766001825,11,0,8.9,5.0,18,True,True,False,True,True,hard-77-modified,modified
3928734150,hard-77,439,65700,True,59.38580701799947,10,0,9.36,6.0,18,True,True,False,True,True,hard-77-modified,modified
1627962091,hard-77,399,59700,True,54.76237912599754,10,0,9.266666666666667,6.0,18,True,True,False,True,True,hard-77-modified,modified
3945348426,hard-77,19,2700,True,2.2577568560082,9,0,8.36,5.0,18,True,True,False,True,True,hard-77-modified,modified
3132050763,hard-77,112,16650,True,14.005612403008854,12,0,8.48,5.0,18,True,True,False,True,True,hard-77-modified,modified
3549786358,hard-77,357,53400,True,48.93285394099075,9,0,8.286666666666667,5.0,18,True,True,False,True,True,hard-77-modified,modified
3097084020,hard-77,49,7200,True,6.594844778999686,11,0,9.033333333333333,5.0,18,True,True,False,True,True,hard-77-modified,modified
2681697076,hard-77,20,2850,True,2.4767276769998716,11,0,8.126666666666667,5.0,18,True,True,False,True,True,hard-77-modified,modified
666288517,hard-77,119,17700,True,15.718346726003801,10,0,9.413333333333334,6.0,18,True,True,False,True,True,hard-77-modified,modified
1386174930,hard-77,40,5850,True,5.209256332003861,10,0,7.96,5.0,18,True,True,False,True,True,hard-77-modified,modified
3957024168,hard-77,747,111900,True,102.85715345598874,12,0,8.96,5.5,18,True,True,False,True,True,hard-77-modified,modified
509847863,hard-77,157,23400,True,20.773113917995943,12,0,9.2,6.0,18,True,True,False,True,True,hard-77-modified,modified
1812556602,hard-77,122,18150,True,16.181476213998394,10,0,8.866666666666667,5.5,18,True,True,False,True,True,hard-77-modified,modified
1727344081,hard-77,608,91050,True,82.63289799600898,11,0,8.76,6.0,18,True,True,False,True,True,hard-77-modified,modified
3489956201,hard-77,10,1350,True,1.2259312309906818,12,0,10.333333333333334,7.0,18,True,True,False,True,True,hard-77-modified,modified
1741519417,hard-77,834,124950,True,115.80039039399708,13,0,9.506666666666666,6.0,18,True,True,False,True,True,hard-77-modified,modified
3707891570,hard-77,106,15750,True,14.623363482998684,10,0,9.593333333333334,6.0,18,True,True,False,True,True,hard-77-modified,modified
1893690812,hard-77,107,15900,True,15.206664825003827,12,0,9.36,6.0,18,True,True,False,True,True,hard-77-modified,modified
2879732968,hard-77,10,1350,True,1.1701552250015084,12,0,10.853333333333333,7.5,18,True,True,False,True,True,hard-77-modified,modified
1695213383,hard-77,721,108000,True,97.53756317299849,12,0,9.08,6.0,18,True,True,False,True,True,hard-77-modified,modified
625964716,hard-77,110,16350,True,15.38583830499556,9,0,8.953333333333333,5.0,18,True,True,False,True,True,hard-77-modified,modified
1655317465,hard-77,47,6900,True,6.525688269000966,9,0,8.153333333333334,5.0,18,True,True,False,True,True,hard-77-modified,modified
3779610235,hard-77,62,9150,True,8.147509750997415,12,0,8.133333333333333,5.0,18,True,True,False,True,True,hard-77-modified,modified
1747512124,hard-77,77,11400,True,10.30005852499744,11,0,9.006666666666666,6.0,18,True,True,False,True,True,hard-77-modified,modified
743359466,hard-77,130,19350,True,18.102427764999447,10,0,9.193333333333333,6.0,18,True,True,False,True,True,hard-77-modified,modified
3043669598,hard-77,227,33900,True,30.76595904500573,11,0,8.72,5.0,18,True,True,False,True,True,hard-77-modified,modified
1314933732,hard-77,157,23400,True,21.023049381998135,10,0,9.273333333333333,6.0,18,True,True,False,True,True,hard-77-modified,modified
2365913703,hard-77,41,6000,True,5.4841036350117065,12,0,8.933333333333334,5.0,18,True,True,False,True,True,hard-77-modified,modified
45047004,hard-77,19,2700,True,2.481778449000558,13,0,8.08,5.0,18,True,True,False,True,True,hard-77-modified,modified
3047621524,hard-77,259,38700,True,35.747814296002616,10,0,8.82,6.0,18,True,True,False,True,True,hard-77-modified,modified
2082531011,hard-77,344,51450,True,46.54278370800603,11,0,8.686666666666667,6.0,18,True,True,False,True,True,hard-77-modified,modified
1854712129,hard-77,295,44100,True,40.827340789997834,12,0,8.44,5.0,18,True,True,False,True,True,hard-77-modified,modified
906456036,hard-77,17,2400,True,2.1564312059927033,9,0,8.44,5.0,18,True,True,False,True,True,hard-77-modified,modified
4066352818,hard-77,1124,168450,True,148.95860364398686,10,0,9.12,6.0,18,True,True,False,True,True,hard-77-modified,modified
4224955422,hard-77,90,13350,True,12.296633621008368,11,0,8.533333333333333,6.0,18,True,True,False,True,True,hard-77-modified,modified
1297446070,hard-77,1055,158100,True,143.90003493899712,11,0,8.513333333333334,5.0,18,True,True,False,True,True,hard-77-modified,modified
2886620867,hard-77,1034,154950,True,135.454511361997,11,0,8.846666666666666,5.0,18,True,True,False,True,True,hard-77-modified,modified
2198559462,hard-77,8,1050,True,0.9271816590044182,11,0,10.96,8.0,18,True,True,False,True,True,hard-77-modified,modified
997242548,hard-77,794,118950,True,105.90479086399137,10,0,8.033333333333333,5.0,18,True,True,False,True,True,hard-77-modified,modified
952038986,hard-77,260,38850,True,34.4245456350036,11,0,8.56,6.0,18,True,True,False,True,True,hard-77-modified,modified
2139286705,hard-77,158,23550,True,19.942450738002663,11,0,9.313333333333333,6.0,18,True,True,False,True,True,hard-77-modified,modified
3193871891,hard-77,11,1500,True,1.278180880995933,11,0,8.546666666666667,6.0,18,True,True,False,True,True,hard-77-modified,modified
3501394679,hard-77,22,3150,True,2.9732615190005163,12,0,8.873333333333333,6.0,18,True,True,False,True,True,hard-77-modified,modified
1176912709,hard-77,11,1500,True,1.2158704799949192,11,0,9.186666666666667,6.0,18,True,True,False,True,True,hard-77-modified,modified
3010194696,hard-77,229,34200,True,29.361508966991096,11,0,8.013333333333334,5.0,18,True,True,False,True,True,hard-77-modified,modified
1022609792,hard-77,68,10050,True,9.005891637003515,9,0,9.193333333333333,6.0,18,True,True,False,True,True,hard-77-modified,modified
3886404040,hard-77,254,37950,True,36.102038402998005,10,0,8.76,6.0,18,True,True,False,True,True,hard-77-modified,modified
3772832900,hard-77,657,98400,True,89.88707740300742,11,0,8.626666666666667,5.0,18,True,True,False,True,True,hard-77-modified,modified
1659373067,hard-77,540,80850,True,76.21961778700643,9,0,9.126666666666667,5.0,18,True,True,False,True,True,hard-77-modified,modified
1273947043,hard-77,9,1200,True,1.1825773140008096,10,0,10.9,8.0,18,True,True,False,True,True,hard-77-modified,modified
563021890,hard-77,2001,300000,False,278.82684766199964,9,2,9.5,6.0,18,True,True,False,True,True,hard-77-modified,modified
2778046070,hard-77,202,30150,True,33.98633585999778,13,0,8.033333333333333,5.0,18,True,True,False,True,True,hard-77-modified,modified
1282873427,hard-77,168,25050,True,23.015248466006597,12,0,8.64,5.0,18,True,True,False,True,True,hard-77-modified,modified
2625360392,hard-77,238,35550,True,31.88924672899884,11,0,8.98,6.0,18,True,True,False,True,True,hard-77-modified,modified
4040197091,hard-77,2001,300000,False,277.74704946800193,11,2,8.453333333333333,5.5,18,True,True,False,True,True,hard-77-modified,modified
3168783890,hard-77,2001,300000,False,283.12949784200464,7,2,9.78,6.0,18,True,True,False,True,True,hard-77-modified,modified
1493011086,hard-77,2001,300000,False,264.2853201399994,10,2,8.506666666666666,5.0,18,True,True,False,True,True,hard-77-modified,modified
3999966297,hard-77,877,131400,True,116.23068848499679,11,0,9.706666666666667,6.0,18,True,True,False,True,True,hard-77-modified,modified
943300948,hard-77,1674,250950,True,213.37812326400308,11,0,8.846666666666666,6.0,18,True,True,False,True,True,hard-77-modified,modified
3738036910,hard-77,2001,300000,False,237.44213590100117,10,2,8.833333333333334,5.0,18,True,True,False,True,True,hard-77-modified,modified
1777465372,hard-77,2001,300000,False,215.44879695300187,11,2,8.686666666666667,6.0,18,True,True,False,True,True,hard-77-modified,modified
3667054561,hard-77,2001,300000,False,211.68140644600498,10,2,8.5,6.0,18,True,True,False,True,True,hard-77-modified,modified
4162557871,hard-77,1840,275850,True,172.32008820099873,9,0,9.366666666666667,6.0,18,True,True,False,True,True,hard-77-modified,modified
34107868,hard-77,2001,300000,False,195.89947247000237,11,2,9.56,6.0,18,True,True,False,True,True,hard-77-modified,modified
1184028159,hard-106,2001,300000,False,244.84221355100453,3,2,9.453333333333333,2.0,18,False,False,True,False,False,hard-106-paper,paper
2046530742,hard-106,2001,300000,False,247.79294918500818,3,2,7.94,2.0,18,False,False,True,False,False,hard-106-paper,paper
2170464109,hard-106,2001,300000,False,248.28734972600068,3,2,8.8,2.0,18,False,False,True,False,False,hard-106-paper,paper
1333843299,hard-106,2001,300000,False,249.16725459000736,3,4,10.4,4.0,18,False,False,True,False,False,hard-106-paper,paper
2669555309,hard-106,2001,300000,False,249.63335381900833,3,2,8.893333333333333,2.0,18,False,False,True,False,False,hard-106-paper,paper
3915829765,hard-106,2001,300000,False,251.5359113850136,3,4,11.173333333333334,17.5,18,False,False,True,False,False,hard-106-paper,paper
1691623607,hard-106,2001,300000,False,252.83226978099265,3,4,12.0,18.0,18,False,False,True,False,False,hard-106-paper,paper
3444837047,hard-106,2001,300000,False,253.31591611600015,3,2,9.433333333333334,2.0,18,False,False,True,False,False,hard-106-paper,paper
2099784219,hard-106,2001,300000,False,254.2004150110006,3,4,10.693333333333333,4.0,18,False,False,True,False,False,hard-106-paper,paper
3957024168,hard-106,2001,300000,False,254.88511594900046,3,4,10.526666666666667,4.0,18,False,False,True,False,False,hard-106-paper,paper
2705014006,hard-106,2001,300000,False,255.88457211900095,3,4,9.853333333333333,4.0,18,False,False,True,False,False,hard-106-paper,paper
862288241,hard-106,2001,300000,False,256.45536208400154,3,4,11.066666666666666,17.0,18,False,False,True,False,False,hard-106-paper,paper
2468990893,hard-106,2001,300000,False,259.166076960988,3,4,11.533333333333333,18.0,18,False,False,True,False,False,hard-106-paper,paper
3581440988,hard-106,2001,300000,False,260.5551411810011,3,6,11.966666666666667,11.5,18,False,False,True,False,False,hard-106-paper,paper
2128606514,hard-106,2001,300000,False,234.92895009899803,3,2,8.166666666666666,2.0,18,False,False,True,False,False,hard-106-paper,paper
4178181242,hard-106,2001,300000,False,237.42180887999712,3,2,8.9,2.0,18,False,False,True,False,False,hard-106-paper,paper
2422051390,hard-106,2001,300000,False,238.7275089159957,3,2,9.346666666666666,2.0,18,False,False,True,False,False,hard-106-paper,paper
1741519417,hard-106,2001,300000,False,245.886994297005,3,2,9.326666666666666,2.0,18,False,False,True,False,False,hard-106-paper,paper
563021890,hard-106,2001,300000,False,244.8000000329921,3,2,8.886666666666667,2.0,18,False,False,True,False,False,hard-106-paper,paper
2996663166,hard-106,2001,300000,False,246.30382618399744,3,4,10.68,4.0,18,False,False,True,False,False,hard-106-paper,paper
3657378459,hard-106,2001,300000,False,244.09891041000083,3,4,9.766666666666667,4.0,18,False,False,True,False,False,hard-106-paper,paper
2218688234,hard-106,2001,300000,False,242.90798613699735,3,4,11.246666666666666,17.0,18,False,False,True,False,False,hard-106-paper,paper
3928734150,hard-106,2001,300000,False,243.96907046499837,3,2,8.92,2.0,18,False,False,True,False,False,hard-106-paper,paper
2436567560,hard-106,2001,300000,False,247.0295934520109,4,4,11.06,16.5,18,False,False,True,False,False,hard-106-paper,paper
3560217815,hard-106,2001,300000,False,245.7970476039918,3,3,8.293333333333333,3.0,18,False,False,True,False,False,hard-106-paper,paper
408731928,hard-106,2001,300000,False,243.13864364899928,3,4,10.873333333333333,4.0,18,False,False,True,False,False,hard-106-paper,paper
2493935339,hard-106,2001,300000,False,245.40043889799563,3,2,8.06,2.0,18,False,False,True,False,False,hard-106-paper,paper
3310747494,hard-106,2001,300000,False,248.84005035799055,3,2,8.806666666666667,2.0,18,False,False,True,False,False,hard-106-paper,paper
348619172,hard-106,2001,300000,False,254.98229133999848,3,4,10.2,4.0,18,False,False,True,False,False,hard-106-paper,paper
110273505,hard-106,2001,300000,False,260.88409988700005,3,5,11.226666666666667,5.0,18,False,False,True,False,False,hard-106-paper,paper
2836725664,hard-106,2001,300000,False,255.51668669100036,3,4,11.073333333333334,17.0,18,False,False,True,False,False,hard-106-paper,paper
1255089826,hard-106,2001,300000,False,259.78946510299284,3,4,10.326666666666666,4.0,18,False,False,True,False,False,hard-106-paper,paper
1695213383,hard-106,2001,300000,False,259.68202417700377,3,2,10.733333333333333,18.0,18,False,False,True,False,False,hard-106-paper,paper
2657689626,hard-106,2001,300000,False,261.5481847919873,3,4,11.366666666666667,18.0,18,False,False,True,False,False,hard-106-paper,paper
1727344081,hard-106,2001,300000,False,258.86217426999065,3,4,10.96,10.5,18,False,False,True,False,False,hard-106-paper,paper
4206876380,hard-106,2001,300000,False,262.8189081820019,3,3,10.273333333333333,3.0,18,False,False,True,False,False,hard-106-paper,paper
3077688642,hard-106,2001,300000,False,261.29913888900774,4,2,8.793333333333333,2.0,18,False,False,True,False,False,hard-106-paper,paper
1627962091,hard-106,2001,300000,False,267.61640475600143,3,6,12.206666666666667,17.0,18,False,False,True,False,False,hard-106-paper,paper
1164341515,hard-106,2001,300000,False,265.54754986400076,4,4,9.293333333333333,4.0,18,False,False,True,False,False,hard-106-paper,paper
2571176866,hard-106,2001,300000,False,266.5804826090025,3,4,11.066666666666666,17.0,18,False,False,True,False,False,hard-106-paper,paper
1245605034,hard-106,2001,300000,False,268.94809502399585,3,7,12.906666666666666,18.0,18,False,False,True,False,False,hard-106-paper,paper
4040197091,hard-106,2001,300000,False,267.787615927009,4,5,11.993333333333334,18.0,18,False,False,True,False,False,hard-106-paper,paper
3168783890,hard-106,2001,300000,False,258.44869337299315,3,2,8.28,2.0,18,False,False,True,False,False,hard-106-paper,paper
781950879,hard-106,2001,300000,False,257.8480187009991,4,2,8.886666666666667,2.0,18,False,False,True,False,False,hard-106-paper,paper
3549786358,hard-106,2001,300000,False,262.98140902000887,3,2,8.7,2.0,18,False,False,True,False,False,hard-106-paper,paper
1297446070,hard-106,2001,300000,False,260.4567968379997,3,2,7.5,2.0,18,False,False,True,False,False,hard-106-paper,paper
4066352818,hard-106,2001,300000,False,261.8432479710027,3,5,10.513333333333334,5.0,18,False,False,True,False,False,hard-106-paper,paper
2245842095,hard-106,2001,300000,False,265.9745517769916,3,4,10.973333333333333,10.5,18,False,False,True,False,False,hard-106-paper,paper
3576043346,hard-106,2001,300000,False,265.6521199649869,3,2,8.38,2.0,18,False,False,True,False,False,hard-106-paper,paper
2886620867,hard-106,2001,300000,False,263.29363019700395,3,4,10.98,10.5,18,False,False,True,False,False,hard-106-paper,paper
1493011086,hard-106,2001,300000,False,264.0570518059976,3,2,9.553333333333333,2.0,18,False,False,True,False,False,hard-106-paper,paper
3945348426,hard-106,2001,300000,False,261.94080761499936,3,2,8.913333333333334,2.0,18,False,False,True,False,False,hard-106-paper,paper
3132050763,hard-106,2001,300000,False,272.9242225950002,3,4,11.246666666666666,17.0,18,False,False,True,False,False,hard-106-paper,paper
666288517,hard-106,2001,300000,False,270.9126672410057,4,4,10.013333333333334,4.0,18,False,False,True,False,False,hard-106-paper,paper
509847863,hard-106,2001,300000,False,273.46989348299394,3,2,8.173333333333334,2.0,18,False,False,True,False,False,hard-106-paper,paper
3097084020,hard-106,2001,300000,False,275.1183817009878,3,4,11.366666666666667,18.0,18,False,False,True,False,False,hard-106-paper,paper
2681697076,hard-106,2001,300000,False,249.6336766900058,3,2,9.326666666666666,2.0,18,False,False,True,False,False,hard-106-paper,paper
1812556602,hard-106,2001,300000,False,260.0006930850068,3,2,8.806666666666667,2.0,18,False,False,True,False,False,hard-106-paper,paper
1386174930,hard-106,2001,300000,False,257.6330110250128,3,5,11.126666666666667,5.0,18,False,False,True,False,False,hard-106-paper,paper
1893690812,hard-106,2001,300000,False,255.07569339299516,3,2,8.893333333333333,2.0,18,False,False,True,False,False,hard-106-paper,paper
997242548,hard-106,2001,300000,False,255.15369270800147,4,3,9.773333333333333,3.0,18,False,False,True,False,False,hard-106-paper,paper
3707891570,hard-106,2001,300000,False,256.43260482700134,3,4,11.153333333333334,17.0,18,False,False,True,False,False,hard-106-paper,paper
3043669598,hard-106,2001,300000,False,253.49404200998833,3,4,10.94,10.5,18,False,False,True,False,False,hard-106-paper,paper
3489956201,hard-106,2001,300000,False,261.60386847799236,3,5,10.953333333333333,5.0,18,False,False,True,False,False,hard-106-paper,paper
1655317465,hard-106,2001,300000,False,254.42804646999866,3,3,9.886666666666667,3.0,18,False,False,True,False,False,hard-106-paper,paper
625964716,hard-106,2001,300000,False,261.13111816500896,3,6,11.9,6.0,18,False,False,True,False,False,hard-106-paper,paper
2879732968,hard-106,2001,300000,False,255.44853429599607,3,2,9.666666666666666,2.0,18,False,False,True,False,False,hard-106-paper,paper
743359466,hard-106,2001,300000,False,262.4163427930034,3,4,10.973333333333333,10.5,18,False,False,True,False,False,hard-106-paper,paper
3779610235,hard-106,2001,300000,False,258.94930129899876,3,4,9.68,4.0,18,False,False,True,False,False,hard-106-paper,paper
3738036910,hard-106,2001,300000,False,261.6236589149921,3,6,12.286666666666667,17.0,18,False,False,True,False,False,hard-106-paper,paper
943300948,hard-106,2001,300000,False,243.91677963300026,3,4,10.426666666666666,4.0,18,False,False,True,False,False,hard-106-paper,paper
1747512124,hard-106,2001,300000,False,247.2810720490088,3,2,8.5,2.0,18,False,False,True,False,False,hard-106-paper,paper
2082531011,hard-106,2001,300000,False,246.00615999900037,3,2,8.166666666666666,2.0,18,False,False,True,False,False,hard-106-paper,paper
1854712129,hard-106,2001,300000,False,243.76164179999614,3,2,8.88,2.0,18,False,False,True,False,False,hard-106-paper,paper
3047621524,hard-106,2001,300000,False,249.0856597719976,3,4,10.22,4.0,18,False,False,True,False,False,hard-106-paper,paper
1314933732,hard-106,2001,300000,False,249.35439926499384,3,4,10.78,4.0,18,False,False,True,False,False,hard-106-paper,paper
2365913703,hard-106,2001,300000,False,246.02787550499488,4,4,10.68,4.0,18,False,False,True,False,False,hard-106-paper,paper
45047004,hard-106,2001,300000,False,244.9463458800019,3,2,7.093333333333334,2.0,18,False,False,True,False,False,hard-106-paper,paper
1777465372,hard-106,2001,300000,False,245.83715865699924,3,2,8.8,2.0,18,False,False,True,False,False,hard-106-paper,paper
952038986,hard-106,2001,300000,False,244.53552879700146,3,4,10.793333333333333,4.0,18,False,False,True,False,False,hard-106-paper,paper
906456036,hard-106,2001,300000,False,243.09139906700875,4,4,10.853333333333333,4.0,18,False,False,True,False,False,hard-106-paper,paper
3772832900,hard-106,2001,300000,False,242.39797908999026,4,4,10.68,4.0,18,False,False,True,False,False,hard-106-paper,paper
4224955422,hard-106,2001,300000,False,245.56146388799243,3,2,8.38,2.0,18,False,False,True,False,False,hard-106-paper,paper
3667054561,hard-106,2001,300000,False,249.109088548008,3,4,10.506666666666666,4.0,18,False,False,True,False,False,hard-106-paper,paper
3010194696,hard-106,2001,300000,False,246.2453407980065,3,6,12.12,17.0,18,False,False,True,False,False,hard-106-paper,paper
2139286705,hard-106,2001,300000,False,241.3750290110038,4,2,7.626666666666667,2.0,18,False,False,True,False,False,hard-106-paper,paper
34107868,hard-106,2001,300000,False,250.64749586800463,4,4,9.566666666666666,4.0,18,False,False,True,False,False,hard-106-paper,paper
2198559462,hard-106,2001,300000,False,251.20438975299476,3,4,10.966666666666667,10.5,18,False,False,True,False,False,hard-106-paper,paper
3999966297,hard-106,2001,300000,False,246.1355311100051,3,3,9.986666666666666,3.0,18,False,False,True,False,False,hard-106-paper,paper
3193871891,hard-106,2001,300000,False,248.3062259050057,3,2,8.58,2.0,18,False,False,True,False,False,hard-106-paper,paper
3501394679,hard-106,2001,300000,False,245.44246018699778,3,2,9.74,2.0,18,False,False,True,False,False,hard-106-paper,paper
1659373067,hard-106,2001,300000,False,252.79955265500757,3,4,9.586666666666666,4.0,18,False,False,True,False,False,hard-106-paper,paper
1022609792,hard-106,2001,300000,False,246.31867269800568,3,5,10.946666666666667,5.0,18,False,False,True,False,False,hard-106-paper,paper
1176912709,hard-106,2001,300000,False,247.90047787599906,3,2,8.6,2.0,18,False,False,True,False,False,hard-106-paper,paper
3886404040,hard-106,2001,300000,False,248.10972938599298,3,4,9.686666666666667,4.0,18,False,False,True,False,False,hard-106-paper,paper
2778046070,hard-106,2001,300000,False,237.2634340980003,3,2,7.74,2.0,18,False,False,True,False,False,hard-106-paper,paper
4162557871,hard-106,2001,300000,False,242.15165137800795,3,4,10.046666666666667,4.0,18,False,False,True,False,False,hard-106-paper,paper
2625360392,hard-106,2001,300000,False,241.62027678800223,3,6,12.066666666666666,17.0,18,False,False,True,False,False,hard-106-paper,paper
1273947043,hard-106,2001,300000,False,139.21522559899313,4,4,10.886666666666667,4.0,18,False,False,True,False,False,hard-106-paper,paper
1282873427,hard-106,2001,300000,False,130.88061549700797,3,5,11.393333333333333,5.0,18,False,False,True,False,False,hard-106-paper,paper
3915829765,hard-106,9,1200,True,0.9852745329990285,12,0,10.606666666666667,7.0,18,True,True,False,True,True,hard-106-modified,modified
2170464109,hard-106,19,2700,True,2.256779435003409,12,0,8.24,6.0,18,True,True,False,True,True,hard-106-modified,modified
1741519417,hard-106,527,78900,True,69.89536048501031,10,0,9.233333333333333,6.0,18,True,True,False,True,True,hard-106-modified,modified
3957024168,hard-106,1067,159900,True,144.37304245500127,11,0,9.013333333333334,5.5,18,True,True,False,True,True,hard-106-modified,modified
4178181242,hard-106,142,21150,True,18.440943907000474,10,0,8.753333333333334,5.0,18,True,True,False,True,True,hard-106-modified,modified
2046530742,hard-106,2001,300000,False,260.2996998229937,10,2,8.706666666666667,6.0,18,True,True,False,True,True,hard-106-modified,modified
2669555309,hard-106,2001,300000,False,263.1788858619984,9,2,8.7,6.0,18,True,True,False,True,True,hard-106-modified,modified
1691623607,hard-106,2001,300000,False,265.63189091099775,11,2,8.12,5.0,18,True,True,False,True,True,hard-106-modified,modified
3657378459,hard-106,46,6750,True,5.6431315840018215,11,0,9.253333333333334,6.0,18,True,True,False,True,True,hard-106-modified,modified
2099784219,hard-106,2001,300000,False,266.09524748400145,9,2,8.62,5.0,18,True,True,False,True,True,hard-106-modified,modified
3581440988,hard-106,2001,300000,False,266.7391351039987,11,2,8.493333333333334,5.5,18,True,True,False,True,True,hard-106-modified,modified
2128606514,hard-106,2001,300000,False,266.3212120519893,9,2,8.206666666666667,5.0,18,True,True,False,True,True,hard-106-modified,modified
862288241,hard-106,2001,300000,False,267.73501034799847,11,2,8.84,5.5,18,True,True,False,True,True,hard-106-modified,modified
2705014006,hard-106,2001,300000,False,268.3306061140029,8,2,8.773333333333333,5.5,18,True,True,False,True,True,hard-106-modified,modified
1333843299,hard-106,2001,300000,False,268.95044417100144,10,2,8.066666666666666,5.0,18,True,True,False,True,True,hard-106-modified,modified
3928734150,hard-106,25,3600,True,3.107418550993316,12,0,8.72,5.0,18,True,True,False,True,True,hard-106-modified,modified
2468990893,hard-106,2001,300000,False,269.12923676100036,11,2,8.44,5.0,18,True,True,False,True,True,hard-106-modified,modified
3444837047,hard-106,2001,300000,False,269.3407233859907,11,2,8.606666666666667,5.0,18,True,True,False,True,True,hard-106-modified,modified
1184028159,hard-106,2001,300000,False,272.0820000599924,11,2,8.593333333333334,5.0,18,True,True,False,True,True,hard-106-modified,modified
2218688234,hard-106,148,22050,True,19.195034758988186,11,0,9.64,6.0,18,True,True,False,True,True,hard-106-modified,modified
2657689626,hard-106,9,1200,True,0.9679594930057647,11,0,9.813333333333333,6.0,18,True,True,False,True,True,hard-106-modified,modified
348619172,hard-106,139,20700,True,18.801195206004195,11,0,8.48,5.0,18,True,True,False,True,True,hard-106-modified,modified
2493935339,hard-106,236,35250,True,30.650323848996777,11,0,8.733333333333333,5.0,18,True,True,False,True,True,hard-106-modified,modified
2996663166,hard-106,2001,300000,False,272.3641262070014,9,2,9.146666666666667,5.5,18,True,True,False,True,True,hard-106-modified,modified
408731928,hard-106,701,105000,True,91.27043871099886,11,0,8.0,5.0,18,True,True,False,True,True,hard-106-modified,modified
3077688642,hard-106,335,50100,True,44.12441085600585,11,0,8.28,5.0,18,True,True,False,True,True,hard-106-modified,modified
563021890,hard-106,2001,300000,False,265.1833030100097,11,2,8.96,6.0,18,True,True,False,True,True,hard-106-modified,modified
2436567560,hard-106,2001,300000,False,256.95395623499644,10,2,8.733333333333333,6.0,18,True,True,False,True,True,hard-106-modified,modified
110273505,hard-106,2001,300000,False,256.8140809460019,11,2,7.366666666666666,5.0,18,True,True,False,True,True,hard-106-modified,modified
2422051390,hard-106,2001,300000,False,263.8333926220075,12,2,8.693333333333333,5.5,18,True,True,False,True,True,hard-106-modified,modified
3310747494,hard-106,2001,300000,False,261.1847377660015,9,2,8.126666666666667,5.0,18,True,True,False,True,True,hard-106-modified,modified
3560217815,hard-106,2001,300000,False,262.82268890900014,10,2,8.246666666666666,5.0,18,True,True,False,True,True,hard-106-modified,modified
2836725664,hard-106,2001,300000,False,263.07886338300887,9,2,9.366666666666667,6.0,18,True,True,False,True,True,hard-106-modified,modified
1255089826,hard-106,2001,300000,False,264.6345897660067,10,2,9.153333333333334,6.0,18,True,True,False,True,True,hard-106-modified,modified
4066352818,hard-106,18,2550,True,2.1473528039932717,11,0,8.08,5.0,18,True,True,False,True,True,hard-106-modified,modified
1627962091,hard-106,2001,300000,False,269.31309431900445,10,2,8.393333333333333,6.0,18,True,True,False,True,True,hard-106-modified,modified
1695213383,hard-106,2001,300000,False,262.4536066169967,10,2,8.886666666666667,6.0,18,True,True,False,True,True,hard-106-modified,modified
1727344081,hard-106,2001,300000,False,264.4764772710041,9,2,8.153333333333334,5.0,18,True,True,False,True,True,hard-106-modified,modified
4206876380,hard-106,2001,300000,False,259.79540704601095,9,2,9.286666666666667,6.0,18,True,True,False,True,True,hard-106-modified,modified
3168783890,hard-106,306,45750,True,38.79229625799053,11,0,9.073333333333334,6.0,18,True,True,False,True,True,hard-106-modified,modified
3132050763,hard-106,529,79200,True,71.45607253300841,11,0,9.886666666666667,6.0,18,True,True,False,True,True,hard-106-modified,modified
1164341515,hard-106,2001,300000,False,267.32480419101194,10,2,7.673333333333333,5.0,18,True,True,False,True,True,hard-106-modified,modified
1493011086,hard-106,680,101850,True,88.85161111799243,8,0,8.253333333333334,5.0,18,True,True,False,True,True,hard-106-modified,modified
1245605034,hard-106,2001,300000,False,266.90532686900406,9,2,8.96,6.0,18,True,True,False,True,True,hard-106-modified,modified
666288517,hard-106,929,139200,True,117.75810166299925,12,0,8.153333333333334,5.0,18,True,True,False,True,True,hard-106-modified,modified
2571176866,hard-106,2001,300000,False,261.47294667499955,11,2,8.66,5.0,18,True,True,False,True,True,hard-106-modified,modified
3549786358,hard-106,1491,223500,True,190.63817639001354,11,0,8.553333333333333,5.5,18,True,True,False,True,True,hard-106-modified,modified
4040197091,hard-106,2001,300000,False,252.4443802809983,10,2,8.113333333333333,6.0,18,True,True,False,True,True,hard-106-modified,modified
2245842095,hard-106,2001,300000,False,258.4998888169939,11,2,7.9,5.0,18,True,True,False,True,True,hard-106-modified,modified
1297446070,hard-106,2001,300000,False,254.8975825660018,7,2,9.026666666666667,6.0,18,True,True,False,True,True,hard-106-modified,modified
781950879,hard-106,2001,300000,False,262.50900574499974,10,2,8.78,6.0,18,True,True,False,True,True,hard-106-modified,modified
3576043346,hard-106,2001,300000,False,264.4144458130031,8,2,8.72,6.0,18,True,True,False,True,True,hard-106-modified,modified
2886620867,hard-106,2001,300000,False,262.55909433100896,10,2,9.046666666666667,6.0,18,True,True,False,True,True,hard-106-modified,modified
3945348426,hard-106,2001,300000,False,265.3476379759959,11,2,8.653333333333334,5.0,18,True,True,False,True,True,hard-106-modified,modified
3097084020,hard-106,2001,300000,False,262.9905610970018,11,2,8.513333333333334,5.0,18,True,True,False,True,True,hard-106-modified,modified
509847863,hard-106,2001,300000,False,263.49982249700406,11,2,8.593333333333334,5.0,18,True,True,False,True,True,hard-106-modified,modified
2681697076,hard-106,2001,300000,False,267.2620676439983,9,2,8.54,5.0,18,True,True,False,True,True,hard-106-modified,modified
1812556602,hard-106,2001,300000,False,268.44579790800344,10,2,9.166666666666666,6.0,18,True,True,False,True,True,hard-106-modified,modified
1386174930,hard-106,2001,300000,False,252.6724220229953,9,2,9.186666666666667,6.0,18,True,True,False,True,True,hard-106-modified,modified
997242548,hard-106,2001,300000,False,263.35744810701,10,2,9.106666666666667,5.0,18,True,True,False,True,True,hard-106-modified,modified
1893690812,hard-106,2001,300000,False,260.77168721999624,10,2,8.486666666666666,5.0,18,True,True,False,True,True,hard-106-modified,modified
3707891570,hard-106,2001,300000,False,261.3028074699978,9,2,9.493333333333334,6.0,18,True,True,False,True,True,hard-106-modified,modified
3043669598,hard-106,2001,300000,False,250.89234689100704,9,2,8.266666666666667,5.0,18,True,True,False,True,True,hard-106-modified,modified
3489956201,hard-106,2001,300000,False,263.28930512700754,10,2,7.8933333333333335,5.0,18,True,True,False,True,True,hard-106-modified,modified
625964716,hard-106,2001,300000,False,268.425124278001,9,2,9.573333333333334,6.0,18,True,True,False,True,True,hard-106-modified,modified
1655317465,hard-106,2001,300000,False,263.36982154799625,10,2,8.173333333333334,6.0,18,True,True,False,True,True,hard-106-modified,modified
2879732968,hard-106,2001,300000,False,267.31759308800974,11,2,8.833333333333334,5.5,18,True,True,False,True,True,hard-106-modified,modified
743359466,hard-106,2001,300000,False,256.69423865400313,11,2,8.666666666666666,5.0,18,True,True,False,True,True,hard-106-modified,modified
3738036910,hard-106,2001,300000,False,264.40622450500086,10,2,8.4,5.5,18,True,True,False,True,True,hard-106-modified,modified
1747512124,hard-106,1679,251700,True,228.04678185599914,13,0,8.866666666666667,6.0,18,True,True,False,True,True,hard-106-modified,modified
3779610235,hard-106,2001,300000,False,269.69331799099746,10,2,8.713333333333333,5.0,18,True,True,False,True,True,hard-106-modified,modified
943300948,hard-106,2001,300000,False,266.88184262099094,9,2,8.813333333333333,6.0,18,True,True,False,True,True,hard-106-modified,modified
2139286705,hard-106,123,18300,True,16.575688764001825,11,0,9.366666666666667,6.0,18,True,True,False,True,True,hard-106-modified,modified
2082531011,hard-106,2001,300000,False,262.67637098699925,9,2,8.54,5.0,18,True,True,False,True,True,hard-106-modified,modified
3047621524,hard-106,2001,300000,False,262.63125135499286,12,2,8.586666666666666,6.0,18,True,True,False,True,True,hard-106-modified,modified
1854712129,hard-106,2001,300000,False,263.6681344200042,10,2,8.533333333333333,6.0,18,True,True,False,True,True,hard-106-modified,modified
45047004,hard-106,1584,237450,True,214.3026378129871,10,0,8.666666666666666,5.0,18,True,True,False,True,True,hard-106-modified,modified
3667054561,hard-106,1521,228000,True,201.09126332800952,11,0,8.253333333333334,5.0,18,True,True,False,True,True,hard-106-modified,modified
1314933732,hard-106,2001,300000,False,261.76177556600305,10,2,8.093333333333334,5.0,18,True,True,False,True,True,hard-106-modified,modified
2365913703,hard-106,2001,300000,False,261.718784540004,9,2,9.08,6.0,18,True,True,False,True,True,hard-106-modified,modified
1022609792,hard-106,123,18300,True,15.373228025011485,11,0,8.3,6.0,18,True,True,False,True,True,hard-106-modified,modified
1777465372,hard-106,2001,300000,False,264.4797605569911,8,2,9.093333333333334,6.0,18,True,True,False,True,True,hard-106-modified,modified
952038986,hard-106,2001,300000,False,266.9503939409915,10,2,8.88,5.5,18,True,True,False,True,True,hard-106-modified,modified
906456036,hard-106,2001,300000,False,264.09285662499315,9,2,8.453333333333333,5.0,18,True,True,False,True,True,hard-106-modified,modified
3772832900,hard-106,2001,300000,False,260.62896791299863,12,2,8.86,6.0,18,True,True,False,True,True,hard-106-modified,modified
4224955422,hard-106,2001,300000,False,262.4346665369958,8,2,8.74,6.0,18,True,True,False,True,True,hard-106-modified,modified
3010194696,hard-106,2001,300000,False,257.8605847209983,11,2,8.573333333333334,5.5,18,True,True,False,True,True,hard-106-modified,modified
2198559462,hard-106,2001,300000,False,259.59550024100463,11,2,9.053333333333333,6.0,18,True,True,False,True,True,hard-106-modified,modified
34107868,hard-106,2001,300000,False,254.092329763007,10,2,8.313333333333333,5.0,18,True,True,False,True,True,hard-106-modified,modified
1659373067,hard-106,2001,300000,False,246.77727843099274,9,2,8.953333333333333,6.0,18,True,True,False,True,True,hard-106-modified,modified
3999966297,hard-106,2001,300000,False,233.75376074499218,10,2,8.286666666666667,5.5,18,True,True,False,True,True,hard-106-modified,modified
3193871891,hard-106,2001,300000,False,233.4941900010017,10,2,8.946666666666667,6.0,18,True,True,False,True,True,hard-106-modified,modified
3501394679,hard-106,2001,300000,False,230.21185704600066,9,2,7.873333333333333,5.0,18,True,True,False,True,True,hard-106-modified,modified
1176912709,hard-106,2001,300000,False,220.6111453249905,10,2,8.9,6.0,18,True,True,False,True,True,hard-106-modified,modified
3886404040,hard-106,2001,300000,False,211.9077498359984,10,2,8.8,5.0,18,True,True,False,True,True,hard-106-modified,modified
4162557871,hard-106,2001,300000,False,212.69418459999724,11,2,9.006666666666666,6.0,18,True,True,False,True,True,hard-106-modified,modified
2778046070,hard-106,2001,300000,False,211.70553202400333,11,2,8.54,5.5,18,True,True,False,True,True,hard-106-modified,modified
2625360392,hard-106,2001,300000,False,200.71891382298782,10,2,8.306666666666667,5.0,18,True,True,False,True,True,hard-106-modified,modified
1273947043,hard-106,2001,300000,False,164.89180186500016,10,2,8.426666666666666,5.0,18,True,True,False,True,True,hard-106-modified,modified
1282873427,hard-106,2001,300000,False,166.92009381500247,9,2,8.593333333333334,5.0,18,True,True,False,True,True,hard-106-modified,modified
1333843299,sd1,2001,300000,False,230.15953967699897,3,3,9.473333333333333,3.0,18,False,False,True,False,False,sd1-paper,paper
2046530742,sd1,2001,300000,False,232.86212804701063,3,4,10.526666666666667,4.0,18,False,False,True,False,False,sd1-paper,paper
1691623607,sd1,2001,300000,False,234.48294667400478,3,4,10.606666666666667,4.0,18,False,False,True,False,False,sd1-paper,paper
2468990893,sd1,2001,300000,False,235.06058456099709,3,4,10.046666666666667,4.0,18,False,False,True,False,False,sd1-paper,paper
862288241,sd1,2001,300000,False,236.23682068799098,3,4,10.706666666666667,4.0,18,False,False,True,False,False,sd1-paper,paper
3581440988,sd1,2001,300000,False,237.9036118179938,2,4,10.16,4.0,18,False,False,True,False,False,sd1-paper,paper
3444837047,sd1,2001,300000,False,238.18627495400142,3,2,8.166666666666666,2.0,18,False,False,True,False,False,sd1-paper,paper
2170464109,sd1,2001,300000,False,238.5167506350117,3,3,9.286666666666667,3.0,18,False,False,True,False,False,sd1-paper,paper
2705014006,sd1,2001,300000,False,238.62289987600525,2,4,10.253333333333334,4.0,18,False,False,True,False,False,sd1-paper,paper
3957024168,sd1,2001,300000,False,239.32719276899297,2,2,8.08,2.0,18,False,False,True,False,False,sd1-paper,paper
2099784219,sd1,2001,300000,False,239.50794062399655,3,2,7.64,2.0,18,False,False,True,False,False,sd1-paper,paper
1184028159,sd1,2001,300000,False,239.72549150399573,3,5,10.866666666666667,5.0,18,False,False,True,False,False,sd1-paper,paper
3915829765,sd1,2001,300000,False,239.80376732301374,3,4,10.06,4.0,18,False,False,True,False,False,sd1-paper,paper
2669555309,sd1,2001,300000,False,240.6718236250017,3,2,9.353333333333333,2.0,18,False,False,True,False,False,sd1-paper,paper
2128606514,sd1,2001,300000,False,233.0708267309965,3,4,10.88,4.0,18,False,False,True,False,False,sd1-paper,paper
1741519417,sd1,2001,300000,False,234.1838286370039,3,5,11.473333333333333,11.0,18,False,False,True,False,False,sd1-paper,paper
2996663166,sd1,2001,300000,False,233.6011859930004,3,4,10.42,4.0,18,False,False,True,False,False,sd1-paper,paper
3657378459,sd1,2001,300000,False,233.55257124299533,3,5,11.213333333333333,5.0,18,False,False,True,False,False,sd1-paper,paper
563021890,sd1,2001,300000,False,237.024346694001,3,5,11.646666666666667,17.0,18,False,False,True,False,False,sd1-paper,paper
2218688234,sd1,2001,300000,False,236.75337455800036,3,2,8.813333333333333,2.0,18,False,False,True,False,False,sd1-paper,paper
3560217815,sd1,2001,300000,False,237.40804313999251,3,4,10.6,4.0,18,False,False,True,False,False,sd1-paper,paper
408731928,sd1,2001,300000,False,236.30979644799663,3,2,7.846666666666667,2.0,18,False,False,True,False,False,sd1-paper,paper
3928734150,sd1,2001,300000,False,238.4453363109933,3,3,10.266666666666667,3.0,18,False,False,True,False,False,sd1-paper,paper
2422051390,sd1,2001,300000,False,240.21956750600657,3,2,7.8533333333333335,2.0,18,False,False,True,False,False,sd1-paper,paper
4178181242,sd1,2001,300000,False,244.09182467099163,3,6,12.3,18.0,18,False,False,True,False,False,sd1-paper,paper
2436567560,sd1,2001,300000,False,241.3263904159976,3,4,10.973333333333333,10.5,18,False,False,True,False,False,sd1-paper,paper
3310747494,sd1,2001,300000,False,241.81690500798868,3,5,11.653333333333334,17.0,18,False,False,True,False,False,sd1-paper,paper
2493935339,sd1,2001,300000,False,246.73162008600775,3,6,11.493333333333334,6.0,18,False,False,True,False,False,sd1-paper,paper
348619172,sd1,2001,300000,False,236.5476045940013,4,2,8.253333333333334,2.0,18,False,False,True,False,False,sd1-paper,paper
110273505,sd1,2001,300000,False,235.7637351680023,3,2,7.753333333333333,2.0,18,False,False,True,False,False,sd1-paper,paper
1255089826,sd1,2001,300000,False,240.40992999100126,3,5,11.573333333333334,17.0,18,False,False,True,False,False,sd1-paper,paper
2836725664,sd1,2001,300000,False,239.56869413299137,3,5,10.88,5.0,18,False,False,True,False,False,sd1-paper,paper
1627962091,sd1,2001,300000,False,243.10751419200096,3,4,9.866666666666667,4.0,18,False,False,True,False,False,sd1-paper,paper
4206876380,sd1,2001,300000,False,239.68187248900358,3,6,11.593333333333334,6.0,18,False,False,True,False,False,sd1-paper,paper
1695213383,sd1,2001,300000,False,241.10267046600347,3,5,11.893333333333333,17.0,18,False,False,True,False,False,sd1-paper,paper
1245605034,sd1,2001,300000,False,238.6777437319979,3,4,10.966666666666667,10.5,18,False,False,True,False,False,sd1-paper,paper
3077688642,sd1,2001,300000,False,241.09928232799575,2,4,10.346666666666666,4.0,18,False,False,True,False,False,sd1-paper,paper
2571176866,sd1,2001,300000,False,239.64813838299597,3,2,9.14,2.0,18,False,False,True,False,False,sd1-paper,paper
1727344081,sd1,2001,300000,False,244.3183073370019,3,2,8.926666666666666,2.0,18,False,False,True,False,False,sd1-paper,paper
2657689626,sd1,2001,300000,False,245.42272160299763,3,4,10.513333333333334,4.0,18,False,False,True,False,False,sd1-paper,paper
1164341515,sd1,2001,300000,False,245.2101178199955,3,4,10.593333333333334,4.0,18,False,False,True,False,False,sd1-paper,paper
4040197091,sd1,2001,300000,False,241.29334083999856,3,2,9.02,2.0,18,False,False,True,False,False,sd1-paper,paper
3168783890,sd1,2001,300000,False,241.3697544630122,3,4,10.88,4.0,18,False,False,True,False,False,sd1-paper,paper
781950879,sd1,2001,300000,False,238.64985720800178,3,4,10.88,4.0,18,False,False,True,False,False,sd1-paper,paper
3549786358,sd1,2001,300000,False,233.82398726900283,4,4,10.126666666666667,4.0,18,False,False,True,False,False,sd1-paper,paper
4066352818,sd1,2001,300000,False,234.41354558699823,3,2,10.42,18.0,18,False,False,True,False,False,sd1-paper,paper
2245842095,sd1,2001,300000,False,244.3599823639961,3,4,10.78,4.0,18,False,False,True,False,False,sd1-paper,paper
1297446070,sd1,2001,300000,False,242.30396716301038,2,4,9.413333333333334,4.0,18,False,False,True,False,False,sd1-paper,paper
2886620867,sd1,2001,300000,False,241.01574154099217,3,3,8.98,3.0,18,False,False,True,False,False,sd1-paper,paper
3576043346,sd1,2001,300000,False,245.9521991149959,3,4,9.96,4.0,18,False,False,True,False,False,sd1-paper,paper
666288517,sd1,2001,300000,False,241.6515377100004,4,4,10.486666666666666,4.0,18,False,False,True,False,False,sd1-paper,paper
3945348426,sd1,2001,300000,False,243.6121998669987,3,2,8.913333333333334,2.0,18,False,False,True,False,False,sd1-paper,paper
3097084020,sd1,2001,300000,False,240.79676089399436,4,4,11.066666666666666,16.5,18,False,False,True,False,False,sd1-paper,paper
1493011086,sd1,2001,300000,False,247.21178863599198,3,4,10.706666666666667,4.0,18,False,False,True,False,False,sd1-paper,paper
3132050763,sd1,2001,300000,False,246.65024267698755,3,3,10.173333333333334,3.0,18,False,False,True,False,False,sd1-paper,paper
509847863,sd1,2001,300000,False,248.4586774920026,3,5,10.44,5.0,18,False,False,True,False,False,sd1-paper,paper
1812556602,sd1,2001,300000,False,235.21321345400065,3,4,9.593333333333334,4.0,18,False,False,True,False,False,sd1-paper,paper
2681697076,sd1,2001,300000,False,236.8310816620069,3,4,10.04,4.0,18,False,False,True,False,False,sd1-paper,paper
1386174930,sd1,2001,300000,False,237.80599539499963,3,4,10.233333333333333,4.0,18,False,False,True,False,False,sd1-paper,paper
997242548,sd1,2001,300000,False,230.5709141940024,3,2,7.846666666666667,2.0,18,False,False,True,False,False,sd1-paper,paper
1893690812,sd1,2001,300000,False,237.17042156300158,3,4,9.96,4.0,18,False,False,True,False,False,sd1-paper,paper
3489956201,sd1,2001,300000,False,237.69244636000076,3,2,8.5,2.0,18,False,False,True,False,False,sd1-paper,paper
2879732968,sd1,2001,300000,False,234.53649384601158,3,4,10.326666666666666,4.0,18,False,False,True,False,False,sd1-paper,paper
3043669598,sd1,2001,300000,False,239.45700704200135,2,2,8.08,2.0,18,False,False,True,False,False,sd1-paper,paper
743359466,sd1,2001,300000,False,236.6746389799955,3,3,9.08,3.0,18,False,False,True,False,False,sd1-paper,paper
3707891570,sd1,2001,300000,False,243.55443427800492,3,6,11.953333333333333,11.5,18,False,False,True,False,False,sd1-paper,paper
1655317465,sd1,2001,300000,False,239.11562339999364,3,2,9.013333333333334,2.0,18,False,False,True,False,False,sd1-paper,paper
625964716,sd1,2001,300000,False,242.98765073600225,3,4,10.06,4.0,18,False,False,True,False,False,sd1-paper,paper
3738036910,sd1,2001,300000,False,238.48493157599296,3,3,9.08,3.0,18,False,False,True,False,False,sd1-paper,paper
3779610235,sd1,2001,300000,False,244.07099291399936,3,5,10.533333333333333,5.0,18,False,False,True,False,False,sd1-paper,paper
3047621524,sd1,2001,300000,False,227.10333152599924,3,4,10.52,4.0,18,False,False,True,False,False,sd1-paper,paper
1747512124,sd1,2001,300000,False,230.49154025800817,3,2,8.693333333333333,2.0,18,False,False,True,False,False,sd1-paper,paper
2082531011,sd1,2001,300000,False,228.6461146590009,3,4,9.94,4.0,18,False,False,True,False,False,sd1-paper,paper
943300948,sd1,2001,300000,False,233.90088922499854,2,4,9.693333333333333,4.0,18,False,False,True,False,False,sd1-paper,paper
1854712129,sd1,2001,300000,False,228.06362013099715,3,3,9.98,3.0,18,False,False,True,False,False,sd1-paper,paper
1777465372,sd1,2001,300000,False,232.456146912009,3,2,8.28,2.0,18,False,False,True,False,False,sd1-paper,paper
1314933732,sd1,2001,300000,False,237.17414320800162,3,2,8.366666666666667,2.0,18,False,False,True,False,False,sd1-paper,paper
2365913703,sd1,2001,300000,False,237.11241731001064,3,2,6.986666666666666,2.0,18,False,False,True,False,False,sd1-paper,paper
45047004,sd1,2001,300000,False,235.5760180879879,3,2,8.82,2.0,18,False,False,True,False,False,sd1-paper,paper
952038986,sd1,2001,300000,False,234.42988460800552,3,2,9.773333333333333,2.0,18,False,False,True,False,False,sd1-paper,paper
906456036,sd1,2001,300000,False,235.44256269998732,2,2,9.04,2.0,18,False,False,True,False,False,sd1-paper,paper
3667054561,sd1,2001,300000,False,235.13105679600267,3,2,7.633333333333334,2.0,18,False,False,True,False,False,sd1-paper,paper
4224955422,sd1,2001,300000,False,236.83581050600333,3,2,9.986666666666666,9.5,18,False,False,True,False,False,sd1-paper,paper
3772832900,sd1,2001,300000,False,236.4238624540012,3,2,8.38,2.0,18,False,False,True,False,False,sd1-paper,paper
2198559462,sd1,2001,300000,False,230.76998811899102,3,3,9.373333333333333,3.0,18,False,False,True,False,False,sd1-paper,paper
3010194696,sd1,2001,300000,False,234.65829227099312,3,2,8.7,2.0,18,False,False,True,False,False,sd1-paper,paper
34107868,sd1,2001,300000,False,232.78139999000996,3,3,8.293333333333333,3.0,18,False,False,True,False,False,sd1-paper,paper
2139286705,sd1,2001,300000,False,240.82623255599174,3,4,10.6,4.0,18,False,False,True,False,False,sd1-paper,paper
1659373067,sd1,2001,300000,False,233.78706334199524,3,3,9.893333333333333,3.0,18,False,False,True,False,False,sd1-paper,paper
1022609792,sd1,2001,300000,False,234.1435787520022,3,3,9.986666666666666,3.0,18,False,False,True,False,False,sd1-paper,paper
3886404040,sd1,2001,300000,False,233.99113904000842,3,4,9.853333333333333,4.0,18,False,False,True,False,False,sd1-paper,paper
1176912709,sd1,2001,300000,False,235.76976862100128,3,2,8.18,2.0,18,False,False,True,False,False,sd1-paper,paper
3999966297,sd1,2001,300000,False,238.9353999379964,3,4,10.42,4.0,18,False,False,True,False,False,sd1-paper,paper
3193871891,sd1,2001,300000,False,238.45265430700965,3,4,9.593333333333334,4.0,18,False,False,True,False,False,sd1-paper,paper
4162557871,sd1,2001,300000,False,233.3823739280051,3,5,10.26,5.0,18,False,False,True,False,False,sd1-paper,paper
3501394679,sd1,2001,300000,False,239.67726699500054,3,6,12.053333333333333,17.0,18,False,False,True,False,False,sd1-paper,paper
2778046070,sd1,2001,300000,False,235.72007855100674,3,5,10.6,5.0,18,False,False,True,False,False,sd1-paper,paper
2625360392,sd1,2001,300000,False,226.00299530100892,4,4,10.226666666666667,4.0,18,False,False,True,False,False,sd1-paper,paper
1273947043,sd1,2001,300000,False,127.11726362600166,3,2,9.12,2.0,18,False,False,True,False,False,sd1-paper,paper
1282873427,sd1,2001,300000,False,127.35136886400869,3,2,8.673333333333334,2.0,18,False,False,True,False,False,sd1-paper,paper
2046530742,sd1,90,13350,True,10.801823191999574,11,0,8.513333333333334,5.0,18,True,True,False,True,True,sd1-modified,modified
3444837047,sd1,437,65400,True,52.61235102098726,11,0,9.233333333333333,6.0,18,True,True,False,True,True,sd1-modified,modified
2128606514,sd1,384,57450,True,48.00650011100515,12,0,9.013333333333334,6.0,18,True,True,False,True,True,sd1-modified,modified
2996663166,sd1,77,11400,True,9.54244127900165,9,0,8.033333333333333,5.0,18,True,True,False,True,True,sd1-modified,modified
1691623607,sd1,559,83700,True,69.15820761400391,10,0,8.453333333333333,5.0,18,True,True,False,True,True,sd1-modified,modified
1184028159,sd1,629,94200,True,81.17861829100002,10,0,7.766666666666667,5.0,18,True,True,False,True,True,sd1-modified,modified
4178181242,sd1,108,16050,True,13.711463168001501,11,0,8.306666666666667,6.0,18,True,True,False,True,True,sd1-modified,modified
3657378459,sd1,36,5250,True,4.870835024994449,8,0,9.12,5.5,18,True,True,False,True,True,sd1-modified,modified
2436567560,sd1,310,46350,True,42.00980841901037,10,0,9.4,6.0,18,True,True,False,True,True,sd1-modified,modified
3928734150,sd1,314,46950,True,46.19846338999923,11,0,8.826666666666666,5.5,18,True,True,False,True,True,sd1-modified,modified
2218688234,sd1,75,11100,True,10.315103189001093,11,0,8.726666666666667,5.0,18,True,True,False,True,True,sd1-modified,modified
2669555309,sd1,2001,300000,False,254.00302625299082,10,2,8.546666666666667,5.0,18,True,True,False,True,True,sd1-modified,modified
3915829765,sd1,2001,300000,False,254.71206964900193,9,2,8.473333333333333,6.0,18,True,True,False,True,True,sd1-modified,modified
3581440988,sd1,2001,300000,False,260.93010526298895,10,2,8.933333333333334,6.0,18,True,True,False,True,True,sd1-modified,modified
2705014006,sd1,2001,300000,False,261.0641913469881,9,2,8.72,5.0,18,True,True,False,True,True,sd1-modified,modified
1333843299,sd1,2001,300000,False,262.233672072005,8,2,8.393333333333333,5.0,18,True,True,False,True,True,sd1-modified,modified
2468990893,sd1,2001,300000,False,266.9069607040001,10,2,8.946666666666667,5.0,18,True,True,False,True,True,sd1-modified,modified
2170464109,sd1,2001,300000,False,267.3291936570022,10,2,8.826666666666666,6.0,18,True,True,False,True,True,sd1-modified,modified
862288241,sd1,2001,300000,False,268.264938199005,9,2,8.28,5.0,18,True,True,False,True,True,sd1-modified,modified
3310747494,sd1,128,19050,True,15.115308960987022,11,0,8.72,6.0,18,True,True,False,True,True,sd1-modified,modified
2099784219,sd1,2001,300000,False,269.5903629730019,9,2,8.366666666666667,5.0,18,True,True,False,True,True,sd1-modified,modified
3957024168,sd1,2001,300000,False,271.01665767800296,11,2,8.153333333333334,5.0,18,True,True,False,True,True,sd1-modified,modified
348619172,sd1,128,19050,True,14.128525517007802,12,0,9.113333333333333,6.0,18,True,True,False,True,True,sd1-modified,modified
2493935339,sd1,233,34800,True,25.88574947899906,10,0,8.106666666666667,5.0,18,True,True,False,True,True,sd1-modified,modified
1741519417,sd1,2001,300000,False,252.1978936240048,10,2,8.546666666666667,6.0,18,True,True,False,True,True,sd1-modified,modified
2836725664,sd1,383,57300,True,44.7662553889968,11,0,8.12,5.0,18,True,True,False,True,True,sd1-modified,modified
563021890,sd1,2001,300000,False,266.5800542549987,9,2,8.04,5.0,18,True,True,False,True,True,sd1-modified,modified
2422051390,sd1,2001,300000,False,261.5405365980114,9,2,8.24,6.0,18,True,True,False,True,True,sd1-modified,modified
110273505,sd1,662,99150,True,83.05859175199294,10,0,8.046666666666667,5.0,18,True,True,False,True,True,sd1-modified,modified
1727344081,sd1,684,102450,True,82.0866831989988,11,0,9.193333333333333,6.0,18,True,True,False,True,True,sd1-modified,modified
2571176866,sd1,188,28050,True,22.94409327500034,11,0,8.84,5.5,18,True,True,False,True,True,sd1-modified,modified
1245605034,sd1,506,75750,True,65.73325196199585,10,0,8.906666666666666,5.5,18,True,True,False,True,True,sd1-modified,modified
3560217815,sd1,2001,300000,False,254.03487935799058,9,2,8.733333333333333,5.0,18,True,True,False,True,True,sd1-modified,modified
3168783890,sd1,900,134850,True,112.79411969101056,10,0,8.64,5.0,18,True,True,False,True,True,sd1-modified,modified
3576043346,sd1,99,14700,True,12.573797352000838,10,0,8.68,6.0,18,True,True,False,True,True,sd1-modified,modified
1297446070,sd1,43,6300,True,5.218651279006735,9,0,8.393333333333333,6.0,18,True,True,False,True,True,sd1-modified,modified
3077688642,sd1,2001,300000,False,231.84388119399955,10,2,8.213333333333333,5.0,18,True,True,False,True,True,sd1-modified,modified
1255089826,sd1,2001,300000,False,248.34688781600562,11,2,8.813333333333333,5.0,18,True,True,False,True,True,sd1-modified,modified
2657689626,sd1,2001,300000,False,249.70147481800814,10,2,9.26,6.0,18,True,True,False,True,True,sd1-modified,modified
408731928,sd1,2001,300000,False,257.9241675079975,12,2,9.273333333333333,6.0,18,True,True,False,True,True,sd1-modified,modified
1627962091,sd1,2001,300000,False,257.0768569760112,10,2,9.106666666666667,6.0,18,True,True,False,True,True,sd1-modified,modified
4206876380,sd1,2001,300000,False,250.1578527919919,11,2,8.96,6.0,18,True,True,False,True,True,sd1-modified,modified
1695213383,sd1,2001,300000,False,259.81218708299275,8,2,8.893333333333333,6.0,18,True,True,False,True,True,sd1-modified,modified
1164341515,sd1,2001,300000,False,240.19218323600944,10,2,8.913333333333334,5.0,18,True,True,False,True,True,sd1-modified,modified
781950879,sd1,2001,300000,False,230.71705982300045,10,2,8.686666666666667,6.0,18,True,True,False,True,True,sd1-modified,modified
4040197091,sd1,2001,300000,False,243.75732283000252,11,2,8.2,5.0,18,True,True,False,True,True,sd1-modified,modified
3549786358,sd1,2001,300000,False,241.0166958690097,10,2,9.133333333333333,6.0,18,True,True,False,True,True,sd1-modified,modified
2245842095,sd1,2001,300000,False,239.3872790299938,11,2,8.933333333333334,6.0,18,True,True,False,True,True,sd1-modified,modified
4066352818,sd1,2001,300000,False,243.88759059899894,12,2,8.273333333333333,5.0,18,True,True,False,True,True,sd1-modified,modified
1493011086,sd1,2001,300000,False,240.60116458599805,10,2,8.66,5.5,18,True,True,False,True,True,sd1-modified,modified
3043669598,sd1,28,4050,True,3.101040608002222,10,0,8.806666666666667,5.0,18,True,True,False,True,True,sd1-modified,modified
2886620867,sd1,2001,300000,False,229.23697830199671,10,2,8.793333333333333,5.0,18,True,True,False,True,True,sd1-modified,modified
3489956201,sd1,493,73800,True,61.15872084599687,12,0,8.666666666666666,6.0,18,True,True,False,True,True,sd1-modified,modified
3945348426,sd1,2001,300000,False,227.92425273399567,10,2,7.78,5.0,18,True,True,False,True,True,sd1-modified,modified
666288517,sd1,2001,300000,False,232.13301469500584,10,2,8.24,5.0,18,True,True,False,True,True,sd1-modified,modified
509847863,sd1,2001,300000,False,226.12556079500064,10,2,9.113333333333333,5.0,18,True,True,False,True,True,sd1-modified,modified
3738036910,sd1,11,1500,True,1.1317887329933,12,0,9.006666666666666,6.0,18,True,True,False,True,True,sd1-modified,modified
3132050763,sd1,2001,300000,False,239.89591729499807,10,2,8.46,5.5,18,True,True,False,True,True,sd1-modified,modified
2681697076,sd1,2001,300000,False,229.7353632250015,11,2,8.153333333333334,5.0,18,True,True,False,True,True,sd1-modified,modified
1812556602,sd1,2001,300000,False,222.77014650899218,9,2,9.426666666666666,5.0,18,True,True,False,True,True,sd1-modified,modified
3097084020,sd1,2001,300000,False,245.7040363499982,9,2,8.573333333333334,5.0,18,True,True,False,True,True,sd1-modified,modified
3047621524,sd1,247,36900,True,28.707223848992726,11,0,8.513333333333334,5.0,18,True,True,False,True,True,sd1-modified,modified
1854712129,sd1,241,36000,True,28.213344579999102,11,0,9.106666666666667,6.0,18,True,True,False,True,True,sd1-modified,modified
997242548,sd1,2001,300000,False,237.6632976240071,8,2,9.12,6.0,18,True,True,False,True,True,sd1-modified,modified
1386174930,sd1,2001,300000,False,243.03168120498594,9,2,8.833333333333334,5.0,18,True,True,False,True,True,sd1-modified,modified
1314933732,sd1,372,55650,True,43.83857953301049,11,0,8.54,5.5,18,True,True,False,True,True,sd1-modified,modified
1893690812,sd1,2001,300000,False,240.72470765199978,9,2,8.706666666666667,5.0,18,True,True,False,True,True,sd1-modified,modified
906456036,sd1,27,3900,True,3.1119520569918677,10,0,8.586666666666666,5.0,18,True,True,False,True,True,sd1-modified,modified
3707891570,sd1,2001,300000,False,230.29963462101296,10,2,7.626666666666667,5.0,18,True,True,False,True,True,sd1-modified,modified
1747512124,sd1,1017,152400,True,124.34880864599836,9,0,9.02,5.0,18,True,True,False,True,True,sd1-modified,modified
625964716,sd1,2001,300000,False,242.672804308997,10,2,8.373333333333333,5.0,18,True,True,False,True,True,sd1-modified,modified
1655317465,sd1,2001,300000,False,237.60686695799814,8,2,8.4,5.0,18,True,True,False,True,True,sd1-modified,modified
2879732968,sd1,2001,300000,False,238.6952500280022,10,2,8.493333333333334,5.0,18,True,True,False,True,True,sd1-modified,modified
3779610235,sd1,2001,300000,False,231.0313721249986,10,2,8.62,5.0,18,True,True,False,True,True,sd1-modified,modified
2198559462,sd1,13,1800,True,1.3200910900050076,14,0,8.726666666666667,6.0,18,True,True,False,True,True,sd1-modified,modified
743359466,sd1,2001,300000,False,240.53662120900117,9,2,8.94,5.0,18,True,True,False,True,True,sd1-modified,modified
943300948,sd1,2001,300000,False,240.74094873899594,8,2,9.613333333333333,6.0,18,True,True,False,True,True,sd1-modified,modified
34107868,sd1,86,12750,True,10.567164595995564,12,0,8.62,5.5,18,True,True,False,True,True,sd1-modified,modified
2082531011,sd1,2001,300000,False,243.50125863100402,10,2,9.093333333333334,6.0,18,True,True,False,True,True,sd1-modified,modified
2365913703,sd1,2001,300000,False,244.2870779609948,9,2,9.373333333333333,6.0,18,True,True,False,True,True,sd1-modified,modified
45047004,sd1,2001,300000,False,238.74808427100652,9,2,7.966666666666667,5.0,18,True,True,False,True,True,sd1-modified,modified
1777465372,sd1,2001,300000,False,239.07656559400493,10,2,8.953333333333333,6.0,18,True,True,False,True,True,sd1-modified,modified
952038986,sd1,2001,300000,False,239.06484642600117,10,2,9.12,6.0,18,True,True,False,True,True,sd1-modified,modified
3667054561,sd1,2001,300000,False,236.76039026900253,8,2,8.48,5.0,18,True,True,False,True,True,sd1-modified,modified
4224955422,sd1,2001,300000,False,239.1287894989946,8,2,9.6,6.0,18,True,True,False,True,True,sd1-modified,modified
3772832900,sd1,2001,300000,False,242.8520853999944,10,2,8.76,6.0,18,True,True,False,True,True,sd1-modified,modified
3010194696,sd1,2001,300000,False,242.83220764101134,9,2,9.18,6.0,18,True,True,False,True,True,sd1-modified,modified
2139286705,sd1,2001,300000,False,234.1748856260092,9,2,8.54,5.0,18,True,True,False,True,True,sd1-modified,modified
3999966297,sd1,2001,300000,False,233.07985007800744,10,2,7.913333333333333,5.0,18,True,True,False,True,True,sd1-modified,modified
1659373067,sd1,2001,300000,False,237.0288388170011,10,2,8.32,6.0,18,True,True,False,True,True,sd1-modified,modified
3193871891,sd1,2001,300000,False,236.1354596549936,8,2,9.046666666666667,6.0,18,True,True,False,True,True,sd1-modified,modified
3501394679,sd1,2001,300000,False,239.81277182599297,10,2,8.566666666666666,6.0,18,True,True,False,True,True,sd1-modified,modified
1176912709,sd1,2001,300000,False,230.8165453190013,10,2,9.146666666666667,6.0,18,True,True,False,True,True,sd1-modified,modified
2625360392,sd1,1359,203700,True,153.60833184300282,10,0,9.133333333333333,5.0,18,True,True,False,True,True,sd1-modified,modified
3886404040,sd1,2001,300000,False,193.4831185840012,11,2,8.573333333333334,5.0,18,True,True,False,True,True,sd1-modified,modified
1022609792,sd1,2001,300000,False,215.21487692599476,9,2,8.386666666666667,5.0,18,True,True,False,True,True,sd1-modified,modified
4162557871,sd1,2001,300000,False,201.30316483299248,9,2,8.32,5.0,18,True,True,False,True,True,sd1-modified,modified
1273947043,sd1,2001,300000,False,187.36100132600404,12,2,7.913333333333333,5.0,18,True,True,False,True,True,sd1-modified,modified
2778046070,sd1,2001,300000,False,195.60409752900887,8,2,8.933333333333334,6.0,18,True,True,False,True,True,sd1-modified,modified
1282873427,sd1,2001,300000,False,174.49197821599955,12,2,7.72,5.0,18,True,True,False,True,True,sd1-modified,modified
3915829765,sd2,2001,300000,False,214.57441117700364,3,4,10.326666666666666,4.0,18,False,False,True,False,False,sd2-paper,paper
2705014006,sd2,2001,300000,False,216.11926702100027,3,2,8.38,2.0,18,False,False,True,False,False,sd2-paper,paper
1333843299,sd2,2001,300000,False,216.3732925979857,3,2,10.293333333333333,17.0,18,False,False,True,False,False,sd2-paper,paper
2046530742,sd2,2001,300000,False,218.46033318100672,3,2,8.486666666666666,2.0,18,False,False,True,False,False,sd2-paper,paper
2099784219,sd2,2001,300000,False,219.54528083499463,3,2,8.073333333333334,2.0,18,False,False,True,False,False,sd2-paper,paper
2669555309,sd2,2001,300000,False,221.34538232900377,3,5,10.18,5.0,18,False,False,True,False,False,sd2-paper,paper
3444837047,sd2,2001,300000,False,222.0919621149951,3,2,8.286666666666667,2.0,18,False,False,True,False,False,sd2-paper,paper
3581440988,sd2,2001,300000,False,222.73905921199184,3,2,8.793333333333333,2.0,18,False,False,True,False,False,sd2-paper,paper
1691623607,sd2,2001,300000,False,223.3386326780019,3,2,8.586666666666666,2.0,18,False,False,True,False,False,sd2-paper,paper
1184028159,sd2,2001,300000,False,223.6858066910063,3,4,10.873333333333333,4.0,18,False,False,True,False,False,sd2-paper,paper
3957024168,sd2,2001,300000,False,225.16290265599673,3,4,10.8,4.0,18,False,False,True,False,False,sd2-paper,paper
2468990893,sd2,2001,300000,False,225.48926505900454,3,6,11.433333333333334,6.0,18,False,False,True,False,False,sd2-paper,paper
2170464109,sd2,2001,300000,False,225.918512283999,3,4,10.62,4.0,18,False,False,True,False,False,sd2-paper,paper
862288241,sd2,2001,300000,False,226.99806165299378,3,4,10.606666666666667,4.0,18,False,False,True,False,False,sd2-paper,paper
2128606514,sd2,2001,300000,False,215.73869020900747,3,5,11.733333333333333,17.0,18,False,False,True,False,False,sd2-paper,paper
2996663166,sd2,2001,300000,False,219.58762022299925,3,2,8.5,2.0,18,False,False,True,False,False,sd2-paper,paper
1741519417,sd2,2001,300000,False,220.00646688501,3,6,11.093333333333334,6.0,18,False,False,True,False,False,sd2-paper,paper
3657378459,sd2,2001,300000,False,217.691155049004,3,2,7.726666666666667,2.0,18,False,False,True,False,False,sd2-paper,paper
4178181242,sd2,2001,300000,False,221.51092875900213,3,4,10.14,4.0,18,False,False,True,False,False,sd2-paper,paper
2436567560,sd2,2001,300000,False,217.5910088739911,3,2,9.56,2.0,18,False,False,True,False,False,sd2-paper,paper
563021890,sd2,2001,300000,False,223.78528272200492,3,4,10.88,4.0,18,False,False,True,False,False,sd2-paper,paper
2422051390,sd2,2001,300000,False,222.254559893001,3,2,8.16,2.0,18,False,False,True,False,False,sd2-paper,paper
3928734150,sd2,2001,300000,False,221.3391578509909,3,4,10.153333333333334,4.0,18,False,False,True,False,False,sd2-paper,paper
2218688234,sd2,2001,300000,False,224.53215460499632,3,4,10.246666666666666,4.0,18,False,False,True,False,False,sd2-paper,paper
2493935339,sd2,2001,300000,False,222.8355787019973,3,3,10.273333333333333,3.0,18,False,False,True,False,False,sd2-paper,paper
3310747494,sd2,2001,300000,False,225.00967857700016,3,4,9.96,4.0,18,False,False,True,False,False,sd2-paper,paper
3560217815,sd2,2001,300000,False,227.6377973750059,3,4,10.993333333333334,10.5,18,False,False,True,False,False,sd2-paper,paper
408731928,sd2,2001,300000,False,226.4611307120067,3,4,9.58,4.0,18,False,False,True,False,False,sd2-paper,paper
348619172,sd2,2001,300000,False,213.56151477299863,3,4,11.073333333333334,17.0,18,False,False,True,False,False,sd2-paper,paper
1255089826,sd2,2001,300000,False,217.6623453630018,3,5,10.44,5.0,18,False,False,True,False,False,sd2-paper,paper
110273505,sd2,2001,300000,False,217.9912775940029,3,2,8.38,2.0,18,False,False,True,False,False,sd2-paper,paper
2836725664,sd2,2001,300000,False,217.17324720398756,3,4,10.526666666666667,4.0,18,False,False,True,False,False,sd2-paper,paper
1627962091,sd2,2001,300000,False,219.0104605719971,3,4,8.74,4.0,18,False,False,True,False,False,sd2-paper,paper
2657689626,sd2,2001,300000,False,218.82647119699686,4,2,8.146666666666667,2.0,18,False,False,True,False,False,sd2-paper,paper
4206876380,sd2,2001,300000,False,215.9487039779924,3,2,8.286666666666667,2.0,18,False,False,True,False,False,sd2-paper,paper
1727344081,sd2,2001,300000,False,221.64457684700028,3,3,9.573333333333334,3.0,18,False,False,True,False,False,sd2-paper,paper
1695213383,sd2,2001,300000,False,223.73444741099956,3,4,10.246666666666666,4.0,18,False,False,True,False,False,sd2-paper,paper
1245605034,sd2,2001,300000,False,221.84542848299316,3,4,10.7,4.0,18,False,False,True,False,False,sd2-paper,paper
1164341515,sd2,2001,300000,False,225.5838857070048,3,4,10.226666666666667,4.0,18,False,False,True,False,False,sd2-paper,paper
4040197091,sd2,2001,300000,False,221.79062677799084,3,2,9.126666666666667,2.0,18,False,False,True,False,False,sd2-paper,paper
3077688642,sd2,2001,300000,False,227.70688453300681,3,6,11.826666666666666,6.0,18,False,False,True,False,False,sd2-paper,paper
2571176866,sd2,2001,300000,False,223.79379725200124,3,2,7.8533333333333335,2.0,18,False,False,True,False,False,sd2-paper,paper
3168783890,sd2,2001,300000,False,217.80792934200144,3,4,10.04,4.0,18,False,False,True,False,False,sd2-paper,paper
3549786358,sd2,2001,300000,False,216.2671973920078,3,2,9.033333333333333,2.0,18,False,False,True,False,False,sd2-paper,paper
2245842095,sd2,2001,300000,False,217.5886392750108,3,4,9.686666666666667,4.0,18,False,False,True,False,False,sd2-paper,paper
781950879,sd2,2001,300000,False,220.04237847600598,3,4,10.053333333333333,4.0,18,False,False,True,False,False,sd2-paper,paper
4066352818,sd2,2001,300000,False,222.09893049899256,3,5,11.4,5.0,18,False,False,True,False,False,sd2-paper,paper
3576043346,sd2,2001,300000,False,223.3183806399902,3,4,10.24,4.0,18,False,False,True,False,False,sd2-paper,paper
1297446070,sd2,2001,300000,False,222.23190605299897,3,4,11.633333333333333,18.0,18,False,False,True,False,False,sd2-paper,paper
1493011086,sd2,2001,300000,False,222.94572730299842,3,2,9.333333333333334,2.0,18,False,False,True,False,False,sd2-paper,paper
2886620867,sd2,2001,300000,False,224.70958929100016,3,5,10.446666666666667,5.0,18,False,False,True,False,False,sd2-paper,paper
3132050763,sd2,2001,300000,False,220.30693675400107,3,2,7.22,2.0,18,False,False,True,False,False,sd2-paper,paper
666288517,sd2,2001,300000,False,219.36941309599206,3,2,7.62,2.0,18,False,False,True,False,False,sd2-paper,paper
3097084020,sd2,2001,300000,False,220.72174693499983,3,2,8.28,2.0,18,False,False,True,False,False,sd2-paper,paper
3945348426,sd2,2001,300000,False,223.25214809201134,3,4,11.16,17.0,18,False,False,True,False,False,sd2-paper,paper
509847863,sd2,2001,300000,False,223.95800210299785,3,4,10.686666666666667,4.0,18,False,False,True,False,False,sd2-paper,paper
2681697076,sd2,2001,300000,False,220.87475326099957,3,4,10.233333333333333,4.0,18,False,False,True,False,False,sd2-paper,paper
1386174930,sd2,2001,300000,False,215.98939988699567,3,4,10.24,4.0,18,False,False,True,False,False,sd2-paper,paper
997242548,sd2,2001,300000,False,217.65712685199105,3,2,8.6,2.0,18,False,False,True,False,False,sd2-paper,paper
1812556602,sd2,2001,300000,False,221.50875203299802,3,5,11.48,11.0,18,False,False,True,False,False,sd2-paper,paper
1893690812,sd2,2001,300000,False,220.56954427299206,3,4,10.88,4.0,18,False,False,True,False,False,sd2-paper,paper
3707891570,sd2,2001,300000,False,220.5100879429956,3,2,8.373333333333333,2.0,18,False,False,True,False,False,sd2-paper,paper
3489956201,sd2,2001,300000,False,220.32019614300225,3,4,11.226666666666667,17.0,18,False,False,True,False,False,sd2-paper,paper
3043669598,sd2,2001,300000,False,224.37173815500864,3,4,10.033333333333333,4.0,18,False,False,True,False,False,sd2-paper,paper
1655317465,sd2,2001,300000,False,221.32488639499934,3,4,10.526666666666667,4.0,18,False,False,True,False,False,sd2-paper,paper
625964716,sd2,2001,300000,False,222.34185933500703,3,2,8.18,2.0,18,False,False,True,False,False,sd2-paper,paper
2879732968,sd2,2001,300000,False,223.76642702201207,3,4,11.273333333333333,18.0,18,False,False,True,False,False,sd2-paper,paper
743359466,sd2,2001,300000,False,224.37261861900333,3,4,9.94,4.0,18,False,False,True,False,False,sd2-paper,paper
3738036910,sd2,2001,300000,False,223.4843929350027,3,4,10.046666666666667,4.0,18,False,False,True,False,False,sd2-paper,paper
3779610235,sd2,2001,300000,False,223.31821396799933,2,2,7.546666666666667,2.0,18,False,False,True,False,False,sd2-paper,paper
943300948,sd2,2001,300000,False,218.91006551400642,3,2,8.5,2.0,18,False,False,True,False,False,sd2-paper,paper
1747512124,sd2,2001,300000,False,219.20418853400042,3,2,9.006666666666666,2.0,18,False,False,True,False,False,sd2-paper,paper
2082531011,sd2,2001,300000,False,220.56572655399214,3,4,10.62,4.0,18,False,False,True,False,False,sd2-paper,paper
3047621524,sd2,2001,300000,False,220.80506519498886,3,4,10.873333333333333,4.0,18,False,False,True,False,False,sd2-paper,paper
2365913703,sd2,2001,300000,False,215.59395034100453,3,2,8.066666666666666,2.0,18,False,False,True,False,False,sd2-paper,paper
1854712129,sd2,2001,300000,False,221.1872680719971,3,4,9.86,4.0,18,False,False,True,False,False,sd2-paper,paper
1314933732,sd2,2001,300000,False,227.4968744390062,3,4,10.32,4.0,18,False,False,True,False,False,sd2-paper,paper
1777465372,sd2,2001,300000,False,220.87272136000684,3,2,8.706666666666667,2.0,18,False,False,True,False,False,sd2-paper,paper
952038986,sd2,2001,300000,False,224.44737663900014,3,4,10.62,4.0,18,False,False,True,False,False,sd2-paper,paper
45047004,sd2,2001,300000,False,226.97058926800673,3,6,11.733333333333333,6.0,18,False,False,True,False,False,sd2-paper,paper
3667054561,sd2,2001,300000,False,223.6846420130023,3,5,11.22,5.0,18,False,False,True,False,False,sd2-paper,paper
4224955422,sd2,2001,300000,False,224.06994707400736,3,2,7.846666666666667,2.0,18,False,False,True,False,False,sd2-paper,paper
906456036,sd2,2001,300000,False,227.50936313800048,3,6,12.313333333333333,18.0,18,False,False,True,False,False,sd2-paper,paper
3772832900,sd2,2001,300000,False,225.70588040800067,3,2,7.966666666666667,2.0,18,False,False,True,False,False,sd2-paper,paper
3010194696,sd2,2001,300000,False,218.29423949099146,3,4,11.526666666666667,18.0,18,False,False,True,False,False,sd2-paper,paper
2139286705,sd2,2001,300000,False,216.4737253350031,3,2,7.753333333333333,2.0,18,False,False,True,False,False,sd2-paper,paper
2198559462,sd2,2001,300000,False,217.2432087519992,3,2,9.353333333333333,2.0,18,False,False,True,False,False,sd2-paper,paper
34107868,sd2,2001,300000,False,219.28077286899497,4,2,8.786666666666667,2.0,18,False,False,True,False,False,sd2-paper,paper
3999966297,sd2,2001,300000,False,213.69030519700027,3,3,10.28,3.0,18,False,False,True,False,False,sd2-paper,paper
1659373067,sd2,2001,300000,False,218.96059133099334,3,4,9.593333333333334,4.0,18,False,False,True,False,False,sd2-paper,paper
3193871891,sd2,2001,300000,False,218.91770117999113,3,2,8.5,2.0,18,False,False,True,False,False,sd2-paper,paper
3501394679,sd2,2001,300000,False,216.83115888301108,2,4,10.066666666666666,4.0,18,False,False,True,False,False,sd2-paper,paper
1022609792,sd2,2001,300000,False,216.14968982299615,3,5,11.126666666666667,5.0,18,False,False,True,False,False,sd2-paper,paper
2778046070,sd2,2001,300000,False,210.85730210400652,3,2,8.806666666666667,2.0,18,False,False,True,False,False,sd2-paper,paper
3886404040,sd2,2001,300000,False,212.07401767300325,3,2,9.46,2.0,18,False,False,True,False,False,sd2-paper,paper
1176912709,sd2,2001,300000,False,219.38224088799325,3,7,12.686666666666667,17.0,18,False,False,True,False,False,sd2-paper,paper
2625360392,sd2,2001,300000,False,211.18661378399702,3,2,8.053333333333333,2.0,18,False,False,True,False,False,sd2-paper,paper
4162557871,sd2,2001,300000,False,215.8909749960003,3,5,11.546666666666667,17.0,18,False,False,True,False,False,sd2-paper,paper
1273947043,sd2,2001,300000,False,124.38825049600564,3,2,8.493333333333334,2.0,18,False,False,True,False,False,sd2-paper,paper
1282873427,sd2,2001,300000,False,123.48956577500212,3,4,10.42,4.0,18,False,False,True,False,False,sd2-paper,paper
3915829765,sd2,24,3450,True,2.6293201179942116,10,0,8.38,6.0,18,True,True,False,True,True,sd2-modified,modified
862288241,sd2,59,8700,True,6.76089259199216,12,0,8.913333333333334,6.0,18,True,True,False,True,True,sd2-modified,modified
3957024168,sd2,2001,300000,False,226.38550287400722,8,2,8.68,6.0,18,True,True,False,True,True,sd2-modified,modified
3444837047,sd2,2001,300000,False,230.3619931669964,10,2,9.446666666666667,5.5,18,True,True,False,True,True,sd2-modified,modified
2046530742,sd2,2001,300000,False,231.4135687659873,10,2,8.466666666666667,5.0,18,True,True,False,True,True,sd2-modified,modified
2099784219,sd2,2001,300000,False,231.93583408600534,9,2,8.74,6.0,18,True,True,False,True,True,sd2-modified,modified
2468990893,sd2,2001,300000,False,232.32673024800897,9,2,8.673333333333334,6.0,18,True,True,False,True,True,sd2-modified,modified
3581440988,sd2,2001,300000,False,232.38101520801138,11,2,8.42,5.0,18,True,True,False,True,True,sd2-modified,modified
1333843299,sd2,2001,300000,False,232.43063150100352,10,2,9.406666666666666,6.0,18,True,True,False,True,True,sd2-modified,modified
2669555309,sd2,2001,300000,False,232.93417329400836,10,2,9.966666666666667,6.0,18,True,True,False,True,True,sd2-modified,modified
2705014006,sd2,2001,300000,False,233.82574457800365,9,2,8.573333333333334,6.0,18,True,True,False,True,True,sd2-modified,modified
1691623607,sd2,2001,300000,False,234.25277579300746,7,2,8.713333333333333,5.5,18,True,True,False,True,True,sd2-modified,modified
2128606514,sd2,2001,300000,False,232.04322934399534,10,2,9.18,6.0,18,True,True,False,True,True,sd2-modified,modified
2170464109,sd2,2001,300000,False,236.0739899839973,9,2,8.093333333333334,6.0,18,True,True,False,True,True,sd2-modified,modified
1184028159,sd2,2001,300000,False,236.57872427100665,10,2,8.473333333333333,5.0,18,True,True,False,True,True,sd2-modified,modified
563021890,sd2,76,11250,True,8.534071461996064,12,0,8.553333333333333,6.0,18,True,True,False,True,True,sd2-modified,modified
1741519417,sd2,2001,300000,False,238.94757051899796,10,2,8.526666666666667,5.0,18,True,True,False,True,True,sd2-modified,modified
2996663166,sd2,2001,300000,False,225.57024399099464,11,2,9.14,6.0,18,True,True,False,True,True,sd2-modified,modified
4178181242,sd2,2001,300000,False,226.41614405601285,7,2,8.553333333333333,5.5,18,True,True,False,True,True,sd2-modified,modified
3657378459,sd2,2001,300000,False,226.30840421200264,9,2,8.546666666666667,5.0,18,True,True,False,True,True,sd2-modified,modified
2493935339,sd2,2001,300000,False,223.70046499599994,9,2,9.066666666666666,6.0,18,True,True,False,True,True,sd2-modified,modified
2218688234,sd2,2001,300000,False,226.24995646999741,8,2,8.98,6.0,18,True,True,False,True,True,sd2-modified,modified
2436567560,sd2,2001,300000,False,230.2917250830069,8,2,9.06,5.5,18,True,True,False,True,True,sd2-modified,modified
3928734150,sd2,2001,300000,False,230.62570187699748,9,2,8.166666666666666,5.0,18,True,True,False,True,True,sd2-modified,modified
2422051390,sd2,2001,300000,False,231.36475359399628,8,2,7.953333333333333,5.0,18,True,True,False,True,True,sd2-modified,modified
3077688642,sd2,26,3750,True,2.8321895340050105,10,0,8.606666666666667,6.0,18,True,True,False,True,True,sd2-modified,modified
3310747494,sd2,2001,300000,False,231.73258047099807,9,2,9.893333333333333,6.0,18,True,True,False,True,True,sd2-modified,modified
3560217815,sd2,2001,300000,False,236.72163146499952,10,2,8.306666666666667,5.0,18,True,True,False,True,True,sd2-modified,modified
348619172,sd2,2001,300000,False,234.35218607199204,10,2,8.813333333333333,5.0,18,True,True,False,True,True,sd2-modified,modified
110273505,sd2,2001,300000,False,231.83220224399702,10,2,9.106666666666667,6.0,18,True,True,False,True,True,sd2-modified,modified
408731928,sd2,2001,300000,False,236.9891527169966,10,2,9.633333333333333,6.0,18,True,True,False,True,True,sd2-modified,modified
3549786358,sd2,11,1500,True,1.1016517289972398,11,0,10.326666666666666,7.0,18,True,True,False,True,True,sd2-modified,modified
1255089826,sd2,2001,300000,False,233.5983671360009,10,2,9.52,6.0,18,True,True,False,True,True,sd2-modified,modified
1727344081,sd2,659,98700,True,75.06607926001016,10,0,9.166666666666666,5.0,18,True,True,False,True,True,sd2-modified,modified
1627962091,sd2,2001,300000,False,224.06596796600206,10,2,9.1,6.0,18,True,True,False,True,True,sd2-modified,modified
2657689626,sd2,2001,300000,False,222.7915291100071,8,2,9.76,6.0,18,True,True,False,True,True,sd2-modified,modified
2836725664,sd2,2001,300000,False,229.6457963809953,9,2,8.266666666666667,5.5,18,True,True,False,True,True,sd2-modified,modified
1695213383,sd2,2001,300000,False,224.562229631003,10,2,8.84,6.0,18,True,True,False,True,True,sd2-modified,modified
2886620867,sd2,19,2700,True,1.9267736640031217,12,0,8.806666666666667,6.0,18,True,True,False,True,True,sd2-modified,modified
4206876380,sd2,2001,300000,False,222.67693023200263,9,2,9.086666666666666,6.0,18,True,True,False,True,True,sd2-modified,modified
1164341515,sd2,2001,300000,False,227.8171832240041,10,2,7.946666666666666,5.0,18,True,True,False,True,True,sd2-modified,modified
2571176866,sd2,2001,300000,False,227.5030196430016,10,2,8.786666666666667,5.5,18,True,True,False,True,True,sd2-modified,modified
781950879,sd2,2001,300000,False,224.70712628099136,11,2,8.78,6.0,18,True,True,False,True,True,sd2-modified,modified
1245605034,sd2,2001,300000,False,232.38311206700746,10,2,8.953333333333333,5.5,18,True,True,False,True,True,sd2-modified,modified
4040197091,sd2,2001,300000,False,228.0603857699898,10,2,9.066666666666666,6.0,18,True,True,False,True,True,sd2-modified,modified
3168783890,sd2,2001,300000,False,235.40871533899917,9,2,8.606666666666667,6.0,18,True,True,False,True,True,sd2-modified,modified
2245842095,sd2,2001,300000,False,234.4893732979981,9,2,9.293333333333333,6.0,18,True,True,False,True,True,sd2-modified,modified
4066352818,sd2,2001,300000,False,233.87615311000263,10,2,8.013333333333334,5.0,18,True,True,False,True,True,sd2-modified,modified
3576043346,sd2,2001,300000,False,230.04034004700952,9,2,8.886666666666667,6.0,18,True,True,False,True,True,sd2-modified,modified
2681697076,sd2,1435,215100,True,169.46012723000604,12,0,8.726666666666667,5.0,18,True,True,False,True,True,sd2-modified,modified
3945348426,sd2,2001,300000,False,242.355500279009,11,2,9.906666666666666,6.0,18,True,True,False,True,True,sd2-modified,modified
3132050763,sd2,2001,300000,False,243.52566565500456,10,2,8.48,5.0,18,True,True,False,True,True,sd2-modified,modified
1297446070,sd2,2001,300000,False,245.86511464499927,8,2,9.333333333333334,6.0,18,True,True,False,True,True,sd2-modified,modified
1493011086,sd2,2001,300000,False,246.59987885699957,8,2,9.7,6.0,18,True,True,False,True,True,sd2-modified,modified
666288517,sd2,2001,300000,False,246.89292445599858,8,2,8.493333333333334,5.0,18,True,True,False,True,True,sd2-modified,modified
509847863,sd2,2001,300000,False,242.2127218539972,10,2,8.706666666666667,5.0,18,True,True,False,True,True,sd2-modified,modified
3097084020,sd2,2001,300000,False,249.6401684099983,11,2,9.193333333333333,6.0,18,True,True,False,True,True,sd2-modified,modified
1386174930,sd2,2001,300000,False,247.07028427200567,10,2,8.966666666666667,6.0,18,True,True,False,True,True,sd2-modified,modified
1812556602,sd2,2001,300000,False,250.49256461800542,12,2,7.82,5.0,18,True,True,False,True,True,sd2-modified,modified
1747512124,sd2,49,7200,True,5.9029603759991005,12,0,9.72,6.0,18,True,True,False,True,True,sd2-modified,modified
1893690812,sd2,2001,300000,False,246.14354715099034,10,2,8.893333333333333,5.0,18,True,True,False,True,True,sd2-modified,modified
997242548,sd2,2001,300000,False,254.68752810699516,9,2,8.62,5.0,18,True,True,False,True,True,sd2-modified,modified
3707891570,sd2,2001,300000,False,251.5622506219952,11,2,8.153333333333334,6.0,18,True,True,False,True,True,sd2-modified,modified
3489956201,sd2,2001,300000,False,249.5630682560004,12,2,7.733333333333333,5.0,18,True,True,False,True,True,sd2-modified,modified
3043669598,sd2,2001,300000,False,246.23844785899564,9,2,8.866666666666667,6.0,18,True,True,False,True,True,sd2-modified,modified
625964716,sd2,2001,300000,False,239.52486964499985,9,2,8.646666666666667,5.0,18,True,True,False,True,True,sd2-modified,modified
2879732968,sd2,2001,300000,False,246.80126484300126,10,2,8.346666666666666,5.0,18,True,True,False,True,True,sd2-modified,modified
743359466,sd2,2001,300000,False,251.26337971100293,10,2,9.06,6.0,18,True,True,False,True,True,sd2-modified,modified
1655317465,sd2,2001,300000,False,258.5411592039891,9,2,8.813333333333333,5.0,18,True,True,False,True,True,sd2-modified,modified
3738036910,sd2,2001,300000,False,253.20437269599643,10,2,8.54,5.0,18,True,True,False,True,True,sd2-modified,modified
3779610235,sd2,2001,300000,False,252.32006806100253,10,2,8.966666666666667,6.0,18,True,True,False,True,True,sd2-modified,modified
943300948,sd2,2001,300000,False,256.2979507620039,10,2,10.173333333333334,6.0,18,True,True,False,True,True,sd2-modified,modified
2082531011,sd2,2001,300000,False,258.13214908799273,8,2,8.46,5.0,18,True,True,False,True,True,sd2-modified,modified
1854712129,sd2,2001,300000,False,257.2069157980004,11,2,9.64,6.0,18,True,True,False,True,True,sd2-modified,modified
3047621524,sd2,2001,300000,False,262.70981062999635,8,2,8.293333333333333,5.0,18,True,True,False,True,True,sd2-modified,modified
2365913703,sd2,2001,300000,False,259.5046486630017,8,2,9.253333333333334,6.0,18,True,True,False,True,True,sd2-modified,modified
1314933732,sd2,2001,300000,False,266.0796985220077,8,2,9.153333333333334,6.0,18,True,True,False,True,True,sd2-modified,modified
1659373067,sd2,231,34500,True,29.826257338994765,10,0,7.96,5.0,18,True,True,False,True,True,sd2-modified,modified
45047004,sd2,2001,300000,False,251.90327162999893,9,2,8.7,5.0,18,True,True,False,True,True,sd2-modified,modified
2139286705,sd2,644,96450,True,85.57165904800058,11,0,8.22,6.0,18,True,True,False,True,True,sd2-modified,modified
1777465372,sd2,2001,300000,False,256.59597980900435,10,2,8.446666666666667,6.0,18,True,True,False,True,True,sd2-modified,modified
3772832900,sd2,1650,247350,True,209.466923725995,10,0,8.053333333333333,6.0,18,True,True,False,True,True,sd2-modified,modified
952038986,sd2,2001,300000,False,252.10375968000153,11,2,7.993333333333333,5.5,18,True,True,False,True,True,sd2-modified,modified
2778046070,sd2,14,1950,True,1.5796430020127445,11,0,8.16,6.0,18,True,True,False,True,True,sd2-modified,modified
906456036,sd2,2001,300000,False,253.59102088399231,8,2,9.42,6.0,18,True,True,False,True,True,sd2-modified,modified
3667054561,sd2,2001,300000,False,251.27272988500772,11,2,9.573333333333334,6.0,18,True,True,False,True,True,sd2-modified,modified
4224955422,sd2,2001,300000,False,257.12592647100973,10,2,8.846666666666666,6.0,18,True,True,False,True,True,sd2-modified,modified
3010194696,sd2,2001,300000,False,259.8545067899977,8,2,9.133333333333333,6.0,18,True,True,False,True,True,sd2-modified,modified
2198559462,sd2,2001,300000,False,260.02105819399003,8,2,9.24,6.0,18,True,True,False,True,True,sd2-modified,modified
34107868,sd2,2001,300000,False,261.0938850849925,9,2,8.84,6.0,18,True,True,False,True,True,sd2-modified,modified
3999966297,sd2,2001,300000,False,254.20253010099987,10,2,8.526666666666667,5.0,18,True,True,False,True,True,sd2-modified,modified
3193871891,sd2,2001,300000,False,255.6077757400053,8,2,8.766666666666667,6.0,18,True,True,False,True,True,sd2-modified,modified
3501394679,sd2,2001,300000,False,249.50372740799503,10,2,9.073333333333334,6.0,18,True,True,False,True,True,sd2-modified,modified
1176912709,sd2,2001,300000,False,229.54169199999887,10,2,8.473333333333333,5.0,18,True,True,False,True,True,sd2-modified,modified
1022609792,sd2,2001,300000,False,230.62722438099445,10,2,8.893333333333333,6.0,18,True,True,False,True,True,sd2-modified,modified
3886404040,sd2,2001,300000,False,191.57994814499398,8,2,8.926666666666666,6.0,18,True,True,False,True,True,sd2-modified,modified
4162557871,sd2,2001,300000,False,182.3761382530065,12,2,8.38,5.0,18,True,True,False,True,True,sd2-modified,modified
2625360392,sd2,2001,300000,False,166.07187161500042,11,2,8.973333333333333,6.0,18,True,True,False,True,True,sd2-modified,modified
1273947043,sd2,2001,300000,False,163.6074832000013,8,2,8.013333333333334,5.0,18,True,True,False,True,True,sd2-modified,modified
1282873427,sd2,2001,300000,False,164.37846404500306,11,2,8.58,5.0,18,True,True,False,True,True,sd2-modified,modified
3444837047,sd3,10001,1500000,False,1295.130825757995,3,2,8.713333333333333,2.0,18,False,False,True,False,False,sd3-paper,paper
3915829765,sd3,10001,1500000,False,1298.9642358919955,3,4,10.9,4.0,18,False,False,True,False,False,sd3-paper,paper
2705014006,sd3,10001,1500000,False,1319.9558675839944,3,2,8.386666666666667,2.0,18,False,False,True,False,False,sd3-paper,paper
2170464109,sd3,10001,1500000,False,1321.0483093570074,3,2,7.633333333333334,2.0,18,False,False,True,False,False,sd3-paper,paper
1184028159,sd3,10001,1500000,False,1326.3780152519903,3,2,8.7,2.0,18,False,False,True,False,False,sd3-paper,paper
862288241,sd3,10001,1500000,False,1328.2517189479986,3,2,7.6466666666666665,2.0,18,False,False,True,False,False,sd3-paper,paper
2468990893,sd3,10001,1500000,False,1334.8648775869951,3,6,11.906666666666666,6.0,18,False,False,True,False,False,sd3-paper,paper
1691623607,sd3,10001,1500000,False,1337.4537062460004,3,2,6.566666666666666,2.0,18,False,False,True,False,False,sd3-paper,paper
2669555309,sd3,10001,1500000,False,1341.4049239480082,2,2,8.293333333333333,2.0,18,False,False,True,False,False,sd3-paper,paper
3957024168,sd3,10001,1500000,False,1342.796418761005,3,2,7.833333333333333,2.0,18,False,False,True,False,False,sd3-paper,paper
3581440988,sd3,10001,1500000,False,1343.3303653750045,3,2,7.846666666666667,2.0,18,False,False,True,False,False,sd3-paper,paper
2099784219,sd3,10001,1500000,False,1348.3466184980061,3,4,10.52,4.0,18,False,False,True,False,False,sd3-paper,paper
1333843299,sd3,10001,1500000,False,1352.798801950994,3,4,10.146666666666667,4.0,18,False,False,True,False,False,sd3-paper,paper
2046530742,sd3,10001,1500000,False,1376.7312708350073,3,2,7.966666666666667,2.0,18,False,False,True,False,False,sd3-paper,paper
2128606514,sd3,10001,1500000,False,1274.7733699240052,3,4,9.933333333333334,4.0,18,False,False,True,False,False,sd3-paper,paper
2996663166,sd3,10001,1500000,False,1304.943671764995,3,2,8.18,2.0,18,False,False,True,False,False,sd3-paper,paper
2422051390,sd3,10001,1500000,False,1328.2237962679937,3,2,9.333333333333334,2.0,18,False,False,True,False,False,sd3-paper,paper
3928734150,sd3,10001,1500000,False,1325.1756130369904,3,2,8.486666666666666,2.0,18,False,False,True,False,False,sd3-paper,paper
4178181242,sd3,10001,1500000,False,1354.3546606460004,3,2,8.393333333333333,2.0,18,False,False,True,False,False,sd3-paper,paper
563021890,sd3,10001,1500000,False,1354.6701597329957,3,2,6.886666666666667,2.0,18,False,False,True,False,False,sd3-paper,paper
2218688234,sd3,10001,1500000,False,1340.8308926019963,3,2,9.133333333333333,2.0,18,False,False,True,False,False,sd3-paper,paper
1741519417,sd3,10001,1500000,False,1390.5410443119908,3,4,10.04,4.0,18,False,False,True,False,False,sd3-paper,paper
3657378459,sd3,10001,1500000,False,1375.317789017994,3,2,9.233333333333333,2.0,18,False,False,True,False,False,sd3-paper,paper
2436567560,sd3,10001,1500000,False,1377.9143342689931,2,2,8.613333333333333,2.0,18,False,False,True,False,False,sd3-paper,paper
2493935339,sd3,10001,1500000,False,1365.7864108969952,3,4,10.973333333333333,10.5,18,False,False,True,False,False,sd3-paper,paper
3310747494,sd3,10001,1500000,False,1392.0280049640132,3,2,7.746666666666667,2.0,18,False,False,True,False,False,sd3-paper,paper
3560217815,sd3,10001,1500000,False,1397.1830259900016,3,4,10.42,4.0,18,False,False,True,False,False,sd3-paper,paper
408731928,sd3,10001,1500000,False,1376.414515120996,3,4,10.42,4.0,18,False,False,True,False,False,sd3-paper,paper
348619172,sd3,10001,1500000,False,1303.9904583719908,3,2,7.96,2.0,18,False,False,True,False,False,sd3-paper,paper
110273505,sd3,10001,1500000,False,1294.5981594470068,3,2,8.813333333333333,2.0,18,False,False,True,False,False,sd3-paper,paper
1255089826,sd3,10001,1500000,False,1275.2586431429954,3,4,10.426666666666666,4.0,18,False,False,True,False,False,sd3-paper,paper
1627962091,sd3,10001,1500000,False,1302.5562942230026,3,4,10.433333333333334,4.0,18,False,False,True,False,False,sd3-paper,paper
1695213383,sd3,10001,1500000,False,1316.4291991409991,4,2,8.166666666666666,2.0,18,False,False,True,False,False,sd3-paper,paper
2836725664,sd3,10001,1500000,False,1333.5246614899952,3,2,8.92,2.0,18,False,False,True,False,False,sd3-paper,paper
4206876380,sd3,10001,1500000,False,1310.9117245439993,3,2,9.353333333333333,2.0,18,False,False,True,False,False,sd3-paper,paper
1727344081,sd3,10001,1500000,False,1335.801058395009,3,4,11.333333333333334,17.0,18,False,False,True,False,False,sd3-paper,paper
1164341515,sd3,10001,1500000,False,1319.1773058940016,3,2,8.486666666666666,2.0,18,False,False,True,False,False,sd3-paper,paper
2657689626,sd3,10001,1500000,False,1385.3892857199971,3,4,10.5,4.0,18,False,False,True,False,False,sd3-paper,paper
3077688642,sd3,10001,1500000,False,1371.2028418270056,3,4,10.406666666666666,4.0,18,False,False,True,False,False,sd3-paper,paper
4040197091,sd3,10001,1500000,False,1351.9052067410084,3,4,10.24,4.0,18,False,False,True,False,False,sd3-paper,paper
2571176866,sd3,10001,1500000,False,1384.6402257470036,3,4,10.333333333333334,4.0,18,False,False,True,False,False,sd3-paper,paper
1245605034,sd3,10001,1500000,False,1389.774260694001,3,6,12.62,18.0,18,False,False,True,False,False,sd3-paper,paper
3168783890,sd3,10001,1500000,False,1360.9597096350044,3,4,10.706666666666667,4.0,18,False,False,True,False,False,sd3-paper,paper
781950879,sd3,10001,1500000,False,1354.4815275169967,3,4,11.246666666666666,17.0,18,False,False,True,False,False,sd3-paper,paper
3549786358,sd3,10001,1500000,False,1364.9662395119958,3,6,11.74,6.0,18,False,False,True,False,False,sd3-paper,paper
3576043346,sd3,10001,1500000,False,1330.3253449200129,4,2,9.426666666666666,2.0,18,False,False,True,False,False,sd3-paper,paper
2245842095,sd3,10001,1500000,False,1366.434076407997,3,2,8.6,2.0,18,False,False,True,False,False,sd3-paper,paper
1493011086,sd3,10001,1500000,False,1320.8287217950128,3,2,9.106666666666667,2.0,18,False,False,True,False,False,sd3-paper,paper
4066352818,sd3,10001,1500000,False,1379.8769880320033,3,4,11.446666666666667,18.0,18,False,False,True,False,False,sd3-paper,paper
1297446070,sd3,10001,1500000,False,1371.2404260449985,3,4,10.513333333333334,4.0,18,False,False,True,False,False,sd3-paper,paper
3132050763,sd3,10001,1500000,False,1372.9472381750093,3,4,10.8,4.0,18,False,False,True,False,False,sd3-paper,paper
2886620867,sd3,10001,1500000,False,1405.2442671929894,3,4,11.253333333333334,17.0,18,False,False,True,False,False,sd3-paper,paper
3945348426,sd3,10001,1500000,False,1391.8526338810043,3,6,11.733333333333333,6.0,18,False,False,True,False,False,sd3-paper,paper
3097084020,sd3,10001,1500000,False,1356.3638569180039,3,2,8.266666666666667,2.0,18,False,False,True,False,False,sd3-paper,paper
666288517,sd3,10001,1500000,False,1391.393206089997,3,4,10.32,4.0,18,False,False,True,False,False,sd3-paper,paper
509847863,sd3,10001,1500000,False,1367.9755969109974,3,4,10.133333333333333,4.0,18,False,False,True,False,False,sd3-paper,paper
2681697076,sd3,10001,1500000,False,1280.9436827419995,3,2,8.8,2.0,18,False,False,True,False,False,sd3-paper,paper
1812556602,sd3,10001,1500000,False,1325.2798349560035,2,2,8.613333333333333,2.0,18,False,False,True,False,False,sd3-paper,paper
1386174930,sd3,10001,1500000,False,1296.7658538030082,3,2,7.326666666666667,2.0,18,False,False,True,False,False,sd3-paper,paper
997242548,sd3,10001,1500000,False,1322.8783879339899,3,4,10.5,4.0,18,False,False,True,False,False,sd3-paper,paper
3707891570,sd3,10001,1500000,False,1326.4988856650016,3,2,7.74,2.0,18,False,False,True,False,False,sd3-paper,paper
1893690812,sd3,10001,1500000,False,1347.0437478189997,3,4,9.753333333333334,4.0,18,False,False,True,False,False,sd3-paper,paper
3043669598,sd3,10001,1500000,False,1355.3987523359974,3,4,10.68,4.0,18,False,False,True,False,False,sd3-paper,paper
3489956201,sd3,10001,1500000,False,1365.7035198079975,3,4,10.213333333333333,4.0,18,False,False,True,False,False,sd3-paper,paper
625964716,sd3,10001,1500000,False,1313.9203423279978,2,2,8.506666666666666,2.0,18,False,False,True,False,False,sd3-paper,paper
1655317465,sd3,10001,1500000,False,1351.6724638349988,3,2,9.32,2.0,18,False,False,True,False,False,sd3-paper,paper
2879732968,sd3,10001,1500000,False,1328.3047958909883,3,2,7.953333333333333,2.0,18,False,False,True,False,False,sd3-paper,paper
3738036910,sd3,10001,1500000,False,1315.5929077850014,3,2,7.8533333333333335,2.0,18,False,False,True,False,False,sd3-paper,paper
743359466,sd3,10001,1500000,False,1345.7651608940068,3,4,10.706666666666667,4.0,18,False,False,True,False,False,sd3-paper,paper
3779610235,sd3,10001,1500000,False,1346.5205913389946,3,4,10.4,4.0,18,False,False,True,False,False,sd3-paper,paper
943300948,sd3,10001,1500000,False,1281.4778349499975,3,4,10.153333333333334,4.0,18,False,False,True,False,False,sd3-paper,paper
2082531011,sd3,10001,1500000,False,1304.0227275550133,3,2,9.12,2.0,18,False,False,True,False,False,sd3-paper,paper
1747512124,sd3,10001,1500000,False,1334.3817786479922,3,2,8.486666666666666,2.0,18,False,False,True,False,False,sd3-paper,paper
1854712129,sd3,10001,1500000,False,1315.2605858919997,3,2,8.58,2.0,18,False,False,True,False,False,sd3-paper,paper
3047621524,sd3,10001,1500000,False,1338.1480505679938,3,2,6.993333333333333,2.0,18,False,False,True,False,False,sd3-paper,paper
1314933732,sd3,10001,1500000,False,1328.7114428659988,3,2,8.706666666666667,2.0,18,False,False,True,False,False,sd3-paper,paper
45047004,sd3,10001,1500000,False,1335.8753346020094,3,4,10.126666666666667,4.0,18,False,False,True,False,False,sd3-paper,paper
1777465372,sd3,10001,1500000,False,1332.6528747980046,3,2,9.433333333333334,2.0,18,False,False,True,False,False,sd3-paper,paper
2365913703,sd3,10001,1500000,False,1345.678549292992,3,2,8.386666666666667,2.0,18,False,False,True,False,False,sd3-paper,paper
906456036,sd3,10001,1500000,False,1339.247135455007,3,2,8.693333333333333,2.0,18,False,False,True,False,False,sd3-paper,paper
3667054561,sd3,10001,1500000,False,1346.3622385130002,3,2,7.826666666666667,2.0,18,False,False,True,False,False,sd3-paper,paper
3772832900,sd3,10001,1500000,False,1348.3278536290018,3,2,8.686666666666667,2.0,18,False,False,True,False,False,sd3-paper,paper
952038986,sd3,10001,1500000,False,1398.613823163003,3,7,12.26,7.0,18,False,False,True,False,False,sd3-paper,paper
4224955422,sd3,10001,1500000,False,1370.4359534560062,3,4,10.706666666666667,4.0,18,False,False,True,False,False,sd3-paper,paper
2778046070,sd3,5293,793800,True,665.2260207759973,5,0,9.186666666666667,2.0,18,False,False,True,False,False,sd3-paper,paper
3010194696,sd3,10001,1500000,False,1242.2493362569949,3,2,8.6,2.0,18,False,False,True,False,False,sd3-paper,paper
2139286705,sd3,10001,1500000,False,1233.9450027369894,3,4,9.02,4.0,18,False,False,True,False,False,sd3-paper,paper
2198559462,sd3,10001,1500000,False,1244.1120975869999,3,2,9.14,2.0,18,False,False,True,False,False,sd3-paper,paper
34107868,sd3,10001,1500000,False,1222.689664681995,3,2,8.68,2.0,18,False,False,True,False,False,sd3-paper,paper
1659373067,sd3,10001,1500000,False,1234.9675271550077,3,2,8.48,2.0,18,False,False,True,False,False,sd3-paper,paper
3999966297,sd3,10001,1500000,False,1211.560203703004,3,2,8.7,2.0,18,False,False,True,False,False,sd3-paper,paper
3193871891,sd3,10001,1500000,False,1198.401841997009,3,4,9.946666666666667,4.0,18,False,False,True,False,False,sd3-paper,paper
1176912709,sd3,10001,1500000,False,1198.0662231439928,3,4,10.766666666666667,4.0,18,False,False,True,False,False,sd3-paper,paper
3501394679,sd3,10001,1500000,False,1200.3787291420012,3,2,7.953333333333333,2.0,18,False,False,True,False,False,sd3-paper,paper
3886404040,sd3,10001,1500000,False,1161.9312784880021,3,4,11.26,17.5,18,False,False,True,False,False,sd3-paper,paper
1022609792,sd3,10001,1500000,False,1185.2477798379987,3,6,12.52,18.0,18,False,False,True,False,False,sd3-paper,paper
4162557871,sd3,10001,1500000,False,1140.5475100870099,4,2,9.233333333333333,2.0,18,False,False,True,False,False,sd3-paper,paper
2625360392,sd3,10001,1500000,False,1144.8854497939901,3,2,10.293333333333333,17.0,18,False,False,True,False,False,sd3-paper,paper
1273947043,sd3,10001,1500000,False,801.0762152469979,4,4,10.966666666666667,10.0,18,False,False,True,False,False,sd3-paper,paper
1282873427,sd3,10001,1500000,False,686.2828251059982,3,4,10.426666666666666,4.0,18,False,False,True,False,False,sd3-paper,paper
1333843299,sd3,591,88500,True,84.81609902399941,11,0,8.913333333333334,6.0,18,True,True,False,True,True,sd3-modified,modified
3915829765,sd3,1072,160650,True,153.46917796200432,12,0,9.226666666666667,6.0,18,True,True,False,True,True,sd3-modified,modified
1184028159,sd3,3531,529500,True,477.8744581560022,12,0,8.746666666666666,5.0,18,True,True,False,True,True,sd3-modified,modified
3444837047,sd3,10001,1500000,False,1277.3508247110003,7,2,9.053333333333333,6.0,18,True,True,False,True,True,sd3-modified,modified
2669555309,sd3,10001,1500000,False,1288.7535775230062,11,2,7.953333333333333,5.0,18,True,True,False,True,True,sd3-modified,modified
2046530742,sd3,10001,1500000,False,1324.6464513350074,9,2,8.8,5.0,18,True,True,False,True,True,sd3-modified,modified
2705014006,sd3,10001,1500000,False,1326.6245472430019,10,2,9.84,6.0,18,True,True,False,True,True,sd3-modified,modified
2468990893,sd3,10001,1500000,False,1327.2179528280103,9,2,8.793333333333333,5.0,18,True,True,False,True,True,sd3-modified,modified
2099784219,sd3,10001,1500000,False,1329.1319805959938,12,2,8.326666666666666,5.0,18,True,True,False,True,True,sd3-modified,modified
3957024168,sd3,10001,1500000,False,1333.3052126999974,9,2,8.786666666666667,6.0,18,True,True,False,True,True,sd3-modified,modified
862288241,sd3,10001,1500000,False,1333.7765240070003,10,2,9.306666666666667,6.0,18,True,True,False,True,True,sd3-modified,modified
1691623607,sd3,10001,1500000,False,1336.8595653419907,10,2,9.793333333333333,6.0,18,True,True,False,True,True,sd3-modified,modified
3581440988,sd3,10001,1500000,False,1337.5427808759996,9,2,9.18,6.0,18,True,True,False,True,True,sd3-modified,modified
2170464109,sd3,10001,1500000,False,1339.5141019870061,11,2,8.9,6.0,18,True,True,False,True,True,sd3-modified,modified
2218688234,sd3,215,32100,True,27.64847819399438,10,0,8.613333333333333,5.0,18,True,True,False,True,True,sd3-modified,modified
3310747494,sd3,355,53100,True,46.347861454007216,13,0,8.646666666666667,5.0,18,True,True,False,True,True,sd3-modified,modified
2128606514,sd3,10001,1500000,False,1345.1989007369993,8,2,9.406666666666666,6.0,18,True,True,False,True,True,sd3-modified,modified
1741519417,sd3,10001,1500000,False,1328.2194723889988,9,2,9.026666666666667,5.0,18,True,True,False,True,True,sd3-modified,modified
2996663166,sd3,10001,1500000,False,1262.3546706149937,10,2,9.386666666666667,5.0,18,True,True,False,True,True,sd3-modified,modified
563021890,sd3,10001,1500000,False,1276.4673594349879,7,2,8.84,5.0,18,True,True,False,True,True,sd3-modified,modified
2657689626,sd3,176,26250,True,22.525632285003667,11,0,9.026666666666667,6.0,18,True,True,False,True,True,sd3-modified,modified
4178181242,sd3,10001,1500000,False,1314.6519621829939,9,2,9.506666666666666,6.0,18,True,True,False,True,True,sd3-modified,modified
2436567560,sd3,10001,1500000,False,1277.4879807300022,9,2,9.326666666666666,6.0,18,True,True,False,True,True,sd3-modified,modified
2422051390,sd3,10001,1500000,False,1286.3570932870061,8,2,8.64,6.0,18,True,True,False,True,True,sd3-modified,modified
3657378459,sd3,10001,1500000,False,1295.6372555690032,9,2,8.433333333333334,5.0,18,True,True,False,True,True,sd3-modified,modified
1695213383,sd3,429,64200,True,55.170736732005025,13,0,8.773333333333333,6.0,18,True,True,False,True,True,sd3-modified,modified
408731928,sd3,10001,1500000,False,1306.4652781189943,11,2,8.886666666666667,5.0,18,True,True,False,True,True,sd3-modified,modified
3560217815,sd3,10001,1500000,False,1312.4891412220022,11,2,9.473333333333333,5.5,18,True,True,False,True,True,sd3-modified,modified
3928734150,sd3,10001,1500000,False,1327.911846736999,9,2,8.713333333333333,5.0,18,True,True,False,True,True,sd3-modified,modified
2493935339,sd3,10001,1500000,False,1331.5040500140021,10,2,8.373333333333333,5.0,18,True,True,False,True,True,sd3-modified,modified
348619172,sd3,10001,1500000,False,1330.0814101910073,10,2,9.373333333333333,6.0,18,True,True,False,True,True,sd3-modified,modified
110273505,sd3,10001,1500000,False,1307.9430310549942,11,2,9.76,6.0,18,True,True,False,True,True,sd3-modified,modified
1255089826,sd3,10001,1500000,False,1312.1040560100082,10,2,8.786666666666667,5.5,18,True,True,False,True,True,sd3-modified,modified
2836725664,sd3,10001,1500000,False,1303.3294225419959,9,2,9.073333333333334,6.0,18,True,True,False,True,True,sd3-modified,modified
1627962091,sd3,10001,1500000,False,1281.5342037379887,11,2,8.673333333333334,5.5,18,True,True,False,True,True,sd3-modified,modified
4206876380,sd3,6824,1023450,True,902.7770127370022,11,0,8.933333333333334,6.0,18,True,True,False,True,True,sd3-modified,modified
1727344081,sd3,10001,1500000,False,1279.7751429850032,11,2,9.58,6.0,18,True,True,False,True,True,sd3-modified,modified
3077688642,sd3,10001,1500000,False,1264.5037130449928,10,2,8.88,6.0,18,True,True,False,True,True,sd3-modified,modified
2886620867,sd3,153,22800,True,19.260807683996973,12,0,8.926666666666666,6.0,18,True,True,False,True,True,sd3-modified,modified
1245605034,sd3,10001,1500000,False,1248.134944979989,10,2,9.413333333333334,6.0,18,True,True,False,True,True,sd3-modified,modified
1164341515,sd3,10001,1500000,False,1280.3844119179994,9,2,8.96,6.0,18,True,True,False,True,True,sd3-modified,modified
4040197091,sd3,10001,1500000,False,1285.4381495410053,7,2,8.706666666666667,5.0,18,True,True,False,True,True,sd3-modified,modified
2571176866,sd3,10001,1500000,False,1285.6627423799946,9,2,8.486666666666666,5.0,18,True,True,False,True,True,sd3-modified,modified
781950879,sd3,10001,1500000,False,1282.7028792530036,10,2,9.773333333333333,6.0,18,True,True,False,True,True,sd3-modified,modified
3168783890,sd3,10001,1500000,False,1296.904934892009,10,2,9.5,6.0,18,True,True,False,True,True,sd3-modified,modified
3549786358,sd3,10001,1500000,False,1279.8325987319986,11,2,8.96,6.0,18,True,True,False,True,True,sd3-modified,modified
2245842095,sd3,10001,1500000,False,1308.0799569960072,8,2,8.593333333333334,6.0,18,True,True,False,True,True,sd3-modified,modified
4066352818,sd3,10001,1500000,False,1279.2738727389951,9,2,8.446666666666667,5.0,18,True,True,False,True,True,sd3-modified,modified
3576043346,sd3,10001,1500000,False,1284.6622811569978,10,2,8.633333333333333,6.0,18,True,True,False,True,True,sd3-modified,modified
1297446070,sd3,10001,1500000,False,1243.666365240002,11,2,8.486666666666666,5.0,18,True,True,False,True,True,sd3-modified,modified
1493011086,sd3,10001,1500000,False,1254.7215050349914,10,2,9.553333333333333,6.0,18,True,True,False,True,True,sd3-modified,modified
3132050763,sd3,10001,1500000,False,1239.2964789109974,9,2,9.4,6.0,18,True,True,False,True,True,sd3-modified,modified
666288517,sd3,10001,1500000,False,1249.8752547269978,11,2,8.966666666666667,6.0,18,True,True,False,True,True,sd3-modified,modified
509847863,sd3,10001,1500000,False,1223.1822050860064,10,2,8.466666666666667,6.0,18,True,True,False,True,True,sd3-modified,modified
3097084020,sd3,10001,1500000,False,1261.7774078719958,10,2,8.713333333333333,5.0,18,True,True,False,True,True,sd3-modified,modified
743359466,sd3,186,27750,True,23.493403960004798,10,0,9.433333333333334,6.0,18,True,True,False,True,True,sd3-modified,modified
2681697076,sd3,10001,1500000,False,1257.54775196001,10,2,9.013333333333334,6.0,18,True,True,False,True,True,sd3-modified,modified
3945348426,sd3,10001,1500000,False,1300.593001532994,10,2,8.586666666666666,5.0,18,True,True,False,True,True,sd3-modified,modified
1812556602,sd3,10001,1500000,False,1272.3790283679991,9,2,8.826666666666666,6.0,18,True,True,False,True,True,sd3-modified,modified
3707891570,sd3,9436,1415250,True,1209.472746896994,10,0,8.273333333333333,5.0,18,True,True,False,True,True,sd3-modified,modified
1386174930,sd3,10001,1500000,False,1291.3018021850003,9,2,8.346666666666666,5.0,18,True,True,False,True,True,sd3-modified,modified
1747512124,sd3,583,87300,True,72.97759641899029,10,0,8.586666666666666,5.0,18,True,True,False,True,True,sd3-modified,modified
997242548,sd3,10001,1500000,False,1310.8905982970027,8,2,9.093333333333334,5.5,18,True,True,False,True,True,sd3-modified,modified
1893690812,sd3,10001,1500000,False,1307.0865698319976,8,2,9.886666666666667,6.0,18,True,True,False,True,True,sd3-modified,modified
3489956201,sd3,10001,1500000,False,1328.0949607549992,8,2,8.166666666666666,5.0,18,True,True,False,True,True,sd3-modified,modified
3043669598,sd3,10001,1500000,False,1297.8863558029989,10,2,8.88,5.0,18,True,True,False,True,True,sd3-modified,modified
952038986,sd3,354,52950,True,43.96222097500868,11,0,8.84,5.0,18,True,True,False,True,True,sd3-modified,modified
625964716,sd3,10001,1500000,False,1322.981523393988,9,2,8.386666666666667,5.0,18,True,True,False,True,True,sd3-modified,modified
45047004,sd3,8067,1209900,True,1073.3074317689898,10,0,8.0,5.0,18,True,True,False,True,True,sd3-modified,modified
1655317465,sd3,10001,1500000,False,1296.467307437997,11,2,9.253333333333334,6.0,18,True,True,False,True,True,sd3-modified,modified
2879732968,sd3,10001,1500000,False,1297.8535071360093,9,2,9.08,6.0,18,True,True,False,True,True,sd3-modified,modified
3738036910,sd3,10001,1500000,False,1303.9702388580044,9,2,9.746666666666666,6.0,18,True,True,False,True,True,sd3-modified,modified
943300948,sd3,10001,1500000,False,1317.1000963859988,8,2,8.94,6.0,18,True,True,False,True,True,sd3-modified,modified
3779610235,sd3,10001,1500000,False,1330.56756703899,9,2,9.453333333333333,6.0,18,True,True,False,True,True,sd3-modified,modified
3047621524,sd3,10001,1500000,False,1304.889033754007,10,2,8.886666666666667,6.0,18,True,True,False,True,True,sd3-modified,modified
2082531011,sd3,10001,1500000,False,1329.2518104839983,10,2,8.8,5.0,18,True,True,False,True,True,sd3-modified,modified
1854712129,sd3,10001,1500000,False,1318.7194365960022,9,2,8.786666666666667,6.0,18,True,True,False,True,True,sd3-modified,modified
1314933732,sd3,10001,1500000,False,1302.1013338960038,10,2,9.42,6.0,18,True,True,False,True,True,sd3-modified,modified
2365913703,sd3,10001,1500000,False,1313.0871470349957,10,2,9.193333333333333,6.0,18,True,True,False,True,True,sd3-modified,modified
1777465372,sd3,10001,1500000,False,1300.455521597003,11,2,8.653333333333334,5.5,18,True,True,False,True,True,sd3-modified,modified
3193871891,sd3,1112,166650,True,140.01986747999035,12,0,8.386666666666667,5.0,18,True,True,False,True,True,sd3-modified,modified
906456036,sd3,10001,1500000,False,1270.807216672998,8,2,9.066666666666666,6.0,18,True,True,False,True,True,sd3-modified,modified
3667054561,sd3,10001,1500000,False,1284.5573108929966,8,2,9.566666666666666,6.0,18,True,True,False,True,True,sd3-modified,modified
3772832900,sd3,10001,1500000,False,1201.6667170900037,11,2,9.573333333333334,6.0,18,True,True,False,True,True,sd3-modified,modified
4224955422,sd3,10001,1500000,False,1239.5875202789903,10,2,8.046666666666667,5.0,18,True,True,False,True,True,sd3-modified,modified
3010194696,sd3,10001,1500000,False,1184.429773640004,10,2,8.293333333333333,5.0,18,True,True,False,True,True,sd3-modified,modified
1282873427,sd3,52,7650,True,5.18104968201078,9,0,7.8,5.0,18,True,True,False,True,True,sd3-modified,modified
2139286705,sd3,10001,1500000,False,1226.7419008669967,11,2,8.606666666666667,5.0,18,True,True,False,True,True,sd3-modified,modified
2198559462,sd3,10001,1500000,False,1200.01267637001,9,2,9.193333333333333,6.0,18,True,True,False,True,True,sd3-modified,modified
34107868,sd3,10001,1500000,False,1217.4651505279908,10,2,9.6,6.0,18,True,True,False,True,True,sd3-modified,modified
1659373067,sd3,10001,1500000,False,1208.548659041,8,2,8.56,6.0,18,True,True,False,True,True,sd3-modified,modified
3999966297,sd3,10001,1500000,False,1206.4862139510078,9,2,8.446666666666667,5.0,18,True,True,False,True,True,sd3-modified,modified
3501394679,sd3,10001,1500000,False,1199.3763039729965,8,2,8.62,5.0,18,True,True,False,True,True,sd3-modified,modified
1176912709,sd3,10001,1500000,False,1174.9262573049928,8,2,9.186666666666667,5.0,18,True,True,False,True,True,sd3-modified,modified
3886404040,sd3,10001,1500000,False,1119.9748520589928,9,2,8.806666666666667,5.0,18,True,True,False,True,True,sd3-modified,modified
1022609792,sd3,10001,1500000,False,1147.2861239779886,9,2,8.733333333333333,6.0,18,True,True,False,True,True,sd3-modified,modified
4162557871,sd3,10001,1500000,False,1024.28690719101,8,2,8.953333333333333,5.0,18,True,True,False,True,True,sd3-modified,modified
2778046070,sd3,10001,1500000,False,786.2527787809959,9,2,9.646666666666667,6.0,18,True,True,False,True,True,sd3-modified,modified
2625360392,sd3,10001,1500000,False,648.2340397619992,11,2,9.56,6.0,18,True,True,False,True,True,sd3-modified,modified
1273947043,sd3,10001,1500000,False,670.3850782919908,10,2,9.153333333333334,6.0,18,True,True,False,True,True,sd3-modified,modified
