seed,puzzle,n_gen,n_evals,success,time,unique_f_in_pop,min_f,mean_f,median_f,max_f,greedier,exhaustive,strict,nudge,force_unique,source,difficulty,variant_type
3444837047,1366501197,9,1200,True,7.877518369001336,10,0,10.526666666666667,7.0,18,True,True,False,True,True,websudoku,easy,modified
2669555309,1366501197,7,900,True,7.699042259002454,12,0,11.48,8.5,18,True,True,False,True,True,websudoku,easy,modified
2046530742,1366501197,9,1200,True,7.892937918004463,13,0,9.8,6.5,18,True,True,False,True,True,websudoku,easy,modified
3581440988,1366501197,15,2100,True,8.724842826995882,11,0,9.426666666666666,6.0,18,True,True,False,True,True,websudoku,easy,modified
1691623607,1366501197,11,1500,True,8.155820343003143,12,0,9.466666666666669,6.0,18,True,True,False,True,True,websudoku,easy,modified
2099784219,1366501197,6,750,True,7.516967333998764,13,0,10.386666666666668,7.0,18,True,True,False,True,True,websudoku,easy,modified
1184028159,1366501197,5,600,True,7.490204977992107,10,0,12.733333333333333,17.0,18,True,True,False,True,True,websudoku,easy,modified
862288241,1366501197,8,1050,True,7.746134381988668,12,0,10.626666666666669,8.0,18,True,True,False,True,True,websudoku,easy,modified
1333843299,1366501197,7,900,True,7.647181630003615,11,0,10.653333333333334,7.0,18,True,True,False,True,True,websudoku,easy,modified
2170464109,1366501197,7,900,True,7.741387751011644,10,0,11.326666666666666,8.0,18,True,True,False,True,True,websudoku,easy,modified
3444837047,809846120,5,600,True,7.414983639013371,13,0,10.18,7.0,18,True,True,False,True,True,websudoku,easy,modified
2669555309,809846120,5,600,True,7.468479274990386,11,0,12.046666666666669,17.0,18,True,True,False,True,True,websudoku,easy,modified
2046530742,809846120,4,450,True,7.262458974990295,15,0,11.32,9.0,18,True,True,False,True,True,websudoku,easy,modified
3581440988,809846120,7,900,True,7.785517916010576,13,0,10.213333333333331,7.0,18,True,True,False,True,True,websudoku,easy,modified
1691623607,809846120,5,600,True,0.4869574080075836,14,0,10.2,7.0,18,True,True,False,True,True,websudoku,easy,modified
2099784219,809846120,5,600,True,0.485592965997057,13,0,10.373333333333331,7.0,18,True,True,False,True,True,websudoku,easy,modified
1184028159,809846120,7,900,True,0.7544243599986658,12,0,10.053333333333333,6.0,18,True,True,False,True,True,websudoku,easy,modified
862288241,809846120,6,750,True,0.6005332289932994,11,0,10.953333333333331,8.0,18,True,True,False,True,True,websudoku,easy,modified
1333843299,809846120,5,600,True,0.4867177849955624,13,0,10.413333333333334,8.0,18,True,True,False,True,True,websudoku,easy,modified
2170464109,809846120,4,450,True,0.3862082670093514,15,0,11.133333333333333,8.0,18,True,True,False,True,True,websudoku,easy,modified
3444837047,1547174444,6,750,True,0.6319982069981052,13,0,10.18,7.0,18,True,True,False,True,True,websudoku,easy,modified
2669555309,1547174444,5,600,True,0.4339505490061128,13,0,10.6,7.0,18,True,True,False,True,True,websudoku,easy,modified
2046530742,1547174444,7,900,True,0.6955433629918844,11,0,9.373333333333331,6.0,18,True,True,False,True,True,websudoku,easy,modified
3581440988,1547174444,7,900,True,0.7782786790048704,12,0,10.293333333333331,7.0,18,True,True,False,True,True,websudoku,easy,modified
1691623607,1547174444,6,750,True,0.6115050049993442,13,0,11.266666666666667,10.5,18,True,True,False,True,True,websudoku,easy,modified
2099784219,1547174444,6,750,True,0.5993425670021679,14,0,10.293333333333331,7.0,18,True,True,False,True,True,websudoku,easy,modified
1184028159,1547174444,7,900,True,0.7036582180007827,11,0,9.44,6.0,18,True,True,False,True,True,websudoku,easy,modified
862288241,1547174444,7,900,True,0.7152173900103662,11,0,9.58,6.0,18,True,True,False,True,True,websudoku,easy,modified
1333843299,1547174444,6,750,True,0.5987293429934653,12,0,10.846666666666666,7.0,18,True,True,False,True,True,websudoku,easy,modified
2170464109,1547174444,6,750,True,0.5594747069990262,12,0,10.093333333333334,7.0,18,True,True,False,True,True,websudoku,easy,modified
3444837047,3056152307,5,600,True,0.4605493160051992,12,0,10.446666666666667,7.0,18,True,True,False,True,True,websudoku,easy,modified
2669555309,3056152307,5,600,True,0.4879570729972329,14,0,9.466666666666669,6.0,18,True,True,False,True,True,websudoku,easy,modified
2046530742,3056152307,5,600,True,0.4416151640034513,11,0,9.926666666666666,7.0,18,True,True,False,True,True,websudoku,easy,modified
3581440988,3056152307,6,750,True,0.5712565980065847,13,0,9.153333333333334,6.0,18,True,True,False,True,True,websudoku,easy,modified
1691623607,3056152307,4,450,True,0.3187511720025213,14,0,11.4,9.0,18,True,True,False,True,True,websudoku,easy,modified
2099784219,3056152307,4,450,True,0.3464928419998614,14,0,11.72,10.0,18,True,True,False,True,True,websudoku,easy,modified
1184028159,3056152307,4,450,True,0.3489505549950991,14,0,10.753333333333334,8.0,18,True,True,False,True,True,websudoku,easy,modified
862288241,3056152307,4,450,True,0.3539286440063733,14,0,11.846666666666666,10.0,18,True,True,False,True,True,websudoku,easy,modified
1333843299,3056152307,4,450,True,0.3361944200005382,14,0,11.6,8.0,18,True,True,False,True,True,websudoku,easy,modified
2170464109,3056152307,6,750,True,0.5974149890098488,10,0,9.86,6.0,18,True,True,False,True,True,websudoku,easy,modified
3444837047,3482280283,8,1050,True,0.8386550280119991,11,0,9.173333333333334,6.0,18,True,True,False,True,True,websudoku,easy,modified
2669555309,3482280283,7,900,True,0.7084508179978002,12,0,9.626666666666669,6.5,18,True,True,False,True,True,websudoku,easy,modified
2046530742,3482280283,5,600,True,0.4683136370003922,13,0,10.766666666666667,8.0,18,True,True,False,True,True,websudoku,easy,modified
3581440988,3482280283,7,900,True,0.6740571020054631,11,0,9.766666666666667,6.0,18,True,True,False,True,True,websudoku,easy,modified
1691623607,3482280283,5,600,True,0.4673106799891684,14,0,10.946666666666667,8.0,18,True,True,False,True,True,websudoku,easy,modified
2099784219,3482280283,8,1050,True,0.811879978995421,11,0,8.753333333333334,6.0,18,True,True,False,True,True,websudoku,easy,modified
1184028159,3482280283,7,900,True,0.7204880119970767,11,0,10.013333333333334,6.0,18,True,True,False,True,True,websudoku,easy,modified
862288241,3482280283,5,600,True,0.5074027840018971,13,0,11.306666666666668,9.0,18,True,True,False,True,True,websudoku,easy,modified
1333843299,3482280283,7,900,True,0.6884717610082589,11,0,9.533333333333331,6.0,18,True,True,False,True,True,websudoku,easy,modified
2170464109,3482280283,5,600,True,0.473243493004702,13,0,10.333333333333334,7.0,18,True,True,False,True,True,websudoku,easy,modified
3444837047,1591397375,5,600,True,0.4694058550085174,13,0,11.22,9.0,18,True,True,False,True,True,websudoku,easy,modified
2669555309,1591397375,5,600,True,0.4417498909897404,12,0,11.02,9.0,18,True,True,False,True,True,websudoku,easy,modified
2046530742,1591397375,5,600,True,0.4521291620039847,12,0,10.766666666666667,8.0,18,True,True,False,True,True,websudoku,easy,modified
3581440988,1591397375,5,600,True,0.4352275319979526,13,0,9.813333333333333,7.0,18,True,True,False,True,True,websudoku,easy,modified
1691623607,1591397375,6,750,True,0.5562543109990656,9,0,10.166666666666666,7.0,18,True,True,False,True,True,websudoku,easy,modified
2099784219,1591397375,5,600,True,0.443357254989678,13,0,10.34,7.0,18,True,True,False,True,True,websudoku,easy,modified
1184028159,1591397375,6,750,True,0.568235139013268,12,0,9.986666666666666,7.0,18,True,True,False,True,True,websudoku,easy,modified
862288241,1591397375,5,600,True,0.4544163590035168,13,0,11.693333333333332,9.5,18,True,True,False,True,True,websudoku,easy,modified
1333843299,1591397375,5,600,True,0.4407003010128392,11,0,10.066666666666666,7.0,18,True,True,False,True,True,websudoku,easy,modified
2170464109,1591397375,5,600,True,0.4373068349959794,11,0,10.366666666666667,7.0,18,True,True,False,True,True,websudoku,easy,modified
3444837047,2309118090,7,900,True,0.6643759019934805,12,0,10.513333333333334,7.0,18,True,True,False,True,True,websudoku,easy,modified
2669555309,2309118090,6,750,True,0.5631194320012582,14,0,11.753333333333334,9.0,18,True,True,False,True,True,websudoku,easy,modified
2046530742,2309118090,5,600,True,0.4380736900056945,12,0,11.34,8.0,18,True,True,False,True,True,websudoku,easy,modified
3581440988,2309118090,7,900,True,0.6568395590002183,13,0,10.446666666666667,7.0,18,True,True,False,True,True,websudoku,easy,modified
1691623607,2309118090,10,1350,True,1.0339384670078289,11,0,8.486666666666666,6.0,18,True,True,False,True,True,websudoku,easy,modified
2099784219,2309118090,6,750,True,0.5877734550012974,13,0,12.153333333333334,13.5,18,True,True,False,True,True,websudoku,easy,modified
1184028159,2309118090,10,1350,True,1.031353718004539,13,0,9.446666666666667,6.0,18,True,True,False,True,True,websudoku,easy,modified
862288241,2309118090,8,1050,True,0.8011278829944786,13,0,11.233333333333333,9.0,18,True,True,False,True,True,websudoku,easy,modified
1333843299,2309118090,6,750,True,0.5895312629872933,12,0,11.12,8.0,18,True,True,False,True,True,websudoku,easy,modified
2170464109,2309118090,7,900,True,0.6972556440014159,13,0,11.326666666666666,14.0,18,True,True,False,True,True,websudoku,easy,modified
3444837047,1455179139,6,750,True,0.5442733899981249,14,0,10.153333333333334,6.0,18,True,True,False,True,True,websudoku,easy,modified
2669555309,1455179139,6,750,True,0.5642460279923398,11,0,10.473333333333333,7.0,18,True,True,False,True,True,websudoku,easy,modified
2046530742,1455179139,5,600,True,0.4327061329968273,11,0,9.6,6.0,18,True,True,False,True,True,websudoku,easy,modified
3581440988,1455179139,6,750,True,0.5605985270085512,12,0,10.893333333333333,8.0,18,True,True,False,True,True,websudoku,easy,modified
1691623607,1455179139,6,750,True,0.5423633339960361,10,0,9.853333333333332,6.0,18,True,True,False,True,True,websudoku,easy,modified
2099784219,1455179139,7,900,True,0.665348387992708,11,0,9.186666666666667,6.0,18,True,True,False,True,True,websudoku,easy,modified
1184028159,1455179139,10,1350,True,1.021358779995353,10,0,8.62,5.0,18,True,True,False,True,True,websudoku,easy,modified
862288241,1455179139,5,600,True,0.4377098219993058,13,0,10.5,7.5,18,True,True,False,True,True,websudoku,easy,modified
1333843299,1455179139,11,1500,True,1.1612949819973435,11,0,8.92,6.0,18,True,True,False,True,True,websudoku,easy,modified
2170464109,1455179139,5,600,True,0.441865824002889,15,0,11.6,9.0,18,True,True,False,True,True,websudoku,easy,modified
3444837047,4089271487,5,600,True,0.4713916719920235,11,0,11.266666666666667,12.0,18,True,True,False,True,True,websudoku,easy,modified
2669555309,4089271487,5,600,True,0.4545561039994936,12,0,10.64,8.0,18,True,True,False,True,True,websudoku,easy,modified
2046530742,4089271487,5,600,True,0.4249755649943836,11,0,10.566666666666666,7.0,18,True,True,False,True,True,websudoku,easy,modified
3581440988,4089271487,6,750,True,0.5391231819958193,12,0,9.626666666666669,6.0,18,True,True,False,True,True,websudoku,easy,modified
1691623607,4089271487,5,600,True,0.4513995660090586,11,0,10.493333333333334,7.0,18,True,True,False,True,True,websudoku,easy,modified
2099784219,4089271487,5,600,True,0.4251289240055484,12,0,9.713333333333331,6.0,18,True,True,False,True,True,websudoku,easy,modified
1184028159,4089271487,5,600,True,0.4594089029997121,13,0,10.773333333333332,8.0,18,True,True,False,True,True,websudoku,easy,modified
862288241,4089271487,7,900,True,0.6738902020006208,13,0,9.573333333333334,6.0,18,True,True,False,True,True,websudoku,easy,modified
1333843299,4089271487,6,750,True,0.578126649998012,11,0,9.706666666666669,6.0,18,True,True,False,True,True,websudoku,easy,modified
2170464109,4089271487,5,600,True,0.433833429007791,12,0,10.106666666666667,6.0,18,True,True,False,True,True,websudoku,easy,modified
3444837047,1075152440,10,1350,True,1.0256788289989345,12,0,8.766666666666667,6.0,18,True,True,False,True,True,websudoku,easy,modified
2669555309,1075152440,9,1200,True,0.9370849349943456,9,0,9.52,6.0,18,True,True,False,True,True,websudoku,easy,modified
2046530742,1075152440,6,750,True,0.5606684550002683,11,0,10.646666666666668,7.0,18,True,True,False,True,True,websudoku,easy,modified
3581440988,1075152440,4,450,True,0.3456537480087718,13,0,12.326666666666666,10.5,18,True,True,False,True,True,websudoku,easy,modified
1691623607,1075152440,5,600,True,0.4677064340066863,14,0,10.686666666666667,7.5,18,True,True,False,True,True,websudoku,easy,modified
2099784219,1075152440,5,600,True,0.4584468899993226,12,0,10.546666666666669,8.0,18,True,True,False,True,True,websudoku,easy,modified
1184028159,1075152440,7,900,True,0.6777546280063689,10,0,10.093333333333334,7.0,18,True,True,False,True,True,websudoku,easy,modified
862288241,1075152440,6,750,True,0.6050357639905997,13,0,11.14,8.0,18,True,True,False,True,True,websudoku,easy,modified
1333843299,1075152440,5,600,True,0.4361761800100794,13,0,10.5,8.0,18,True,True,False,True,True,websudoku,easy,modified
2170464109,1075152440,7,900,True,0.7202223779895576,13,0,10.84,9.0,18,True,True,False,True,True,websudoku,easy,modified
3444837047,101263201,7,900,True,0.6718698010081425,11,0,9.84,6.0,18,True,True,False,True,True,websudoku,easy,modified
2669555309,101263201,11,1500,True,1.1290978720062412,12,0,10.513333333333334,8.0,18,True,True,False,True,True,websudoku,easy,modified
2046530742,101263201,10,1350,True,0.9929219439945882,11,0,9.486666666666666,6.0,18,True,True,False,True,True,websudoku,easy,modified
3581440988,101263201,11,1500,True,1.1019805629912298,13,0,9.8,6.0,18,True,True,False,True,True,websudoku,easy,modified
1691623607,101263201,8,1050,True,0.8211306940065697,9,0,10.866666666666667,7.0,18,True,True,False,True,True,websudoku,easy,modified
2099784219,101263201,11,1500,True,1.1308864500024356,13,0,10.626666666666669,7.0,18,True,True,False,True,True,websudoku,easy,modified
1184028159,101263201,9,1200,True,0.837668444000883,11,0,9.6,7.0,18,True,True,False,True,True,websudoku,easy,modified
862288241,101263201,8,1050,True,0.7623124750098214,10,0,9.586666666666666,6.0,18,True,True,False,True,True,websudoku,easy,modified
1333843299,101263201,10,1350,True,1.0064233239972964,9,0,9.76,6.0,18,True,True,False,True,True,websudoku,easy,modified
2170464109,101263201,10,1350,True,0.9812770370044746,12,0,9.493333333333334,6.0,18,True,True,False,True,True,websudoku,easy,modified
3444837047,2307507611,8,1050,True,0.8351163429906592,12,0,10.18,6.0,18,True,True,False,True,True,websudoku,easy,modified
2669555309,2307507611,7,900,True,0.6824777209985768,12,0,11.126666666666669,8.0,18,True,True,False,True,True,websudoku,easy,modified
2046530742,2307507611,10,1350,True,1.0330286730022635,11,0,9.906666666666666,6.0,18,True,True,False,True,True,websudoku,easy,modified
3581440988,2307507611,7,900,True,0.6634390690014698,11,0,10.02,6.5,18,True,True,False,True,True,websudoku,easy,modified
1691623607,2307507611,6,750,True,0.5725914990034653,13,0,11.8,9.0,18,True,True,False,True,True,websudoku,easy,modified
2099784219,2307507611,7,900,True,0.6918233429896645,13,0,10.633333333333333,8.0,18,True,True,False,True,True,websudoku,easy,modified
1184028159,2307507611,11,1500,True,1.1871706239908235,13,0,9.053333333333333,6.0,18,True,True,False,True,True,websudoku,easy,modified
862288241,2307507611,9,1200,True,0.9194293969922,12,0,8.133333333333333,5.5,18,True,True,False,True,True,websudoku,easy,modified
1333843299,2307507611,8,1050,True,0.788198412003112,10,0,10.726666666666668,7.0,18,True,True,False,True,True,websudoku,easy,modified
2170464109,2307507611,10,1350,True,1.0605643360031536,11,0,8.5,5.0,18,True,True,False,True,True,websudoku,easy,modified
3444837047,2187022663,6,750,True,0.5651282349863322,13,0,10.526666666666667,8.0,18,True,True,False,True,True,websudoku,easy,modified
2669555309,2187022663,5,600,True,0.4609714129910571,13,0,11.293333333333331,9.0,18,True,True,False,True,True,websudoku,easy,modified
2046530742,2187022663,5,600,True,0.4421287559962366,14,0,11.826666666666666,9.5,18,True,True,False,True,True,websudoku,easy,modified
3581440988,2187022663,7,900,True,0.6824149530002614,11,0,10.0,7.0,18,True,True,False,True,True,websudoku,easy,modified
1691623607,2187022663,5,600,True,0.4652706060005585,12,0,10.166666666666666,7.0,18,True,True,False,True,True,websudoku,easy,modified
2099784219,2187022663,7,900,True,0.6938671759999124,12,0,9.486666666666666,6.0,18,True,True,False,True,True,websudoku,easy,modified
1184028159,2187022663,5,600,True,0.4356050310016144,12,0,10.98,8.0,18,True,True,False,True,True,websudoku,easy,modified
862288241,2187022663,5,600,True,0.45649565300846,12,0,10.56,8.0,18,True,True,False,True,True,websudoku,easy,modified
1333843299,2187022663,5,600,True,0.429771843002527,12,0,9.893333333333333,7.0,18,True,True,False,True,True,websudoku,easy,modified
2170464109,2187022663,5,600,True,0.4454193979909178,12,0,11.513333333333334,9.0,18,True,True,False,True,True,websudoku,easy,modified
3444837047,4428550118,6,750,True,0.5486618510039989,13,0,9.286666666666669,6.0,18,True,True,False,True,True,websudoku,easy,modified
2669555309,4428550118,6,750,True,0.5388198209984694,13,0,9.72,7.0,18,True,True,False,True,True,websudoku,easy,modified
2046530742,4428550118,9,1200,True,0.926058755008853,10,0,8.406666666666666,5.0,18,True,True,False,True,True,websudoku,easy,modified
3581440988,4428550118,8,1050,True,0.7988842139893677,11,0,9.173333333333334,6.0,18,True,True,False,True,True,websudoku,easy,modified
1691623607,4428550118,4,450,True,0.3424392559973057,15,0,11.933333333333334,10.0,18,True,True,False,True,True,websudoku,easy,modified
2099784219,4428550118,6,750,True,0.5650126729888143,10,0,10.213333333333331,7.0,18,True,True,False,True,True,websudoku,easy,modified
1184028159,4428550118,7,900,True,0.6894394359987928,12,0,8.36,5.0,18,True,True,False,True,True,websudoku,easy,modified
862288241,4428550118,8,1050,True,0.8190905250085052,11,0,10.426666666666666,7.0,18,True,True,False,True,True,websudoku,easy,modified
1333843299,4428550118,8,1050,True,0.7957360780128511,11,0,9.28,6.0,18,True,True,False,True,True,websudoku,easy,modified
2170464109,4428550118,6,750,True,0.5738519089936744,10,0,9.686666666666667,6.0,18,True,True,False,True,True,websudoku,easy,modified
3444837047,493508147,4,450,True,0.3470394769974518,13,0,11.953333333333331,9.5,18,True,True,False,True,True,websudoku,easy,modified
2669555309,493508147,6,750,True,0.58291330600332,13,0,10.353333333333332,7.0,18,True,True,False,True,True,websudoku,easy,modified
2046530742,493508147,6,750,True,0.5905599960096879,12,0,10.56,7.5,18,True,True,False,True,True,websudoku,easy,modified
3581440988,493508147,8,1050,True,0.8417817909939913,11,0,9.713333333333331,6.0,18,True,True,False,True,True,websudoku,easy,modified
1691623607,493508147,10,1350,True,1.0541795829922194,12,0,9.993333333333334,6.0,18,True,True,False,True,True,websudoku,easy,modified
2099784219,493508147,4,450,True,0.3352604609972331,14,0,11.88,10.0,18,True,True,False,True,True,websudoku,easy,modified
1184028159,493508147,7,900,True,0.6996847350092139,11,0,10.133333333333333,7.0,18,True,True,False,True,True,websudoku,easy,modified
862288241,493508147,8,1050,True,0.8294877620064653,13,0,9.42,6.0,18,True,True,False,True,True,websudoku,easy,modified
1333843299,493508147,8,1050,True,0.8007172159996117,10,0,10.28,7.0,18,True,True,False,True,True,websudoku,easy,modified
2170464109,493508147,5,600,True,0.4631039349915227,13,0,10.753333333333334,8.0,18,True,True,False,True,True,websudoku,easy,modified
3444837047,1492888119,4,450,True,0.3355729149916442,13,0,11.546666666666669,8.5,18,True,True,False,True,True,websudoku,easy,modified
2669555309,1492888119,7,900,True,0.654527570004575,11,0,9.833333333333334,6.0,18,True,True,False,True,True,websudoku,easy,modified
2046530742,1492888119,5,600,True,0.4433141670015175,11,0,10.48,7.0,18,True,True,False,True,True,websudoku,easy,modified
3581440988,1492888119,5,600,True,0.4376447910035494,12,0,9.806666666666668,6.0,18,True,True,False,True,True,websudoku,easy,modified
1691623607,1492888119,5,600,True,0.4380074850050732,11,0,10.413333333333334,7.5,18,True,True,False,True,True,websudoku,easy,modified
2099784219,1492888119,8,1050,True,0.8075920929986751,11,0,10.526666666666667,7.0,18,True,True,False,True,True,websudoku,easy,modified
1184028159,1492888119,4,450,True,0.338745982007822,13,0,11.96,9.5,18,True,True,False,True,True,websudoku,easy,modified
862288241,1492888119,6,750,True,0.5757597960036946,11,0,10.8,7.0,18,True,True,False,True,True,websudoku,easy,modified
1333843299,1492888119,7,900,True,0.6721063619916094,11,0,9.493333333333334,6.0,18,True,True,False,True,True,websudoku,easy,modified
2170464109,1492888119,6,750,True,0.5631885089969728,11,0,11.033333333333331,8.0,18,True,True,False,True,True,websudoku,easy,modified
3444837047,3142701169,4,450,True,0.3414961800008314,14,0,11.846666666666666,9.0,18,True,True,False,True,True,websudoku,easy,modified
2669555309,3142701169,4,450,True,0.3522645210032351,13,0,12.28,10.0,18,True,True,False,True,True,websudoku,easy,modified
2046530742,3142701169,4,450,True,0.365378235001117,14,0,12.993333333333334,17.0,18,True,True,False,True,True,websudoku,easy,modified
3581440988,3142701169,6,750,True,0.5755908970022574,11,0,9.94,6.0,18,True,True,False,True,True,websudoku,easy,modified
1691623607,3142701169,5,600,True,0.4585852489981334,12,0,11.033333333333331,8.0,18,True,True,False,True,True,websudoku,easy,modified
2099784219,3142701169,5,600,True,0.4375405149912694,12,0,9.906666666666666,7.0,18,True,True,False,True,True,websudoku,easy,modified
1184028159,3142701169,5,600,True,0.4429094790102681,14,0,10.22,7.5,18,True,True,False,True,True,websudoku,easy,modified
862288241,3142701169,5,600,True,0.4384523869957775,11,0,11.433333333333334,8.5,18,True,True,False,True,True,websudoku,easy,modified
1333843299,3142701169,5,600,True,0.4233423999976367,13,0,10.406666666666666,8.0,18,True,True,False,True,True,websudoku,easy,modified
2170464109,3142701169,5,600,True,0.4532218659878708,12,0,10.806666666666668,8.0,18,True,True,False,True,True,websudoku,easy,modified
3444837047,2396193440,5,600,True,0.4418078929884359,12,0,10.553333333333333,7.0,18,True,True,False,True,True,websudoku,easy,modified
2669555309,2396193440,4,450,True,0.3374747870111605,14,0,10.84,8.0,18,True,True,False,True,True,websudoku,easy,modified
2046530742,2396193440,6,750,True,0.5452156329993159,11,0,8.973333333333333,5.0,18,True,True,False,True,True,websudoku,easy,modified
3581440988,2396193440,5,600,True,0.438135638993117,12,0,9.74,6.0,18,True,True,False,True,True,websudoku,easy,modified
1691623607,2396193440,5,600,True,0.4371305340027902,14,0,9.86,6.5,18,True,True,False,True,True,websudoku,easy,modified
2099784219,2396193440,6,750,True,0.560217581994948,13,0,8.72,6.0,18,True,True,False,True,True,websudoku,easy,modified
1184028159,2396193440,5,600,True,0.449897519996739,13,0,10.186666666666667,7.0,18,True,True,False,True,True,websudoku,easy,modified
862288241,2396193440,7,900,True,0.7144484379969072,11,0,9.606666666666667,6.0,18,True,True,False,True,True,websudoku,easy,modified
1333843299,2396193440,5,600,True,0.4424493010010337,14,0,10.42,7.0,18,True,True,False,True,True,websudoku,easy,modified
2170464109,2396193440,5,600,True,0.4636291120114038,12,0,9.993333333333334,7.0,18,True,True,False,True,True,websudoku,easy,modified
3444837047,3797631754,5,600,True,0.4563059719948796,12,0,11.593333333333334,9.0,18,True,True,False,True,True,websudoku,easy,modified
2669555309,3797631754,5,600,True,0.4295708629942965,13,0,10.133333333333333,7.0,18,True,True,False,True,True,websudoku,easy,modified
2046530742,3797631754,5,600,True,0.4389534560032189,13,0,10.133333333333333,7.0,18,True,True,False,True,True,websudoku,easy,modified
3581440988,3797631754,5,600,True,0.4631081459956476,13,0,9.693333333333332,7.0,18,True,True,False,True,True,websudoku,easy,modified
1691623607,3797631754,7,900,True,0.6569161850056844,12,0,9.52,6.0,18,True,True,False,True,True,websudoku,easy,modified
2099784219,3797631754,5,600,True,0.4017385780025506,12,0,10.706666666666669,7.5,18,True,True,False,True,True,websudoku,easy,modified
1184028159,3797631754,6,750,True,0.5450681350048399,13,0,10.42,7.0,18,True,True,False,True,True,websudoku,easy,modified
862288241,3797631754,6,750,True,0.5346573889983119,12,0,9.646666666666668,6.0,18,True,True,False,True,True,websudoku,easy,modified
1333843299,3797631754,6,750,True,0.532222059002379,14,0,8.666666666666666,6.0,18,True,True,False,True,True,websudoku,easy,modified
2170464109,3797631754,6,750,True,0.5303995059948647,10,0,10.7,7.0,18,True,True,False,True,True,websudoku,easy,modified
3444837047,3548947349,5,600,True,0.4420027930027572,12,0,11.8,10.0,18,True,True,False,True,True,websudoku,easy,modified
2669555309,3548947349,6,750,True,0.5920870799891418,12,0,10.093333333333334,7.0,18,True,True,False,True,True,websudoku,easy,modified
2046530742,3548947349,5,600,True,0.4184383359970525,13,0,10.166666666666666,7.5,18,True,True,False,True,True,websudoku,easy,modified
3581440988,3548947349,6,750,True,0.5578705610096222,11,0,10.086666666666666,7.0,18,True,True,False,True,True,websudoku,easy,modified
1691623607,3548947349,6,750,True,0.5493440450081835,11,0,11.18,8.0,18,True,True,False,True,True,websudoku,easy,modified
2099784219,3548947349,5,600,True,0.4675274869950954,11,0,10.76,7.0,18,True,True,False,True,True,websudoku,easy,modified
1184028159,3548947349,5,600,True,0.4488727749994723,14,0,10.52,7.0,18,True,True,False,True,True,websudoku,easy,modified
862288241,3548947349,6,750,True,0.5807154960057233,11,0,9.88,6.0,18,True,True,False,True,True,websudoku,easy,modified
1333843299,3548947349,5,600,True,0.4486721760040382,12,0,10.513333333333334,7.0,18,True,True,False,True,True,websudoku,easy,modified
2170464109,3548947349,4,450,True,0.3281206969986669,13,0,12.433333333333334,11.0,18,True,True,False,True,True,websudoku,easy,modified
3444837047,3762150522,6,750,True,0.565395350990002,10,0,9.64,6.0,18,True,True,False,True,True,websudoku,easy,modified
2669555309,3762150522,6,750,True,0.5642848249990493,11,0,10.433333333333334,7.0,18,True,True,False,True,True,websudoku,easy,modified
2046530742,3762150522,5,600,True,0.4343075450015021,12,0,11.04,7.0,18,True,True,False,True,True,websudoku,easy,modified
3581440988,3762150522,4,450,True,0.3396624689921736,13,0,11.753333333333334,9.0,18,True,True,False,True,True,websudoku,easy,modified
1691623607,3762150522,6,750,True,0.5694897119974485,12,0,10.32,6.5,18,True,True,False,True,True,websudoku,easy,modified
2099784219,3762150522,5,600,True,0.4283212750015082,13,0,10.64,7.0,18,True,True,False,True,True,websudoku,easy,modified
1184028159,3762150522,5,600,True,0.4404605989984702,11,0,10.493333333333334,7.0,18,True,True,False,True,True,websudoku,easy,modified
862288241,3762150522,4,450,True,0.3265147609927226,13,0,11.933333333333334,10.0,18,True,True,False,True,True,websudoku,easy,modified
1333843299,3762150522,6,750,True,0.5515308169997297,11,0,10.053333333333333,6.0,18,True,True,False,True,True,websudoku,easy,modified
2170464109,3762150522,5,600,True,0.4749215850024484,12,0,12.006666666666666,15.5,18,True,True,False,True,True,websudoku,easy,modified
3444837047,2804456355,6,750,True,0.5464951489993837,11,0,9.806666666666668,6.0,18,True,True,False,True,True,websudoku,easy,modified
2669555309,2804456355,8,1050,True,0.8109145299968077,11,0,9.48,6.0,18,True,True,False,True,True,websudoku,easy,modified
2046530742,2804456355,6,750,True,0.5717963350034552,12,0,10.586666666666666,7.0,18,True,True,False,True,True,websudoku,easy,modified
3581440988,2804456355,5,600,True,0.4450878960051341,13,0,11.1,8.0,18,True,True,False,True,True,websudoku,easy,modified
1691623607,2804456355,5,600,True,0.4454120480077108,12,0,10.06,7.0,18,True,True,False,True,True,websudoku,easy,modified
2099784219,2804456355,6,750,True,0.5693271639902378,11,0,10.073333333333334,7.0,18,True,True,False,True,True,websudoku,easy,modified
1184028159,2804456355,5,600,True,0.4582966000016313,13,0,10.34,7.0,18,True,True,False,True,True,websudoku,easy,modified
862288241,2804456355,5,600,True,0.453388651003479,12,0,10.626666666666669,7.0,18,True,True,False,True,True,websudoku,easy,modified
1333843299,2804456355,5,600,True,0.440643709996948,14,0,10.6,8.0,18,True,True,False,True,True,websudoku,easy,modified
2170464109,2804456355,5,600,True,0.4559764839941636,12,0,11.053333333333333,8.0,18,True,True,False,True,True,websudoku,easy,modified
3444837047,4315157075,5,600,True,0.4460836200014455,12,0,10.933333333333334,8.0,18,True,True,False,True,True,websudoku,easy,modified
2669555309,4315157075,7,900,True,0.7056265669962158,14,0,10.133333333333333,7.0,18,True,True,False,True,True,websudoku,easy,modified
2046530742,4315157075,5,600,True,0.4451256100001046,12,0,10.293333333333331,8.0,18,True,True,False,True,True,websudoku,easy,modified
3581440988,4315157075,4,450,True,0.3288942120125284,13,0,12.153333333333334,10.0,18,True,True,False,True,True,websudoku,easy,modified
1691623607,4315157075,5,600,True,0.4357982299989089,10,0,9.433333333333334,6.0,18,True,True,False,True,True,websudoku,easy,modified
2099784219,4315157075,4,450,True,0.34599383600289,14,0,12.02,9.0,18,True,True,False,True,True,websudoku,easy,modified
1184028159,4315157075,4,450,True,0.3498616249999031,12,0,12.76,17.0,18,True,True,False,True,True,websudoku,easy,modified
862288241,4315157075,6,750,True,0.5705170580040431,10,0,10.986666666666666,8.0,18,True,True,False,True,True,websudoku,easy,modified
1333843299,4315157075,6,750,True,0.5674022699968191,12,0,9.68,6.0,18,True,True,False,True,True,websudoku,easy,modified
2170464109,4315157075,6,750,True,0.5817048480093945,11,0,9.3,6.0,18,True,True,False,True,True,websudoku,easy,modified
3444837047,4382124347,7,900,True,0.7620622310059844,12,0,11.473333333333333,16.0,18,True,True,False,True,True,websudoku,easy,modified
2669555309,4382124347,7,900,True,0.7786879850027617,13,0,9.393333333333333,6.0,18,True,True,False,True,True,websudoku,easy,modified
2046530742,4382124347,5,600,True,0.4489129739959026,12,0,10.553333333333333,7.0,18,True,True,False,True,True,websudoku,easy,modified
3581440988,4382124347,6,750,True,0.5883657570084324,13,0,9.733333333333333,6.5,18,True,True,False,True,True,websudoku,easy,modified
1691623607,4382124347,7,900,True,0.7671739760116907,13,0,10.813333333333333,8.0,18,True,True,False,True,True,websudoku,easy,modified
2099784219,4382124347,7,900,True,0.7952589579945197,12,0,9.826666666666666,7.0,18,True,True,False,True,True,websudoku,easy,modified
1184028159,4382124347,8,1050,True,0.9649089769955026,13,0,10.013333333333334,7.0,18,True,True,False,True,True,websudoku,easy,modified
862288241,4382124347,6,750,True,0.6919074310135329,11,0,11.2,8.5,18,True,True,False,True,True,websudoku,easy,modified
1333843299,4382124347,5,600,True,0.581785222995677,12,0,10.6,7.5,18,True,True,False,True,True,websudoku,easy,modified
2170464109,4382124347,7,900,True,0.7636702930030879,12,0,11.8,17.0,18,True,True,False,True,True,websudoku,easy,modified
3444837047,3085489107,7,900,True,0.7915691759990295,12,0,9.52,6.0,18,True,True,False,True,True,websudoku,easy,modified
2669555309,3085489107,7,900,True,0.81710843599285,10,0,9.413333333333334,6.0,18,True,True,False,True,True,websudoku,easy,modified
2046530742,3085489107,9,1200,True,1.0258593000035034,10,0,9.586666666666666,6.0,18,True,True,False,True,True,websudoku,easy,modified
3581440988,3085489107,7,900,True,0.6966687730018748,12,0,9.513333333333334,6.0,18,True,True,False,True,True,websudoku,easy,modified
1691623607,3085489107,7,900,True,0.7041681819973746,12,0,9.106666666666667,6.0,18,True,True,False,True,True,websudoku,easy,modified
2099784219,3085489107,6,750,True,0.5911940910009434,12,0,9.54,6.0,18,True,True,False,True,True,websudoku,easy,modified
1184028159,3085489107,9,1200,True,0.9927608590078308,10,0,9.726666666666668,6.0,18,True,True,False,True,True,websudoku,easy,modified
862288241,3085489107,5,600,True,0.4432713319984032,14,0,9.593333333333334,6.5,18,True,True,False,True,True,websudoku,easy,modified
1333843299,3085489107,9,1200,True,0.9914754649944372,11,0,9.086666666666666,6.0,18,True,True,False,True,True,websudoku,easy,modified
2170464109,3085489107,8,1050,True,0.8558624080033042,13,0,8.58,5.0,18,True,True,False,True,True,websudoku,easy,modified
3444837047,1743098209,4,450,True,0.355454461008776,14,0,11.726666666666668,9.5,18,True,True,False,True,True,websudoku,easy,modified
2669555309,1743098209,5,600,True,0.4810551080008736,10,0,9.666666666666666,6.0,18,True,True,False,True,True,websudoku,easy,modified
2046530742,1743098209,4,450,True,0.3578729699947871,13,0,11.286666666666669,9.0,18,True,True,False,True,True,websudoku,easy,modified
3581440988,1743098209,5,600,True,0.4668582229933236,11,0,9.64,6.0,18,True,True,False,True,True,websudoku,easy,modified
1691623607,1743098209,4,450,True,0.3622631519974675,13,0,10.68,8.0,18,True,True,False,True,True,websudoku,easy,modified
2099784219,1743098209,5,600,True,0.4856325440050568,12,0,9.9,7.0,18,True,True,False,True,True,websudoku,easy,modified
1184028159,1743098209,6,750,True,0.6228425629960839,12,0,9.46,6.0,18,True,True,False,True,True,websudoku,easy,modified
862288241,1743098209,5,600,True,0.5069987110036891,12,0,9.96,7.0,18,True,True,False,True,True,websudoku,easy,modified
1333843299,1743098209,4,450,True,0.3790001219895202,14,0,12.633333333333333,15.0,18,True,True,False,True,True,websudoku,easy,modified
2170464109,1743098209,6,750,True,0.6362874629994622,12,0,9.646666666666668,6.0,18,True,True,False,True,True,websudoku,easy,modified
3444837047,2816535554,7,900,True,0.7489334650017554,11,0,9.506666666666666,6.0,18,True,True,False,True,True,websudoku,easy,modified
2669555309,2816535554,7,900,True,0.7631055569945602,12,0,9.653333333333334,6.0,18,True,True,False,True,True,websudoku,easy,modified
2046530742,2816535554,6,750,True,0.662162560998695,12,0,10.533333333333331,7.0,18,True,True,False,True,True,websudoku,easy,modified
3581440988,2816535554,6,750,True,0.6455978190060705,12,0,9.626666666666669,6.0,18,True,True,False,True,True,websudoku,easy,modified
1691623607,2816535554,8,1050,True,0.961785705992952,11,0,9.533333333333331,6.0,18,True,True,False,True,True,websudoku,easy,modified
2099784219,2816535554,5,600,True,0.5775933479890227,13,0,11.28,8.5,18,True,True,False,True,True,websudoku,easy,modified
1184028159,2816535554,7,900,True,0.8335788130061701,13,0,11.133333333333333,10.0,18,True,True,False,True,True,websudoku,easy,modified
862288241,2816535554,7,900,True,0.8220122560014715,10,0,10.94,8.0,18,True,True,False,True,True,websudoku,easy,modified
1333843299,2816535554,6,750,True,0.6593415559909772,12,0,10.093333333333334,6.5,18,True,True,False,True,True,websudoku,easy,modified
2170464109,2816535554,7,900,True,0.8108890100120334,11,0,9.88,6.0,18,True,True,False,True,True,websudoku,easy,modified
3444837047,1125809905,6,750,True,0.7070509280019905,13,0,10.14,7.0,18,True,True,False,True,True,websudoku,easy,modified
2669555309,1125809905,8,1050,True,0.946339973990689,12,0,10.146666666666668,7.0,18,True,True,False,True,True,websudoku,easy,modified
2046530742,1125809905,7,900,True,0.7954937530012103,13,0,10.493333333333334,7.0,18,True,True,False,True,True,websudoku,easy,modified
3581440988,1125809905,7,900,True,0.7179194780037506,12,0,10.573333333333334,7.0,18,True,True,False,True,True,websudoku,easy,modified
1691623607,1125809905,7,900,True,0.7571617350040469,11,0,9.686666666666667,6.0,18,True,True,False,True,True,websudoku,easy,modified
2099784219,1125809905,7,900,True,0.7329556949989637,12,0,9.146666666666668,6.0,18,True,True,False,True,True,websudoku,easy,modified
1184028159,1125809905,7,900,True,0.7284226510091685,11,0,9.98,6.0,18,True,True,False,True,True,websudoku,easy,modified
862288241,1125809905,5,600,True,0.4845255929976702,10,0,9.793333333333331,7.0,18,True,True,False,True,True,websudoku,easy,modified
1333843299,1125809905,6,750,True,0.6039018969895551,11,0,10.18,7.0,18,True,True,False,True,True,websudoku,easy,modified
2170464109,1125809905,6,750,True,0.5828100429935148,12,0,9.566666666666666,6.0,18,True,True,False,True,True,websudoku,easy,modified
3444837047,5186813188,6,750,True,0.5683931660023518,14,0,11.52,9.0,18,True,True,False,True,True,websudoku,medium,modified
2669555309,5186813188,16,2250,True,1.9855750169954265,9,0,8.586666666666666,5.0,18,True,True,False,True,True,websudoku,medium,modified
2046530742,5186813188,9,1200,True,0.9254097639932296,12,0,10.326666666666666,7.0,18,True,True,False,True,True,websudoku,medium,modified
3581440988,5186813188,10,1350,True,1.1149402229930274,12,0,10.28,7.0,18,True,True,False,True,True,websudoku,medium,modified
1691623607,5186813188,17,2400,True,2.1250866560003487,10,0,8.54,5.5,18,True,True,False,True,True,websudoku,medium,modified
2099784219,5186813188,10,1350,True,1.0829911659966456,9,0,10.233333333333333,6.0,18,True,True,False,True,True,websudoku,medium,modified
1184028159,5186813188,12,1650,True,1.4358979270036798,11,0,10.08,6.5,18,True,True,False,True,True,websudoku,medium,modified
862288241,5186813188,16,2250,True,2.105685322996578,11,0,8.8,6.0,18,True,True,False,True,True,websudoku,medium,modified
1333843299,5186813188,12,1650,True,1.489875032988493,13,0,9.28,6.0,18,True,True,False,True,True,websudoku,medium,modified
2170464109,5186813188,11,1500,True,1.3536374010000145,12,0,9.1,6.0,18,True,True,False,True,True,websudoku,medium,modified
3444837047,5683860763,5,600,True,0.5327751739969244,14,0,12.286666666666669,10.0,18,True,True,False,True,True,websudoku,medium,modified
2669555309,5683860763,8,1050,True,0.9349125420121708,11,0,8.833333333333334,6.0,18,True,True,False,True,True,websudoku,medium,modified
2046530742,5683860763,6,750,True,0.7097254739928758,12,0,12.546666666666669,17.0,18,True,True,False,True,True,websudoku,medium,modified
3581440988,5683860763,6,750,True,0.6893864440062316,12,0,10.033333333333331,7.0,18,True,True,False,True,True,websudoku,medium,modified
1691623607,5683860763,8,1050,True,0.9085887310066028,12,0,9.433333333333334,7.0,18,True,True,False,True,True,websudoku,medium,modified
2099784219,5683860763,8,1050,True,0.93206621799618,11,0,9.52,6.0,18,True,True,False,True,True,websudoku,medium,modified
1184028159,5683860763,9,1200,True,1.0420472400001015,10,0,8.82,6.0,18,True,True,False,True,True,websudoku,medium,modified
862288241,5683860763,7,900,True,0.7770163639943348,11,0,9.373333333333331,6.0,18,True,True,False,True,True,websudoku,medium,modified
1333843299,5683860763,7,900,True,0.762364691006951,12,0,10.706666666666669,7.0,18,True,True,False,True,True,websudoku,medium,modified
2170464109,5683860763,7,900,True,0.8053161349962465,13,0,10.56,7.0,18,True,True,False,True,True,websudoku,medium,modified
3444837047,1309276044,10,1350,True,1.20448519900674,11,0,8.273333333333333,6.0,18,True,True,False,True,True,websudoku,medium,modified
2669555309,1309276044,18,2550,True,2.2169608760013944,10,0,8.74,5.0,18,True,True,False,True,True,websudoku,medium,modified
2046530742,1309276044,6,750,True,0.6313999720005086,11,0,10.666666666666666,7.0,18,True,True,False,True,True,websudoku,medium,modified
3581440988,1309276044,26,3750,True,3.4111977190041216,11,0,8.453333333333333,5.0,18,True,True,False,True,True,websudoku,medium,modified
1691623607,1309276044,17,2400,True,2.053739903989481,9,0,7.92,5.0,18,True,True,False,True,True,websudoku,medium,modified
2099784219,1309276044,6,750,True,0.6452731110039167,11,0,10.866666666666667,8.0,18,True,True,False,True,True,websudoku,medium,modified
1184028159,1309276044,11,1500,True,1.2381886079965625,13,0,9.266666666666667,6.0,18,True,True,False,True,True,websudoku,medium,modified
862288241,1309276044,19,2700,True,2.3526740839879494,13,0,8.146666666666667,5.0,18,True,True,False,True,True,websudoku,medium,modified
1333843299,1309276044,9,1200,True,0.9478824069956318,12,0,9.64,6.0,18,True,True,False,True,True,websudoku,medium,modified
2170464109,1309276044,10,1350,True,1.0972614839993184,11,0,9.426666666666666,6.0,18,True,True,False,True,True,websudoku,medium,modified
3444837047,5370232052,6,750,True,0.5991268570069224,14,0,10.88,8.0,18,True,True,False,True,True,websudoku,medium,modified
2669555309,5370232052,16,2250,True,2.027825189987197,10,0,8.12,5.0,18,True,True,False,True,True,websudoku,medium,modified
2046530742,5370232052,7,900,True,0.7568465779913822,11,0,9.94,6.0,18,True,True,False,True,True,websudoku,medium,modified
3581440988,5370232052,10,1350,True,1.1477719429967692,12,0,8.24,6.0,18,True,True,False,True,True,websudoku,medium,modified
1691623607,5370232052,16,2250,True,2.173560114999418,10,0,8.906666666666666,5.0,18,True,True,False,True,True,websudoku,medium,modified
2099784219,5370232052,7,900,True,0.8058616439957405,11,0,10.093333333333334,6.5,18,True,True,False,True,True,websudoku,medium,modified
1184028159,5370232052,11,1500,True,1.3474067719944287,11,0,9.646666666666668,6.0,18,True,True,False,True,True,websudoku,medium,modified
862288241,5370232052,10,1350,True,1.2121061770012602,11,0,9.573333333333334,6.0,18,True,True,False,True,True,websudoku,medium,modified
1333843299,5370232052,19,2700,True,2.5126462829939555,10,0,8.806666666666667,6.0,18,True,True,False,True,True,websudoku,medium,modified
2170464109,5370232052,18,2550,True,2.4024523830012185,11,0,8.2,5.0,18,True,True,False,True,True,websudoku,medium,modified
3444837047,6218225713,9,1200,True,0.9445763410039943,13,0,8.033333333333333,5.0,18,True,True,False,True,True,websudoku,medium,modified
2669555309,6218225713,156,23250,True,19.88296695399913,12,0,8.36,5.0,18,True,True,False,True,True,websudoku,medium,modified
2046530742,6218225713,18,2550,True,2.017368874992826,13,0,9.1,5.0,18,True,True,False,True,True,websudoku,medium,modified
3581440988,6218225713,12,1650,True,1.2660154289915226,9,0,8.36,5.0,18,True,True,False,True,True,websudoku,medium,modified
1691623607,6218225713,12,1650,True,1.2932196629990358,11,0,9.24,5.0,18,True,True,False,True,True,websudoku,medium,modified
2099784219,6218225713,8,1050,True,0.822422776996973,13,0,9.786666666666669,6.5,18,True,True,False,True,True,websudoku,medium,modified
1184028159,6218225713,15,2100,True,1.6217466320085805,12,0,9.186666666666667,6.0,18,True,True,False,True,True,websudoku,medium,modified
862288241,6218225713,13,1800,True,1.3941221269924426,12,0,8.966666666666667,6.0,18,True,True,False,True,True,websudoku,medium,modified
1333843299,6218225713,10,1350,True,1.0405025249929167,11,0,8.58,5.0,18,True,True,False,True,True,websudoku,medium,modified
2170464109,6218225713,13,1800,True,1.4161647400032962,13,0,9.006666666666666,6.0,18,True,True,False,True,True,websudoku,medium,modified
3444837047,4642113445,10,1350,True,1.0921861560054822,10,0,9.886666666666668,6.0,18,True,True,False,True,True,websudoku,medium,modified
2669555309,4642113445,13,1800,True,1.4368537809932604,11,0,9.08,6.0,18,True,True,False,True,True,websudoku,medium,modified
2046530742,4642113445,12,1650,True,1.3521662190032655,13,0,8.46,6.0,18,True,True,False,True,True,websudoku,medium,modified
3581440988,4642113445,11,1500,True,1.2322552130062832,13,0,10.153333333333334,7.0,18,True,True,False,True,True,websudoku,medium,modified
1691623607,4642113445,6,750,True,0.5757247870060382,11,0,11.846666666666666,9.0,18,True,True,False,True,True,websudoku,medium,modified
2099784219,4642113445,9,1200,True,0.9989771910040872,11,0,10.733333333333333,7.0,18,True,True,False,True,True,websudoku,medium,modified
1184028159,4642113445,13,1800,True,1.4335531299875583,11,0,10.186666666666667,7.0,18,True,True,False,True,True,websudoku,medium,modified
862288241,4642113445,8,1050,True,0.8206033089954872,12,0,11.173333333333334,8.5,18,True,True,False,True,True,websudoku,medium,modified
1333843299,4642113445,33,4800,True,4.041350943996804,12,0,8.146666666666667,5.0,18,True,True,False,True,True,websudoku,medium,modified
2170464109,4642113445,14,1950,True,1.5238178319996225,9,0,9.166666666666666,6.0,18,True,True,False,True,True,websudoku,medium,modified
3444837047,499319796,97,14400,True,13.513851964002242,11,0,8.133333333333333,5.0,18,True,True,False,True,True,websudoku,medium,modified
2669555309,499319796,11,1500,True,1.18066275100864,11,0,10.38,7.0,18,True,True,False,True,True,websudoku,medium,modified
2046530742,499319796,11,1500,True,1.216454094988876,12,0,10.146666666666668,6.0,18,True,True,False,True,True,websudoku,medium,modified
3581440988,499319796,19,2700,True,2.333068620006088,10,0,8.913333333333334,5.0,18,True,True,False,True,True,websudoku,medium,modified
1691623607,499319796,8,1050,True,0.9372905959899072,12,0,10.986666666666666,8.0,18,True,True,False,True,True,websudoku,medium,modified
2099784219,499319796,25,3600,True,3.017340282996884,10,0,7.966666666666667,5.0,18,True,True,False,True,True,websudoku,medium,modified
1184028159,499319796,11,1500,True,1.1718108400091296,13,0,9.606666666666667,6.5,18,True,True,False,True,True,websudoku,medium,modified
862288241,499319796,14,1950,True,1.7704783369990764,13,0,8.72,5.0,18,True,True,False,True,True,websudoku,medium,modified
1333843299,499319796,10,1350,True,1.3113033270055894,11,0,9.306666666666668,5.5,18,True,True,False,True,True,websudoku,medium,modified
2170464109,499319796,35,5100,True,4.990789117000531,10,0,8.213333333333333,5.0,18,True,True,False,True,True,websudoku,medium,modified
3444837047,6852584661,11,1500,True,1.5123101170029258,12,0,8.233333333333333,5.0,18,True,True,False,True,True,websudoku,medium,modified
2669555309,6852584661,29,4200,True,4.153077353999834,11,0,9.44,6.0,18,True,True,False,True,True,websudoku,medium,modified
2046530742,6852584661,57,8400,True,8.200062031988637,10,0,9.54,6.0,18,True,True,False,True,True,websudoku,medium,modified
3581440988,6852584661,13,1800,True,1.6582204769947566,12,0,8.94,6.0,18,True,True,False,True,True,websudoku,medium,modified
1691623607,6852584661,8,1050,True,1.004559210006846,12,0,9.986666666666666,6.0,18,True,True,False,True,True,websudoku,medium,modified
2099784219,6852584661,23,3300,True,3.29889137900318,11,0,8.733333333333333,5.0,18,True,True,False,True,True,websudoku,medium,modified
1184028159,6852584661,12,1650,True,1.6709919230052035,11,0,10.14,6.0,18,True,True,False,True,True,websudoku,medium,modified
862288241,6852584661,7,900,True,0.8221086100093089,12,0,10.3,7.0,18,True,True,False,True,True,websudoku,medium,modified
1333843299,6852584661,7,900,True,0.798069647004013,13,0,10.84,8.0,18,True,True,False,True,True,websudoku,medium,modified
2170464109,6852584661,23,3300,True,3.4168326899962267,10,0,9.6,6.0,18,True,True,False,True,True,websudoku,medium,modified
3444837047,2412169898,10,1350,True,1.2712825350026833,12,0,8.913333333333334,6.0,18,True,True,False,True,True,websudoku,medium,modified
2669555309,2412169898,8,1050,True,0.9108759469963844,11,0,8.733333333333333,6.0,18,True,True,False,True,True,websudoku,medium,modified
2046530742,2412169898,7,900,True,0.7603859009977896,13,0,11.346666666666666,9.0,18,True,True,False,True,True,websudoku,medium,modified
3581440988,2412169898,10,1350,True,1.3742905280087143,11,0,9.54,6.0,18,True,True,False,True,True,websudoku,medium,modified
1691623607,2412169898,7,900,True,0.8305484750017058,12,0,11.84,10.0,18,True,True,False,True,True,websudoku,medium,modified
2099784219,2412169898,8,1050,True,0.9421109550021356,13,0,10.033333333333331,7.0,18,True,True,False,True,True,websudoku,medium,modified
1184028159,2412169898,20,2850,True,2.580876770996838,10,0,8.146666666666667,5.0,18,True,True,False,True,True,websudoku,medium,modified
862288241,2412169898,10,1350,True,1.1635859939997315,11,0,10.113333333333332,6.0,18,True,True,False,True,True,websudoku,medium,modified
1333843299,2412169898,12,1650,True,1.4526494149904463,12,0,10.406666666666666,7.0,18,True,True,False,True,True,websudoku,medium,modified
2170464109,2412169898,8,1050,True,0.9192949060088722,12,0,10.106666666666667,7.0,18,True,True,False,True,True,websudoku,medium,modified
3444837047,1375528371,30,4350,True,3.823182064996218,10,0,8.746666666666666,5.0,18,True,True,False,True,True,websudoku,medium,modified
2669555309,1375528371,5,600,True,0.5316072450077627,12,0,11.9,10.0,18,True,True,False,True,True,websudoku,medium,modified
2046530742,1375528371,9,1200,True,1.100950574997114,11,0,10.246666666666666,7.0,18,True,True,False,True,True,websudoku,medium,modified
3581440988,1375528371,12,1650,True,1.4166855349903926,11,0,9.693333333333332,6.0,18,True,True,False,True,True,websudoku,medium,modified
1691623607,1375528371,7,900,True,0.757693264997215,12,0,9.893333333333333,7.0,18,True,True,False,True,True,websudoku,medium,modified
2099784219,1375528371,8,1050,True,0.8610981729871128,11,0,11.486666666666666,14.0,18,True,True,False,True,True,websudoku,medium,modified
1184028159,1375528371,18,2550,True,2.081126791003044,11,0,9.806666666666668,6.0,18,True,True,False,True,True,websudoku,medium,modified
862288241,1375528371,11,1500,True,1.2361073290085187,13,0,10.406666666666666,7.0,18,True,True,False,True,True,websudoku,medium,modified
1333843299,1375528371,9,1200,True,1.0044300139998086,13,0,9.913333333333334,6.0,18,True,True,False,True,True,websudoku,medium,modified
2170464109,1375528371,10,1350,True,1.0587461819959572,11,0,8.96,6.0,18,True,True,False,True,True,websudoku,medium,modified
3444837047,3343258108,10,1350,True,1.0373797440115595,12,0,9.8,6.0,18,True,True,False,True,True,websudoku,medium,modified
2669555309,3343258108,7,900,True,0.6729639830009546,12,0,10.546666666666669,7.0,18,True,True,False,True,True,websudoku,medium,modified
2046530742,3343258108,9,1200,True,0.884690833001514,10,0,9.473333333333333,6.0,18,True,True,False,True,True,websudoku,medium,modified
3581440988,3343258108,8,1050,True,0.797187206990202,13,0,10.066666666666666,7.0,18,True,True,False,True,True,websudoku,medium,modified
1691623607,3343258108,8,1050,True,0.7967289419902954,12,0,10.666666666666666,7.0,18,True,True,False,True,True,websudoku,medium,modified
2099784219,3343258108,10,1350,True,1.1025369179988047,12,0,10.306666666666668,6.0,18,True,True,False,True,True,websudoku,medium,modified
1184028159,3343258108,12,1650,True,1.412500391001231,11,0,9.486666666666666,6.0,18,True,True,False,True,True,websudoku,medium,modified
862288241,3343258108,9,1200,True,1.070303142987541,12,0,10.3,7.0,18,True,True,False,True,True,websudoku,medium,modified
1333843299,3343258108,10,1350,True,1.2220671739924,10,0,10.446666666666667,7.0,18,True,True,False,True,True,websudoku,medium,modified
2170464109,3343258108,7,900,True,0.7846091410028748,12,0,10.913333333333334,7.5,18,True,True,False,True,True,websudoku,medium,modified
3444837047,5636728751,24,3450,True,3.0981207190052373,9,0,8.32,5.0,18,True,True,False,True,True,websudoku,medium,modified
2669555309,5636728751,16,2250,True,2.0784205539966933,12,0,9.26,6.0,18,True,True,False,True,True,websudoku,medium,modified
2046530742,5636728751,63,9300,True,8.968247771001188,11,0,8.613333333333333,5.0,18,True,True,False,True,True,websudoku,medium,modified
3581440988,5636728751,18,2550,True,2.2611230320035247,11,0,8.82,5.5,18,True,True,False,True,True,websudoku,medium,modified
1691623607,5636728751,7,900,True,0.7643895520013757,9,0,10.766666666666667,7.0,18,True,True,False,True,True,websudoku,medium,modified
2099784219,5636728751,15,2100,True,1.7337386190047257,11,0,10.313333333333333,6.0,18,True,True,False,True,True,websudoku,medium,modified
1184028159,5636728751,16,2250,True,1.8389200829988115,12,0,10.38,7.0,18,True,True,False,True,True,websudoku,medium,modified
862288241,5636728751,9,1200,True,0.9324089599977016,12,0,9.94,6.0,18,True,True,False,True,True,websudoku,medium,modified
1333843299,5636728751,25,3600,True,3.366616890998557,12,0,9.006666666666666,6.0,18,True,True,False,True,True,websudoku,medium,modified
2170464109,5636728751,33,4800,True,4.539849404987763,10,0,9.0,6.0,18,True,True,False,True,True,websudoku,medium,modified
3444837047,1243258493,12,1650,True,1.525782957993215,11,0,8.26,5.0,18,True,True,False,True,True,websudoku,medium,modified
2669555309,1243258493,14,1950,True,1.6264918759989089,12,0,9.353333333333332,6.0,18,True,True,False,True,True,websudoku,medium,modified
2046530742,1243258493,10,1350,True,1.135936077000224,13,0,9.526666666666667,6.0,18,True,True,False,True,True,websudoku,medium,modified
3581440988,1243258493,9,1200,True,1.0735167840030044,12,0,10.726666666666668,7.5,18,True,True,False,True,True,websudoku,medium,modified
1691623607,1243258493,33,4800,True,4.180163609998999,11,0,8.333333333333334,5.0,18,True,True,False,True,True,websudoku,medium,modified
2099784219,1243258493,7,900,True,0.7662722340028267,13,0,10.593333333333334,7.0,18,True,True,False,True,True,websudoku,medium,modified
1184028159,1243258493,11,1500,True,1.2722226059995592,11,0,8.966666666666667,6.0,18,True,True,False,True,True,websudoku,medium,modified
862288241,1243258493,9,1200,True,0.992584077990614,12,0,10.04,7.0,18,True,True,False,True,True,websudoku,medium,modified
1333843299,1243258493,16,2250,True,1.8688224670040647,13,0,7.366666666666666,5.0,18,True,True,False,True,True,websudoku,medium,modified
2170464109,1243258493,19,2700,True,2.3004187930055195,9,0,8.76,5.0,18,True,True,False,True,True,websudoku,medium,modified
3444837047,3376672348,17,2400,True,2.031578174995957,12,0,10.113333333333332,7.0,18,True,True,False,True,True,websudoku,medium,modified
2669555309,3376672348,8,1050,True,0.8715516420052154,13,0,12.44,17.0,18,True,True,False,True,True,websudoku,medium,modified
2046530742,3376672348,12,1650,True,1.3370311680046143,13,0,10.306666666666668,7.0,18,True,True,False,True,True,websudoku,medium,modified
3581440988,3376672348,14,1950,True,1.727549981995253,12,0,10.553333333333333,7.0,18,True,True,False,True,True,websudoku,medium,modified
1691623607,3376672348,142,21150,True,20.24474250699859,13,0,9.573333333333334,6.0,18,True,True,False,True,True,websudoku,medium,modified
2099784219,3376672348,16,2250,True,2.1082786850020057,11,0,10.66,7.0,18,True,True,False,True,True,websudoku,medium,modified
1184028159,3376672348,16,2250,True,2.3903667790000327,11,0,10.046666666666669,7.0,18,True,True,False,True,True,websudoku,medium,modified
862288241,3376672348,11,1500,True,1.4199696610012325,13,0,9.633333333333333,6.0,18,True,True,False,True,True,websudoku,medium,modified
1333843299,3376672348,11,1500,True,1.4760582259914372,12,0,10.72,8.0,18,True,True,False,True,True,websudoku,medium,modified
2170464109,3376672348,15,2100,True,2.150139210993075,12,0,10.053333333333333,7.0,18,True,True,False,True,True,websudoku,medium,modified
3444837047,4238081180,13,1800,True,1.8107525630039163,11,0,9.66,6.0,18,True,True,False,True,True,websudoku,medium,modified
2669555309,4238081180,14,1950,True,1.706291084003169,10,0,9.28,6.0,18,True,True,False,True,True,websudoku,medium,modified
2046530742,4238081180,6,750,True,0.5910948840028141,13,0,10.08,7.0,18,True,True,False,True,True,websudoku,medium,modified
3581440988,4238081180,8,1050,True,0.8795543109881692,10,0,9.533333333333331,6.0,18,True,True,False,True,True,websudoku,medium,modified
1691623607,4238081180,14,1950,True,1.627844157002983,11,0,8.8,6.0,18,True,True,False,True,True,websudoku,medium,modified
2099784219,4238081180,13,1800,True,1.5064971140091077,12,0,8.953333333333333,6.0,18,True,True,False,True,True,websudoku,medium,modified
1184028159,4238081180,9,1200,True,1.0273903630004495,11,0,9.9,6.0,18,True,True,False,True,True,websudoku,medium,modified
862288241,4238081180,22,3150,True,2.7666072549909586,9,0,9.333333333333334,6.0,18,True,True,False,True,True,websudoku,medium,modified
1333843299,4238081180,12,1650,True,1.441015613003401,13,0,9.473333333333333,6.0,18,True,True,False,True,True,websudoku,medium,modified
2170464109,4238081180,10,1350,True,1.241448633998516,12,0,10.68,7.0,18,True,True,False,True,True,websudoku,medium,modified
3444837047,5054718164,7,900,True,0.8190560140064918,12,0,10.766666666666667,7.5,18,True,True,False,True,True,websudoku,medium,modified
2669555309,5054718164,6,750,True,0.6386425569944549,11,0,11.56,9.0,18,True,True,False,True,True,websudoku,medium,modified
2046530742,5054718164,9,1200,True,0.9223501020023832,12,0,8.486666666666666,6.0,18,True,True,False,True,True,websudoku,medium,modified
3581440988,5054718164,8,1050,True,0.8401421370072057,12,0,8.433333333333334,5.0,18,True,True,False,True,True,websudoku,medium,modified
1691623607,5054718164,8,1050,True,0.8457624939910602,13,0,9.566666666666666,6.0,18,True,True,False,True,True,websudoku,medium,modified
2099784219,5054718164,28,4050,True,3.871480317000533,11,0,8.373333333333333,5.0,18,True,True,False,True,True,websudoku,medium,modified
1184028159,5054718164,8,1050,True,0.8576194019988179,11,0,9.273333333333332,6.0,18,True,True,False,True,True,websudoku,medium,modified
862288241,5054718164,11,1500,True,1.2985307880007897,12,0,10.006666666666666,6.0,18,True,True,False,True,True,websudoku,medium,modified
1333843299,5054718164,8,1050,True,0.8865160150016891,12,0,10.973333333333333,8.0,18,True,True,False,True,True,websudoku,medium,modified
2170464109,5054718164,11,1500,True,1.4334841359959682,11,0,7.613333333333333,4.0,18,True,True,False,True,True,websudoku,medium,modified
3444837047,437203019,13,1800,True,1.877210075006588,10,0,8.493333333333334,5.5,18,True,True,False,True,True,websudoku,medium,modified
2669555309,437203019,112,16650,True,15.806965366995428,11,0,9.506666666666666,6.0,18,True,True,False,True,True,websudoku,medium,modified
2046530742,437203019,11,1500,True,1.7091157069953624,12,0,9.08,6.0,18,True,True,False,True,True,websudoku,medium,modified
3581440988,437203019,20,2850,True,3.2783220110140974,10,0,8.233333333333333,6.0,18,True,True,False,True,True,websudoku,medium,modified
1691623607,437203019,278,41550,True,36.64651403199241,11,0,8.646666666666667,5.0,18,True,True,False,True,True,websudoku,medium,modified
2099784219,437203019,36,5250,True,5.127179058996262,11,0,9.086666666666666,6.0,18,True,True,False,True,True,websudoku,medium,modified
1184028159,437203019,57,8400,True,8.112786033001612,12,0,10.02,6.5,18,True,True,False,True,True,websudoku,medium,modified
862288241,437203019,7,900,True,0.7715965599927586,13,0,10.893333333333333,8.0,18,True,True,False,True,True,websudoku,medium,modified
1333843299,437203019,20,2850,True,2.562498085011612,11,0,9.06,6.0,18,True,True,False,True,True,websudoku,medium,modified
2170464109,437203019,8,1050,True,0.8623385730024893,10,0,9.006666666666666,6.0,18,True,True,False,True,True,websudoku,medium,modified
3444837047,6560820189,12,1650,True,1.425152342999354,12,0,9.426666666666666,6.0,18,True,True,False,True,True,websudoku,medium,modified
2669555309,6560820189,15,2100,True,1.7054537780059036,11,0,8.74,5.0,18,True,True,False,True,True,websudoku,medium,modified
2046530742,6560820189,16,2250,True,2.0009442859882256,11,0,8.153333333333334,6.0,18,True,True,False,True,True,websudoku,medium,modified
3581440988,6560820189,12,1650,True,1.4563655899983132,11,0,9.386666666666668,6.0,18,True,True,False,True,True,websudoku,medium,modified
1691623607,6560820189,25,3600,True,3.2356542159977835,11,0,8.553333333333333,5.0,18,True,True,False,True,True,websudoku,medium,modified
2099784219,6560820189,8,1050,True,0.8854436690016882,12,0,11.146666666666668,8.0,18,True,True,False,True,True,websudoku,medium,modified
1184028159,6560820189,15,2100,True,1.8632167460018536,9,0,9.1,5.0,18,True,True,False,True,True,websudoku,medium,modified
862288241,6560820189,9,1200,True,1.0192708729882725,13,0,10.053333333333333,6.5,18,True,True,False,True,True,websudoku,medium,modified
1333843299,6560820189,6,750,True,0.6022326689999318,13,0,10.84,8.0,18,True,True,False,True,True,websudoku,medium,modified
2170464109,6560820189,9,1200,True,1.0231404369988013,11,0,10.393333333333333,7.0,18,True,True,False,True,True,websudoku,medium,modified
3444837047,1406583104,8,1050,True,0.8875314969918691,11,0,10.026666666666667,6.0,18,True,True,False,True,True,websudoku,medium,modified
2669555309,1406583104,10,1350,True,1.1876048559934134,12,0,9.353333333333332,6.0,18,True,True,False,True,True,websudoku,medium,modified
2046530742,1406583104,12,1650,True,1.503371699000127,11,0,9.086666666666666,6.0,18,True,True,False,True,True,websudoku,medium,modified
3581440988,1406583104,9,1200,True,0.9939270839968232,11,0,10.88,8.0,18,True,True,False,True,True,websudoku,medium,modified
1691623607,1406583104,11,1500,True,1.3681661039881874,11,0,9.366666666666667,6.0,18,True,True,False,True,True,websudoku,medium,modified
2099784219,1406583104,15,2100,True,1.90375275000406,9,0,9.626666666666669,6.0,18,True,True,False,True,True,websudoku,medium,modified
1184028159,1406583104,8,1050,True,0.874985721995472,15,0,11.04,8.5,18,True,True,False,True,True,websudoku,medium,modified
862288241,1406583104,11,1500,True,1.2736860279983375,11,0,9.94,6.0,18,True,True,False,True,True,websudoku,medium,modified
1333843299,1406583104,10,1350,True,1.240586557003553,11,0,9.566666666666666,6.0,18,True,True,False,True,True,websudoku,medium,modified
2170464109,1406583104,10,1350,True,1.233951469999738,11,0,8.686666666666667,6.0,18,True,True,False,True,True,websudoku,medium,modified
3444837047,5389283886,14,1950,True,1.6238975839951308,13,0,10.173333333333334,7.0,18,True,True,False,True,True,websudoku,medium,modified
2669555309,5389283886,20,2850,True,2.3967211220006,12,0,8.726666666666667,6.0,18,True,True,False,True,True,websudoku,medium,modified
2046530742,5389283886,30,4350,True,3.552854995999951,11,0,9.3,6.0,18,True,True,False,True,True,websudoku,medium,modified
3581440988,5389283886,13,1800,True,1.513980620991788,11,0,10.126666666666669,7.0,18,True,True,False,True,True,websudoku,medium,modified
1691623607,5389283886,14,1950,True,1.6035017849935684,11,0,9.56,6.0,18,True,True,False,True,True,websudoku,medium,modified
2099784219,5389283886,13,1800,True,1.5701465559977803,11,0,9.393333333333333,6.0,18,True,True,False,True,True,websudoku,medium,modified
1184028159,5389283886,36,5250,True,4.274641992989928,9,0,8.06,5.0,18,True,True,False,True,True,websudoku,medium,modified
862288241,5389283886,9,1200,True,0.947164718003478,12,0,10.82,8.0,18,True,True,False,True,True,websudoku,medium,modified
1333843299,5389283886,14,1950,True,1.5461623279989,12,0,9.88,6.0,18,True,True,False,True,True,websudoku,medium,modified
2170464109,5389283886,70,10350,True,8.432667790999403,9,0,9.353333333333332,6.0,18,True,True,False,True,True,websudoku,medium,modified
3444837047,6877811116,12,1650,True,1.3089550159929786,12,0,8.866666666666667,6.0,18,True,True,False,True,True,websudoku,medium,modified
2669555309,6877811116,7,900,True,0.7072430580010405,13,0,10.726666666666668,8.0,18,True,True,False,True,True,websudoku,medium,modified
2046530742,6877811116,10,1350,True,1.019653843992273,11,0,10.013333333333334,7.0,18,True,True,False,True,True,websudoku,medium,modified
3581440988,6877811116,11,1500,True,1.1289257939934032,11,0,9.72,6.0,18,True,True,False,True,True,websudoku,medium,modified
1691623607,6877811116,11,1500,True,1.1438895749888616,12,0,10.3,7.0,18,True,True,False,True,True,websudoku,medium,modified
2099784219,6877811116,11,1500,True,1.1642915600095876,11,0,8.326666666666666,5.5,18,True,True,False,True,True,websudoku,medium,modified
1184028159,6877811116,7,900,True,0.654631462006364,12,0,10.02,6.5,18,True,True,False,True,True,websudoku,medium,modified
862288241,6877811116,10,1350,True,1.0274093420011925,14,0,10.06,7.0,18,True,True,False,True,True,websudoku,medium,modified
1333843299,6877811116,7,900,True,0.6991229289997136,9,0,11.453333333333331,8.0,18,True,True,False,True,True,websudoku,medium,modified
2170464109,6877811116,10,1350,True,1.0655611499969382,10,0,9.82,6.0,18,True,True,False,True,True,websudoku,medium,modified
3444837047,2814476604,12,1650,True,1.3353980050014798,11,0,10.373333333333331,7.0,18,True,True,False,True,True,websudoku,medium,modified
2669555309,2814476604,28,4050,True,3.268278761010152,11,0,8.606666666666667,5.0,18,True,True,False,True,True,websudoku,medium,modified
2046530742,2814476604,8,1050,True,0.834009155005333,12,0,10.386666666666668,8.0,18,True,True,False,True,True,websudoku,medium,modified
3581440988,2814476604,10,1350,True,1.0505943460011622,13,0,10.106666666666667,7.0,18,True,True,False,True,True,websudoku,medium,modified
1691623607,2814476604,8,1050,True,0.7957117379992269,13,0,10.813333333333333,8.0,18,True,True,False,True,True,websudoku,medium,modified
2099784219,2814476604,8,1050,True,0.7819377690029796,13,0,9.453333333333331,6.0,18,True,True,False,True,True,websudoku,medium,modified
1184028159,2814476604,11,1500,True,1.1353701459884178,11,0,10.5,7.0,18,True,True,False,True,True,websudoku,medium,modified
862288241,2814476604,12,1650,True,1.296094371995423,12,0,9.586666666666666,6.0,18,True,True,False,True,True,websudoku,medium,modified
1333843299,2814476604,9,1200,True,0.8924982269963948,12,0,8.566666666666666,6.0,18,True,True,False,True,True,websudoku,medium,modified
2170464109,2814476604,14,1950,True,1.5026936170033878,14,0,10.453333333333331,7.0,18,True,True,False,True,True,websudoku,medium,modified
3444837047,4846770829,12,1650,True,1.3029675779980607,11,0,9.42,6.0,18,True,True,False,True,True,websudoku,medium,modified
2669555309,4846770829,5,600,True,0.478016838998883,12,0,11.46,9.0,18,True,True,False,True,True,websudoku,medium,modified
2046530742,4846770829,7,900,True,0.6757608289917698,12,0,10.353333333333332,7.0,18,True,True,False,True,True,websudoku,medium,modified
3581440988,4846770829,7,900,True,0.6995624470000621,12,0,11.76,17.0,18,True,True,False,True,True,websudoku,medium,modified
1691623607,4846770829,13,1800,True,1.4376348899968434,10,0,9.126666666666669,6.0,18,True,True,False,True,True,websudoku,medium,modified
2099784219,4846770829,24,3450,True,2.829239290993428,11,0,9.24,6.0,18,True,True,False,True,True,websudoku,medium,modified
1184028159,4846770829,9,1200,True,0.93512932700105,12,0,9.8,6.0,18,True,True,False,True,True,websudoku,medium,modified
862288241,4846770829,7,900,True,0.6722760830016341,10,0,10.42,7.0,18,True,True,False,True,True,websudoku,medium,modified
1333843299,4846770829,16,2250,True,1.8590863599965808,11,0,8.313333333333333,5.0,18,True,True,False,True,True,websudoku,medium,modified
2170464109,4846770829,8,1050,True,0.8040164809935959,13,0,10.053333333333333,7.0,18,True,True,False,True,True,websudoku,medium,modified
3444837047,6223382612,33,4800,True,3.876486016990384,12,0,8.773333333333333,6.0,18,True,True,False,True,True,websudoku,medium,modified
2669555309,6223382612,12,1650,True,1.284608833011589,11,0,9.313333333333333,6.0,18,True,True,False,True,True,websudoku,medium,modified
2046530742,6223382612,15,2100,True,1.6826365669985537,9,0,9.626666666666669,6.0,18,True,True,False,True,True,websudoku,medium,modified
3581440988,6223382612,41,6000,True,4.7280213280027965,10,0,9.46,6.0,18,True,True,False,True,True,websudoku,medium,modified
1691623607,6223382612,14,1950,True,1.5321115300030217,13,0,10.293333333333331,7.5,18,True,True,False,True,True,websudoku,medium,modified
2099784219,6223382612,39,5700,True,4.406601012000465,11,0,8.013333333333334,5.0,18,True,True,False,True,True,websudoku,medium,modified
1184028159,6223382612,14,1950,True,1.521336371995858,12,0,9.246666666666666,6.0,18,True,True,False,True,True,websudoku,medium,modified
862288241,6223382612,72,10650,True,8.5321041290008,10,0,9.393333333333333,6.0,18,True,True,False,True,True,websudoku,medium,modified
1333843299,6223382612,8,1050,True,0.7870420569961425,12,0,11.486666666666666,16.5,18,True,True,False,True,True,websudoku,medium,modified
2170464109,6223382612,15,2100,True,1.600366201993893,8,0,9.02,6.0,18,True,True,False,True,True,websudoku,medium,modified
3444837047,6789183095,22,3150,True,2.575165394999204,12,0,8.886666666666667,6.0,18,True,True,False,True,True,websudoku,medium,modified
2669555309,6789183095,26,3750,True,2.866301988993655,9,0,9.5,6.0,18,True,True,False,True,True,websudoku,medium,modified
2046530742,6789183095,19,2700,True,2.097001938003814,10,0,8.406666666666666,5.0,18,True,True,False,True,True,websudoku,medium,modified
3581440988,6789183095,11,1500,True,1.143079885005136,11,0,10.093333333333334,6.5,18,True,True,False,True,True,websudoku,medium,modified
1691623607,6789183095,7,900,True,0.6839303750020918,12,0,10.92,7.5,18,True,True,False,True,True,websudoku,medium,modified
2099784219,6789183095,17,2400,True,1.8105964069982288,11,0,8.466666666666667,5.0,18,True,True,False,True,True,websudoku,medium,modified
1184028159,6789183095,14,1950,True,1.4811395029973935,11,0,8.746666666666666,5.0,18,True,True,False,True,True,websudoku,medium,modified
862288241,6789183095,26,3750,True,2.8669355110032484,11,0,8.213333333333333,5.0,18,True,True,False,True,True,websudoku,medium,modified
1333843299,6789183095,13,1800,True,1.3770543110003928,12,0,9.933333333333334,6.0,18,True,True,False,True,True,websudoku,medium,modified
2170464109,6789183095,8,1050,True,0.7940685009962181,12,0,10.053333333333333,7.0,18,True,True,False,True,True,websudoku,medium,modified
3444837047,81978925,751,112500,False,88.94156500800455,10,2,9.18,5.5,18,True,True,False,True,True,websudoku,hard,modified
2669555309,81978925,751,112500,False,88.17659054099931,10,2,9.586666666666666,6.0,18,True,True,False,True,True,websudoku,hard,modified
2046530742,81978925,751,112500,False,89.23905353699229,9,2,8.846666666666666,6.0,18,True,True,False,True,True,websudoku,hard,modified
3581440988,81978925,751,112500,False,87.69581387999642,10,2,9.206666666666669,6.0,18,True,True,False,True,True,websudoku,hard,modified
1691623607,81978925,130,19350,True,15.101212356006728,10,0,8.093333333333334,5.5,18,True,True,False,True,True,websudoku,hard,modified
2099784219,81978925,751,112500,False,89.82391559600364,10,2,9.286666666666669,6.0,18,True,True,False,True,True,websudoku,hard,modified
1184028159,81978925,19,2700,True,2.165723280995735,11,0,10.173333333333334,7.0,18,True,True,False,True,True,websudoku,hard,modified
862288241,81978925,751,112500,False,88.41162780400191,9,2,9.146666666666668,6.0,18,True,True,False,True,True,websudoku,hard,modified
1333843299,81978925,98,14550,True,11.4048776270065,11,0,8.586666666666666,5.0,18,True,True,False,True,True,websudoku,hard,modified
2170464109,81978925,364,54450,True,42.4276232389966,10,0,9.36,6.0,18,True,True,False,True,True,websudoku,hard,modified
3444837047,95035487,11,1500,True,1.1305220919894057,12,0,9.626666666666669,6.0,18,True,True,False,True,True,websudoku,hard,modified
2669555309,95035487,23,3300,True,2.4764350250043208,9,0,9.406666666666666,6.0,18,True,True,False,True,True,websudoku,hard,modified
2046530742,95035487,751,112500,False,88.44794388698938,11,2,9.253333333333334,6.0,18,True,True,False,True,True,websudoku,hard,modified
3581440988,95035487,751,112500,False,87.33482771199488,11,2,8.586666666666666,6.0,18,True,True,False,True,True,websudoku,hard,modified
1691623607,95035487,751,112500,False,86.76465847199142,12,2,9.44,6.0,18,True,True,False,True,True,websudoku,hard,modified
2099784219,95035487,24,3450,True,2.5279756840027403,12,0,8.173333333333334,5.0,18,True,True,False,True,True,websudoku,hard,modified
1184028159,95035487,751,112500,False,88.30469999500201,10,2,7.68,5.0,18,True,True,False,True,True,websudoku,hard,modified
862288241,95035487,12,1650,True,1.2309838500077603,12,0,10.926666666666666,7.5,18,True,True,False,True,True,websudoku,hard,modified
1333843299,95035487,751,112500,False,89.07387852700776,9,2,8.76,5.5,18,True,True,False,True,True,websudoku,hard,modified
2170464109,95035487,27,3900,True,2.9645587210106896,12,0,7.96,5.0,18,True,True,False,True,True,websudoku,hard,modified
3444837047,88422000,751,112500,False,91.22076336100872,10,2,9.113333333333332,6.0,18,True,True,False,True,True,websudoku,hard,modified
2669555309,88422000,751,112500,False,86.1728976979939,12,2,8.073333333333334,6.0,18,True,True,False,True,True,websudoku,hard,modified
2046530742,88422000,21,3000,True,2.251910102000693,12,0,8.333333333333334,5.0,18,True,True,False,True,True,websudoku,hard,modified
3581440988,88422000,751,112500,False,90.06357381500129,8,2,9.166666666666666,6.0,18,True,True,False,True,True,websudoku,hard,modified
1691623607,88422000,238,35550,True,27.48981401299534,10,0,8.52,6.0,18,True,True,False,True,True,websudoku,hard,modified
2099784219,88422000,586,87750,True,67.08285834900744,10,0,9.106666666666667,6.0,18,True,True,False,True,True,websudoku,hard,modified
1184028159,88422000,748,112050,True,88.10504355399462,14,0,8.88,5.5,18,True,True,False,True,True,websudoku,hard,modified
862288241,88422000,751,112500,False,88.03211608799757,11,2,8.333333333333334,6.0,18,True,True,False,True,True,websudoku,hard,modified
1333843299,88422000,94,13950,True,10.963600275004865,7,0,8.553333333333333,5.0,18,True,True,False,True,True,websudoku,hard,modified
2170464109,88422000,8,1050,True,0.813324303002446,10,0,10.533333333333331,8.0,18,True,True,False,True,True,websudoku,hard,modified
3444837047,80335435,751,112500,False,87.9926533819962,12,2,8.32,5.0,18,True,True,False,True,True,websudoku,hard,modified
2669555309,80335435,751,112500,False,89.71673570301209,9,2,9.766666666666667,6.0,18,True,True,False,True,True,websudoku,hard,modified
2046530742,80335435,751,112500,False,85.13396402500803,9,2,9.02,5.5,18,True,True,False,True,True,websudoku,hard,modified
3581440988,80335435,751,112500,False,89.04533620701113,9,2,8.72,5.0,18,True,True,False,True,True,websudoku,hard,modified
1691623607,80335435,42,6150,True,4.786353776988108,12,0,8.933333333333334,6.0,18,True,True,False,True,True,websudoku,hard,modified
2099784219,80335435,24,3450,True,2.598978818001342,11,0,8.56,6.0,18,True,True,False,True,True,websudoku,hard,modified
1184028159,80335435,25,3600,True,2.8648489199986216,12,0,10.666666666666666,7.5,18,True,True,False,True,True,websudoku,hard,modified
862288241,80335435,250,37350,True,29.13402331998805,11,0,8.546666666666667,5.5,18,True,True,False,True,True,websudoku,hard,modified
1333843299,80335435,751,112500,False,87.25999197400233,7,2,8.546666666666667,5.0,18,True,True,False,True,True,websudoku,hard,modified
2170464109,80335435,751,112500,False,88.34024313300324,10,2,8.533333333333333,5.0,18,True,True,False,True,True,websudoku,hard,modified
3444837047,18434940,7,900,True,0.6974979619990336,11,0,12.7,10.5,18,True,True,False,True,True,websudoku,hard,modified
2669555309,18434940,156,23250,True,18.620227904000785,10,0,8.646666666666667,5.0,18,True,True,False,True,True,websudoku,hard,modified
2046530742,18434940,25,3600,True,3.016061336995336,11,0,8.76,5.0,18,True,True,False,True,True,websudoku,hard,modified
3581440988,18434940,21,3000,True,2.4939028459921246,12,0,9.22,6.0,18,True,True,False,True,True,websudoku,hard,modified
1691623607,18434940,12,1650,True,1.2307302199915284,12,0,10.813333333333333,7.5,18,True,True,False,True,True,websudoku,hard,modified
2099784219,18434940,35,5100,True,4.0853813450085,12,0,8.113333333333333,5.0,18,True,True,False,True,True,websudoku,hard,modified
1184028159,18434940,31,4500,True,3.4274041790049523,12,0,8.773333333333333,6.0,18,True,True,False,True,True,websudoku,hard,modified
862288241,18434940,46,6750,True,5.395957626999007,12,0,8.68,5.0,18,True,True,False,True,True,websudoku,hard,modified
1333843299,18434940,15,2100,True,1.5660910360020353,10,0,8.146666666666667,6.0,18,True,True,False,True,True,websudoku,hard,modified
2170464109,18434940,83,12300,True,9.660699733998626,11,0,8.06,5.0,18,True,True,False,True,True,websudoku,hard,modified
3444837047,125813400,24,3450,True,2.690655415004585,9,0,8.633333333333333,6.0,18,True,True,False,True,True,websudoku,hard,modified
2669555309,125813400,501,75000,True,58.92106103000697,11,0,9.033333333333331,5.0,18,True,True,False,True,True,websudoku,hard,modified
2046530742,125813400,9,1200,True,0.90222575799271,10,0,10.106666666666667,7.0,18,True,True,False,True,True,websudoku,hard,modified
3581440988,125813400,325,48600,True,38.604797606996726,10,0,9.513333333333334,6.0,18,True,True,False,True,True,websudoku,hard,modified
1691623607,125813400,32,4650,True,3.639448257003096,11,0,8.386666666666667,5.0,18,True,True,False,True,True,websudoku,hard,modified
2099784219,125813400,15,2100,True,1.5777875880012289,10,0,8.793333333333333,6.0,18,True,True,False,True,True,websudoku,hard,modified
1184028159,125813400,12,1650,True,1.209065039001871,11,0,8.793333333333333,6.0,18,True,True,False,True,True,websudoku,hard,modified
862288241,125813400,15,2100,True,1.5961817169882124,12,0,9.08,6.0,18,True,True,False,True,True,websudoku,hard,modified
1333843299,125813400,47,6900,True,5.385106961999554,11,0,9.013333333333334,6.0,18,True,True,False,True,True,websudoku,hard,modified
2170464109,125813400,10,1350,True,1.025093570002355,11,0,9.433333333333334,6.0,18,True,True,False,True,True,websudoku,hard,modified
3444837047,53645925,18,2550,True,1.9433278570068069,12,0,8.786666666666667,5.5,18,True,True,False,True,True,websudoku,hard,modified
2669555309,53645925,751,112500,False,86.0198420020024,11,2,8.626666666666667,6.0,18,True,True,False,True,True,websudoku,hard,modified
2046530742,53645925,11,1500,True,1.1395099329965888,12,0,10.286666666666669,7.0,18,True,True,False,True,True,websudoku,hard,modified
3581440988,53645925,751,112500,False,89.76458214801096,10,2,8.406666666666666,5.0,18,True,True,False,True,True,websudoku,hard,modified
1691623607,53645925,71,10500,True,8.05870865698671,10,0,8.78,6.0,18,True,True,False,True,True,websudoku,hard,modified
2099784219,53645925,751,112500,False,90.42458809800156,11,2,8.546666666666667,5.0,18,True,True,False,True,True,websudoku,hard,modified
1184028159,53645925,44,6450,True,4.872152548996382,10,0,8.46,6.0,18,True,True,False,True,True,websudoku,hard,modified
862288241,53645925,751,112500,False,87.59343158800039,11,2,8.42,6.0,18,True,True,False,True,True,websudoku,hard,modified
1333843299,53645925,20,2850,True,2.1692291180079337,12,0,8.453333333333333,5.0,18,True,True,False,True,True,websudoku,hard,modified
2170464109,53645925,91,13500,True,10.549770321013057,12,0,8.926666666666666,6.0,18,True,True,False,True,True,websudoku,hard,modified
3444837047,451097318,8,1050,True,0.7520312140113674,11,0,9.113333333333332,6.0,18,True,True,False,True,True,websudoku,hard,modified
2669555309,451097318,153,22800,True,17.223407073004637,11,0,9.013333333333334,6.0,18,True,True,False,True,True,websudoku,hard,modified
2046530742,451097318,9,1200,True,0.8901411020051455,12,0,9.28,6.0,18,True,True,False,True,True,websudoku,hard,modified
3581440988,451097318,10,1350,True,1.0188318969885586,12,0,8.833333333333334,6.0,18,True,True,False,True,True,websudoku,hard,modified
1691623607,451097318,10,1350,True,1.0288620589999482,13,0,10.6,9.0,18,True,True,False,True,True,websudoku,hard,modified
2099784219,451097318,63,9300,True,7.170003965991782,9,0,9.346666666666666,5.0,18,True,True,False,True,True,websudoku,hard,modified
1184028159,451097318,13,1800,True,1.3303440939926077,11,0,9.366666666666667,6.0,18,True,True,False,True,True,websudoku,hard,modified
862288241,451097318,14,1950,True,1.4365849989990238,12,0,8.28,6.0,18,True,True,False,True,True,websudoku,hard,modified
1333843299,451097318,12,1650,True,1.2084580079972511,9,0,9.993333333333334,6.0,18,True,True,False,True,True,websudoku,hard,modified
2170464109,451097318,234,34950,True,26.902771885987026,10,0,8.746666666666666,5.5,18,True,True,False,True,True,websudoku,hard,modified
3444837047,87228779,37,5400,True,3.9671473400085233,10,0,8.646666666666667,5.0,18,True,True,False,True,True,websudoku,hard,modified
2669555309,87228779,393,58800,True,44.72725221399742,11,0,8.686666666666667,5.0,18,True,True,False,True,True,websudoku,hard,modified
2046530742,87228779,751,112500,False,87.74420895200456,10,2,8.48,5.0,18,True,True,False,True,True,websudoku,hard,modified
3581440988,87228779,88,13050,True,10.11802229299792,10,0,8.34,5.0,18,True,True,False,True,True,websudoku,hard,modified
1691623607,87228779,30,4350,True,3.3552084769908106,10,0,8.313333333333333,5.0,18,True,True,False,True,True,websudoku,hard,modified
2099784219,87228779,65,9600,True,7.364775666996138,13,0,9.093333333333334,6.0,18,True,True,False,True,True,websudoku,hard,modified
1184028159,87228779,52,7650,True,5.927898945999914,10,0,8.66,5.0,18,True,True,False,True,True,websudoku,hard,modified
862288241,87228779,112,16650,True,12.862455565002165,10,0,9.36,6.0,18,True,True,False,True,True,websudoku,hard,modified
1333843299,87228779,38,5550,True,4.39216897400911,13,0,9.693333333333332,6.5,18,True,True,False,True,True,websudoku,hard,modified
2170464109,87228779,751,112500,False,86.81668947399885,11,2,8.806666666666667,6.0,18,True,True,False,True,True,websudoku,hard,modified
3444837047,98013203,41,6000,True,4.6486105430085445,11,0,7.873333333333333,5.0,18,True,True,False,True,True,websudoku,hard,modified
2669555309,98013203,751,112500,False,90.4147743999929,10,2,8.753333333333334,5.0,18,True,True,False,True,True,websudoku,hard,modified
2046530742,98013203,111,16500,True,13.048621241003277,11,0,9.333333333333334,6.0,18,True,True,False,True,True,websudoku,hard,modified
3581440988,98013203,751,112500,False,88.99320005699701,10,2,9.553333333333333,6.0,18,True,True,False,True,True,websudoku,hard,modified
1691623607,98013203,751,112500,False,86.83406808400468,9,2,8.246666666666666,5.0,18,True,True,False,True,True,websudoku,hard,modified
2099784219,98013203,751,112500,False,86.80038071099261,10,2,8.733333333333333,6.0,18,True,True,False,True,True,websudoku,hard,modified
1184028159,98013203,751,112500,False,89.37017567899602,11,2,8.566666666666666,6.0,18,True,True,False,True,True,websudoku,hard,modified
862288241,98013203,129,19200,True,15.308765326000866,12,0,8.846666666666666,5.5,18,True,True,False,True,True,websudoku,hard,modified
1333843299,98013203,18,2550,True,1.9665835929918103,10,0,9.426666666666666,6.0,18,True,True,False,True,True,websudoku,hard,modified
2170464109,98013203,13,1800,True,1.381257874993025,12,0,11.166666666666666,8.5,18,True,True,False,True,True,websudoku,hard,modified
3444837047,419948326,12,1650,True,1.1914861319964984,13,0,8.593333333333334,6.0,18,True,True,False,True,True,websudoku,hard,modified
2669555309,419948326,35,5100,True,3.935061822005082,11,0,9.206666666666669,6.0,18,True,True,False,True,True,websudoku,hard,modified
2046530742,419948326,17,2400,True,1.759393625005032,9,0,8.673333333333334,6.0,18,True,True,False,True,True,websudoku,hard,modified
3581440988,419948326,9,1200,True,0.8512693110096734,11,0,10.24,7.0,18,True,True,False,True,True,websudoku,hard,modified
1691623607,419948326,9,1200,True,0.8460845520021394,12,0,9.746666666666666,6.0,18,True,True,False,True,True,websudoku,hard,modified
2099784219,419948326,186,27750,True,20.766461555002024,11,0,9.006666666666666,5.0,18,True,True,False,True,True,websudoku,hard,modified
1184028159,419948326,58,8550,True,6.45674803298607,12,0,8.66,5.5,18,True,True,False,True,True,websudoku,hard,modified
862288241,419948326,7,900,True,0.6619780020118924,11,0,10.513333333333334,8.0,18,True,True,False,True,True,websudoku,hard,modified
1333843299,419948326,751,112500,False,85.34759229900374,9,2,8.82,5.0,18,True,True,False,True,True,websudoku,hard,modified
2170464109,419948326,751,112500,False,87.39045175698993,11,2,9.446666666666667,6.0,18,True,True,False,True,True,websudoku,hard,modified
3444837047,237698103,16,2250,True,1.6748169069905998,13,0,10.12,7.0,18,True,True,False,True,True,websudoku,hard,modified
2669555309,237698103,17,2400,True,1.7937644259945955,10,0,8.58,5.0,18,True,True,False,True,True,websudoku,hard,modified
2046530742,237698103,45,6600,True,5.166388774989173,11,0,8.793333333333333,5.0,18,True,True,False,True,True,websudoku,hard,modified
3581440988,237698103,14,1950,True,1.5053419140022015,13,0,10.26,7.0,18,True,True,False,True,True,websudoku,hard,modified
1691623607,237698103,12,1650,True,1.2168526629975531,11,0,9.113333333333332,6.0,18,True,True,False,True,True,websudoku,hard,modified
2099784219,237698103,16,2250,True,1.6989795159897767,11,0,8.833333333333334,5.0,18,True,True,False,True,True,websudoku,hard,modified
1184028159,237698103,12,1650,True,1.221011145011289,11,0,8.906666666666666,6.0,18,True,True,False,True,True,websudoku,hard,modified
862288241,237698103,15,2100,True,1.6139830419997452,13,0,8.906666666666666,6.0,18,True,True,False,True,True,websudoku,hard,modified
1333843299,237698103,17,2400,True,1.7945171070023207,10,0,8.753333333333334,6.0,18,True,True,False,True,True,websudoku,hard,modified
2170464109,237698103,14,1950,True,1.4745260130002862,12,0,8.986666666666666,6.0,18,True,True,False,True,True,websudoku,hard,modified
3444837047,91397375,135,20100,True,15.957706539003992,9,0,8.593333333333334,5.0,18,True,True,False,True,True,websudoku,hard,modified
2669555309,91397375,122,18150,True,14.289945110009285,8,0,8.406666666666666,5.0,18,True,True,False,True,True,websudoku,hard,modified
2046530742,91397375,7,900,True,0.6468409079971025,12,0,11.766666666666667,9.0,18,True,True,False,True,True,websudoku,hard,modified
3581440988,91397375,16,2250,True,1.648287057003472,11,0,9.206666666666669,6.0,18,True,True,False,True,True,websudoku,hard,modified
1691623607,91397375,17,2400,True,1.7842300690099364,12,0,9.206666666666669,6.0,18,True,True,False,True,True,websudoku,hard,modified
2099784219,91397375,199,29700,True,23.13674199199886,11,0,8.48,6.0,18,True,True,False,True,True,websudoku,hard,modified
1184028159,91397375,160,23850,True,18.7566827260016,10,0,8.846666666666666,6.0,18,True,True,False,True,True,websudoku,hard,modified
862288241,91397375,37,5400,True,4.165721016004682,11,0,8.513333333333334,6.0,18,True,True,False,True,True,websudoku,hard,modified
1333843299,91397375,26,3750,True,2.827533758987556,12,0,8.933333333333334,6.0,18,True,True,False,True,True,websudoku,hard,modified
2170464109,91397375,751,112500,False,91.25188948999858,10,2,8.886666666666667,6.0,18,True,True,False,True,True,websudoku,hard,modified
3444837047,18125296,12,1650,True,1.244200531000388,11,0,9.153333333333334,6.0,18,True,True,False,True,True,websudoku,hard,modified
2669555309,18125296,21,3000,True,2.3063338700012537,11,0,8.733333333333333,5.0,18,True,True,False,True,True,websudoku,hard,modified
2046530742,18125296,15,2100,True,1.5926648400054546,12,0,10.18,6.0,18,True,True,False,True,True,websudoku,hard,modified
3581440988,18125296,17,2400,True,1.8337474590080087,11,0,7.853333333333333,5.0,18,True,True,False,True,True,websudoku,hard,modified
1691623607,18125296,58,8550,True,6.7019284129928565,10,0,8.5,5.0,18,True,True,False,True,True,websudoku,hard,modified
2099784219,18125296,18,2550,True,1.933089661004488,13,0,9.48,6.0,18,True,True,False,True,True,websudoku,hard,modified
1184028159,18125296,28,4050,True,3.1177444269997068,12,0,10.486666666666666,7.0,18,True,True,False,True,True,websudoku,hard,modified
862288241,18125296,24,3450,True,2.653969129998586,11,0,8.506666666666666,6.0,18,True,True,False,True,True,websudoku,hard,modified
1333843299,18125296,44,6450,True,4.9183928389975335,10,0,8.72,6.0,18,True,True,False,True,True,websudoku,hard,modified
2170464109,18125296,12,1650,True,1.273918993989355,12,0,8.86,6.0,18,True,True,False,True,True,websudoku,hard,modified
3444837047,73991097,149,22200,True,17.41960349000874,11,0,8.693333333333333,6.0,18,True,True,False,True,True,websudoku,hard,modified
2669555309,73991097,14,1950,True,1.483099745004438,11,0,9.353333333333332,6.0,18,True,True,False,True,True,websudoku,hard,modified
2046530742,73991097,33,4800,True,3.691436695997254,11,0,8.766666666666667,5.0,18,True,True,False,True,True,websudoku,hard,modified
3581440988,73991097,17,2400,True,1.8341707560030045,12,0,8.586666666666666,6.0,18,True,True,False,True,True,websudoku,hard,modified
1691623607,73991097,241,36000,True,27.66945491899969,10,0,9.586666666666666,6.0,18,True,True,False,True,True,websudoku,hard,modified
2099784219,73991097,135,20100,True,16.099997063996852,11,0,8.52,5.0,18,True,True,False,True,True,websudoku,hard,modified
1184028159,73991097,403,60300,True,48.95349003399315,11,0,8.78,6.0,18,True,True,False,True,True,websudoku,hard,modified
862288241,73991097,33,4800,True,3.727486559000681,11,0,8.2,5.0,18,True,True,False,True,True,websudoku,hard,modified
1333843299,73991097,41,6000,True,4.646358466998208,10,0,9.04,5.0,18,True,True,False,True,True,websudoku,hard,modified
2170464109,73991097,751,112500,False,86.05143053099164,9,2,8.16,5.5,18,True,True,False,True,True,websudoku,hard,modified
3444837047,88957818,751,112500,False,86.42145064299984,10,2,7.906666666666666,5.0,18,True,True,False,True,True,websudoku,hard,modified
2669555309,88957818,751,112500,False,88.29887340500136,10,2,8.853333333333333,6.0,18,True,True,False,True,True,websudoku,hard,modified
2046530742,88957818,751,112500,False,88.74597563300631,9,2,8.626666666666667,6.0,18,True,True,False,True,True,websudoku,hard,modified
3581440988,88957818,751,112500,False,86.53551865401096,11,2,7.666666666666667,5.0,18,True,True,False,True,True,websudoku,hard,modified
1691623607,88957818,751,112500,False,85.05533636600012,8,2,9.153333333333334,5.5,18,True,True,False,True,True,websudoku,hard,modified
2099784219,88957818,751,112500,False,87.39607124199392,9,2,9.166666666666666,6.0,18,True,True,False,True,True,websudoku,hard,modified
1184028159,88957818,751,112500,False,88.01907678999123,10,2,8.92,6.0,18,True,True,False,True,True,websudoku,hard,modified
862288241,88957818,751,112500,False,84.7407936439995,10,2,9.5,6.0,18,True,True,False,True,True,websudoku,hard,modified
1333843299,88957818,751,112500,False,86.85292638199462,10,2,8.52,6.0,18,True,True,False,True,True,websudoku,hard,modified
2170464109,88957818,751,112500,False,86.19015498898807,7,2,9.046666666666669,5.5,18,True,True,False,True,True,websudoku,hard,modified
3444837047,90368316,751,112500,False,87.91230459800863,9,2,8.2,5.0,18,True,True,False,True,True,websudoku,hard,modified
2669555309,90368316,751,112500,False,88.57580526400125,11,2,8.72,5.0,18,True,True,False,True,True,websudoku,hard,modified
2046530742,90368316,165,24600,True,19.103533494999283,11,0,9.126666666666669,6.0,18,True,True,False,True,True,websudoku,hard,modified
3581440988,90368316,103,15300,True,11.820465465993038,11,0,8.506666666666666,5.5,18,True,True,False,True,True,websudoku,hard,modified
1691623607,90368316,483,72300,True,56.90832589400816,9,0,8.993333333333334,6.0,18,True,True,False,True,True,websudoku,hard,modified
2099784219,90368316,14,1950,True,1.491675976998522,10,0,10.333333333333334,7.0,18,True,True,False,True,True,websudoku,hard,modified
1184028159,90368316,51,7500,True,5.900676848003059,11,0,8.98,6.0,18,True,True,False,True,True,websudoku,hard,modified
862288241,90368316,22,3150,True,2.45205983199412,11,0,8.253333333333334,5.0,18,True,True,False,True,True,websudoku,hard,modified
1333843299,90368316,118,17550,True,13.29073442099616,9,0,8.733333333333333,5.0,18,True,True,False,True,True,websudoku,hard,modified
2170464109,90368316,144,21450,True,16.861034743997152,11,0,9.453333333333331,6.0,18,True,True,False,True,True,websudoku,hard,modified
3444837047,80755369,51,7500,True,5.735681445003138,9,0,8.126666666666667,5.5,18,True,True,False,True,True,websudoku,hard,modified
2669555309,80755369,50,7350,True,5.6948672119906405,12,0,8.433333333333334,5.0,18,True,True,False,True,True,websudoku,hard,modified
2046530742,80755369,751,112500,False,88.28575084700424,9,2,8.98,5.5,18,True,True,False,True,True,websudoku,hard,modified
3581440988,80755369,68,10050,True,7.762461887003155,10,0,8.193333333333333,5.0,18,True,True,False,True,True,websudoku,hard,modified
1691623607,80755369,274,40950,True,31.902095693003503,10,0,8.473333333333333,5.0,18,True,True,False,True,True,websudoku,hard,modified
2099784219,80755369,751,112500,False,87.78400575800333,12,2,8.94,6.0,18,True,True,False,True,True,websudoku,hard,modified
1184028159,80755369,87,12900,True,9.821747762005543,8,0,8.94,5.5,18,True,True,False,True,True,websudoku,hard,modified
862288241,80755369,751,112500,False,88.37017961399397,9,2,9.346666666666666,6.0,18,True,True,False,True,True,websudoku,hard,modified
1333843299,80755369,725,108600,True,80.55791601799137,12,0,9.013333333333334,6.0,18,True,True,False,True,True,websudoku,hard,modified
2170464109,80755369,751,112500,False,86.57342118700035,10,2,8.286666666666667,5.0,18,True,True,False,True,True,websudoku,hard,modified
3444837047,17485176,74,10950,True,8.696372539998265,9,0,8.226666666666667,5.0,18,True,True,False,True,True,websudoku,hard,modified
2669555309,17485176,21,3000,True,2.302971467986936,9,0,8.833333333333334,5.0,18,True,True,False,True,True,websudoku,hard,modified
2046530742,17485176,35,5100,True,3.914724761008984,11,0,8.433333333333334,5.0,18,True,True,False,True,True,websudoku,hard,modified
3581440988,17485176,751,112500,False,85.47457886800112,9,3,9.786666666666669,7.0,18,True,True,False,True,True,websudoku,hard,modified
1691623607,17485176,25,3600,True,2.8356048650020966,11,0,10.66,7.0,18,True,True,False,True,True,websudoku,hard,modified
2099784219,17485176,40,5850,True,4.568461931005004,10,0,8.626666666666667,5.0,18,True,True,False,True,True,websudoku,hard,modified
1184028159,17485176,37,5400,True,4.285622807001346,12,0,8.64,5.0,18,True,True,False,True,True,websudoku,hard,modified
862288241,17485176,36,5250,True,3.9750497079949128,10,0,8.626666666666667,5.0,18,True,True,False,True,True,websudoku,hard,modified
1333843299,17485176,18,2550,True,1.957379720988684,11,0,9.166666666666666,6.0,18,True,True,False,True,True,websudoku,hard,modified
2170464109,17485176,31,4500,True,3.406306136996136,11,0,8.253333333333334,5.0,18,True,True,False,True,True,websudoku,hard,modified
3444837047,198034917,13,1800,True,1.3566228319978109,12,0,10.633333333333333,7.0,18,True,True,False,True,True,websudoku,hard,modified
2669555309,198034917,14,1950,True,1.481912121002097,10,0,8.786666666666667,5.0,18,True,True,False,True,True,websudoku,hard,modified
2046530742,198034917,31,4500,True,3.501096077001421,11,0,9.233333333333333,6.0,18,True,True,False,True,True,websudoku,hard,modified
3581440988,198034917,50,7350,True,5.82967411201389,9,0,9.273333333333332,6.0,18,True,True,False,True,True,websudoku,hard,modified
1691623607,198034917,469,70200,True,56.21704571800365,10,0,8.433333333333334,5.0,18,True,True,False,True,True,websudoku,hard,modified
2099784219,198034917,60,8850,True,6.981248033000156,10,0,9.166666666666666,6.0,18,True,True,False,True,True,websudoku,hard,modified
1184028159,198034917,152,22650,True,18.516471925002406,10,0,8.24,5.0,18,True,True,False,True,True,websudoku,hard,modified
862288241,198034917,9,1200,True,0.8967619809991447,12,0,11.006666666666666,8.0,18,True,True,False,True,True,websudoku,hard,modified
1333843299,198034917,43,6300,True,5.025861372007057,11,0,8.286666666666667,5.0,18,True,True,False,True,True,websudoku,hard,modified
2170464109,198034917,11,1500,True,1.106596712997998,12,0,9.553333333333333,6.0,18,True,True,False,True,True,websudoku,hard,modified
3444837047,20472201,12,1650,True,1.2985754249966703,10,0,9.713333333333331,7.0,18,True,True,False,True,True,websudoku,hard,modified
2669555309,20472201,11,1500,True,1.1683583609992638,13,0,10.58,8.0,18,True,True,False,True,True,websudoku,hard,modified
2046530742,20472201,22,3150,True,2.4949122880061623,11,0,8.6,5.0,18,True,True,False,True,True,websudoku,hard,modified
3581440988,20472201,33,4800,True,3.7336385149974376,10,0,8.806666666666667,5.0,18,True,True,False,True,True,websudoku,hard,modified
1691623607,20472201,15,2100,True,1.562535832010326,12,0,8.846666666666666,6.0,18,True,True,False,True,True,websudoku,hard,modified
2099784219,20472201,10,1350,True,1.0154869510006392,11,0,10.733333333333333,7.0,18,True,True,False,True,True,websudoku,hard,modified
1184028159,20472201,11,1500,True,1.174580289007281,13,0,10.373333333333331,7.0,18,True,True,False,True,True,websudoku,hard,modified
862288241,20472201,27,3900,True,3.036379926998052,10,0,9.173333333333334,5.0,18,True,True,False,True,True,websudoku,hard,modified
1333843299,20472201,74,10950,True,8.569939101987984,11,0,8.746666666666666,5.5,18,True,True,False,True,True,websudoku,hard,modified
2170464109,20472201,13,1800,True,1.340015192006831,12,0,9.546666666666669,6.0,18,True,True,False,True,True,websudoku,hard,modified
3444837047,72033350,751,112500,False,89.46575037098955,8,2,9.553333333333333,6.0,18,True,True,False,True,True,websudoku,hard,modified
2669555309,72033350,15,2100,True,1.5930843309906777,12,0,9.933333333333334,6.0,18,True,True,False,True,True,websudoku,hard,modified
2046530742,72033350,751,112500,False,88.96255248499801,11,2,8.526666666666667,5.0,18,True,True,False,True,True,websudoku,hard,modified
3581440988,72033350,262,39150,True,31.14162272600516,11,0,8.56,5.0,18,True,True,False,True,True,websudoku,hard,modified
1691623607,72033350,57,8400,True,6.609433563993662,13,0,9.513333333333334,6.0,18,True,True,False,True,True,websudoku,hard,modified
2099784219,72033350,751,112500,False,87.65732761099935,9,2,9.653333333333334,6.0,18,True,True,False,True,True,websudoku,hard,modified
1184028159,72033350,147,21900,True,16.95572567799536,11,0,8.286666666666667,5.0,18,True,True,False,True,True,websudoku,hard,modified
862288241,72033350,49,7200,True,5.636338452997734,8,0,8.993333333333334,6.0,18,True,True,False,True,True,websudoku,hard,modified
1333843299,72033350,58,8550,True,6.612967925000703,11,0,9.233333333333333,6.0,18,True,True,False,True,True,websudoku,hard,modified
2170464109,72033350,13,1800,True,1.3386063829966588,13,0,9.773333333333332,6.0,18,True,True,False,True,True,websudoku,hard,modified
3444837047,86197088,751,112500,False,87.08555233500374,8,2,8.533333333333333,5.0,18,True,True,False,True,True,websudoku,hard,modified
2669555309,86197088,24,3450,True,2.711287379002897,12,0,8.426666666666666,5.0,18,True,True,False,True,True,websudoku,hard,modified
2046530742,86197088,751,112500,False,86.72859932100982,10,2,8.593333333333334,6.0,18,True,True,False,True,True,websudoku,hard,modified
3581440988,86197088,241,36000,True,27.80283197799872,13,0,8.573333333333334,5.5,18,True,True,False,True,True,websudoku,hard,modified
1691623607,86197088,58,8550,True,6.866543694006396,9,0,8.853333333333333,6.0,18,True,True,False,True,True,websudoku,hard,modified
2099784219,86197088,430,64350,True,50.38478865599609,11,0,8.16,5.0,18,True,True,False,True,True,websudoku,hard,modified
1184028159,86197088,655,98100,True,76.1902192139969,11,0,9.066666666666666,6.0,18,True,True,False,True,True,websudoku,hard,modified
862288241,86197088,474,70950,True,53.77545983399614,12,0,8.14,6.0,18,True,True,False,True,True,websudoku,hard,modified
1333843299,86197088,143,21300,True,16.924875712997164,11,0,8.026666666666667,5.0,18,True,True,False,True,True,websudoku,hard,modified
2170464109,86197088,751,112500,False,85.83681799999613,10,2,8.653333333333334,5.0,18,True,True,False,True,True,websudoku,hard,modified
3444837047,36301301,17,2400,True,1.8062876879994287,11,0,10.093333333333334,6.0,18,True,True,False,True,True,websudoku,hard,modified
2669555309,36301301,15,2100,True,1.6480519169999752,10,0,10.106666666666667,6.5,18,True,True,False,True,True,websudoku,hard,modified
2046530742,36301301,15,2100,True,1.6393703750072746,11,0,10.233333333333333,7.0,18,True,True,False,True,True,websudoku,hard,modified
3581440988,36301301,19,2700,True,2.0385218820010778,13,0,9.546666666666669,6.0,18,True,True,False,True,True,websudoku,hard,modified
1691623607,36301301,55,8100,True,6.450064286997076,10,0,9.226666666666668,5.5,18,True,True,False,True,True,websudoku,hard,modified
2099784219,36301301,10,1350,True,1.0264072809950449,11,0,11.56,9.0,18,True,True,False,True,True,websudoku,hard,modified
1184028159,36301301,19,2700,True,2.0446181260049343,9,0,7.313333333333333,5.0,18,True,True,False,True,True,websudoku,hard,modified
862288241,36301301,43,6300,True,4.977024056002847,11,0,8.846666666666666,6.0,18,True,True,False,True,True,websudoku,hard,modified
1333843299,36301301,13,1800,True,1.3594588659907458,11,0,8.833333333333334,6.0,18,True,True,False,True,True,websudoku,hard,modified
2170464109,36301301,13,1800,True,1.326978572004009,11,0,9.926666666666666,6.0,18,True,True,False,True,True,websudoku,hard,modified
3444837047,45853501,59,8700,True,6.9345467789971735,11,0,8.866666666666667,5.0,18,True,True,False,True,True,websudoku,hard,modified
2669555309,45853501,11,1500,True,1.1303404659993248,12,0,10.706666666666669,7.0,18,True,True,False,True,True,websudoku,hard,modified
2046530742,45853501,12,1650,True,1.2456654499983415,12,0,10.553333333333333,7.0,18,True,True,False,True,True,websudoku,hard,modified
3581440988,45853501,11,1500,True,1.0852252860058798,11,0,8.98,6.0,18,True,True,False,True,True,websudoku,hard,modified
1691623607,45853501,42,6150,True,4.539752807002515,12,0,8.033333333333333,5.0,18,True,True,False,True,True,websudoku,hard,modified
2099784219,45853501,12,1650,True,1.2334747459972275,12,0,9.306666666666668,6.0,18,True,True,False,True,True,websudoku,hard,modified
1184028159,45853501,70,10350,True,8.319136673002504,12,0,8.286666666666667,5.0,18,True,True,False,True,True,websudoku,hard,modified
862288241,45853501,42,6150,True,4.71004917800019,11,0,8.713333333333333,6.0,18,True,True,False,True,True,websudoku,hard,modified
1333843299,45853501,11,1500,True,1.1340188390022377,13,0,9.833333333333334,6.5,18,True,True,False,True,True,websudoku,hard,modified
2170464109,45853501,27,3900,True,2.964925451000454,10,0,8.56,5.0,18,True,True,False,True,True,websudoku,hard,modified
3444837047,79517731,47,6900,True,5.428697235009167,12,0,7.98,5.0,18,True,True,False,True,True,websudoku,hard,modified
2669555309,79517731,154,22950,True,17.996930319000967,10,0,8.253333333333334,5.0,18,True,True,False,True,True,websudoku,hard,modified
2046530742,79517731,158,23550,True,18.62445187100093,12,0,8.56,5.0,18,True,True,False,True,True,websudoku,hard,modified
3581440988,79517731,751,112500,False,88.03607309798826,11,2,8.693333333333333,5.0,18,True,True,False,True,True,websudoku,hard,modified
1691623607,79517731,751,112500,False,90.62069291999796,10,2,9.673333333333334,6.0,18,True,True,False,True,True,websudoku,hard,modified
2099784219,79517731,751,112500,False,90.33060990100785,9,2,8.393333333333333,5.5,18,True,True,False,True,True,websudoku,hard,modified
1184028159,79517731,32,4650,True,3.664736581005856,12,0,8.626666666666667,5.5,18,True,True,False,True,True,websudoku,hard,modified
862288241,79517731,83,12300,True,9.68791736201092,9,0,9.84,6.0,18,True,True,False,True,True,websudoku,hard,modified
1333843299,79517731,155,23100,True,17.953885185997933,9,0,8.966666666666667,6.0,18,True,True,False,True,True,websudoku,hard,modified
2170464109,79517731,751,112500,False,86.45239669301372,7,2,8.0,5.0,18,True,True,False,True,True,websudoku,hard,modified
3444837047,80322751,65,9600,True,7.301463283001794,11,0,7.806666666666667,5.0,18,True,True,False,True,True,websudoku,hard,modified
2669555309,80322751,37,5400,True,4.140900986996712,9,0,8.913333333333334,5.0,18,True,True,False,True,True,websudoku,hard,modified
2046530742,80322751,9,1200,True,0.8900919480074663,13,0,9.82,6.0,18,True,True,False,True,True,websudoku,hard,modified
3581440988,80322751,124,18450,True,14.174761352987844,12,0,9.586666666666666,6.0,18,True,True,False,True,True,websudoku,hard,modified
1691623607,80322751,15,2100,True,1.5864909059891945,13,0,8.946666666666667,6.0,18,True,True,False,True,True,websudoku,hard,modified
2099784219,80322751,449,67200,True,52.327452988000005,12,0,9.14,6.0,18,True,True,False,True,True,websudoku,hard,modified
1184028159,80322751,751,112500,False,86.17536845699942,10,2,8.68,6.0,18,True,True,False,True,True,websudoku,hard,modified
862288241,80322751,751,112500,False,88.62552959300228,9,2,9.173333333333334,6.0,18,True,True,False,True,True,websudoku,hard,modified
1333843299,80322751,12,1650,True,1.2597684189968277,10,0,10.813333333333333,8.0,18,True,True,False,True,True,websudoku,hard,modified
2170464109,80322751,72,10650,True,8.297379433992319,10,0,9.086666666666666,6.0,18,True,True,False,True,True,websudoku,hard,modified
3444837047,68498741,751,112500,False,82.4144550839992,9,2,8.526666666666667,6.0,18,True,True,False,True,True,websudoku,hard,modified
2669555309,68498741,751,112500,False,87.00800963700749,7,2,8.993333333333334,5.5,18,True,True,False,True,True,websudoku,hard,modified
2046530742,68498741,62,9150,True,7.1602553950069705,10,0,8.473333333333333,5.5,18,True,True,False,True,True,websudoku,hard,modified
3581440988,68498741,751,112500,False,86.85653587699926,10,2,8.633333333333333,5.0,18,True,True,False,True,True,websudoku,hard,modified
1691623607,68498741,751,112500,False,88.47279228900152,11,2,8.686666666666667,5.5,18,True,True,False,True,True,websudoku,hard,modified
2099784219,68498741,25,3600,True,2.76319301800686,12,0,8.38,5.0,18,True,True,False,True,True,websudoku,hard,modified
1184028159,68498741,751,112500,False,86.60858066500805,10,2,8.866666666666667,5.5,18,True,True,False,True,True,websudoku,hard,modified
862288241,68498741,12,1650,True,1.241502495991881,11,0,9.126666666666669,6.0,18,True,True,False,True,True,websudoku,hard,modified
1333843299,68498741,751,112500,False,86.24986426500254,9,2,9.013333333333334,6.0,18,True,True,False,True,True,websudoku,hard,modified
2170464109,68498741,751,112500,False,87.3566474049876,10,2,9.073333333333334,5.0,18,True,True,False,True,True,websudoku,hard,modified
3444837047,175047220,11,1500,True,1.1322206229961012,11,0,10.193333333333332,6.5,18,True,True,False,True,True,websudoku,hard,modified
2669555309,175047220,152,22650,True,18.10032002200024,11,0,10.106666666666667,6.0,18,True,True,False,True,True,websudoku,hard,modified
2046530742,175047220,13,1800,True,1.4036729259969434,11,0,8.626666666666667,5.0,18,True,True,False,True,True,websudoku,hard,modified
3581440988,175047220,102,15150,True,12.026584890991217,10,0,9.253333333333334,6.0,18,True,True,False,True,True,websudoku,hard,modified
1691623607,175047220,15,2100,True,1.6288747299986426,12,0,8.626666666666667,5.5,18,True,True,False,True,True,websudoku,hard,modified
2099784219,175047220,14,1950,True,1.4790703269973164,9,0,8.246666666666666,5.0,18,True,True,False,True,True,websudoku,hard,modified
1184028159,175047220,10,1350,True,1.012357680010609,13,0,9.213333333333331,6.0,18,True,True,False,True,True,websudoku,hard,modified
862288241,175047220,437,65400,True,53.23383522000222,10,0,8.806666666666667,5.0,18,True,True,False,True,True,websudoku,hard,modified
1333843299,175047220,101,15000,True,12.152952471005849,11,0,8.226666666666667,5.0,18,True,True,False,True,True,websudoku,hard,modified
2170464109,175047220,20,2850,True,2.179995844999212,10,0,9.306666666666668,6.0,18,True,True,False,True,True,websudoku,hard,modified
3444837047,49283232,28,4050,True,3.153094850989873,12,0,8.233333333333333,6.0,18,True,True,False,True,True,websudoku,hard,modified
2669555309,49283232,26,3750,True,2.7585073959926376,12,0,9.38,6.0,18,True,True,False,True,True,websudoku,hard,modified
2046530742,49283232,17,2400,True,1.776096810004674,11,0,10.2,6.0,18,True,True,False,True,True,websudoku,hard,modified
3581440988,49283232,119,17700,True,13.683763986002305,10,0,8.486666666666666,5.5,18,True,True,False,True,True,websudoku,hard,modified
1691623607,49283232,14,1950,True,1.4901354140019976,12,0,9.933333333333334,6.0,18,True,True,False,True,True,websudoku,hard,modified
2099784219,49283232,279,41700,True,31.78570610399765,12,0,9.406666666666666,6.0,18,True,True,False,True,True,websudoku,hard,modified
1184028159,49283232,104,15450,True,12.203187291001086,12,0,8.693333333333333,6.0,18,True,True,False,True,True,websudoku,hard,modified
862288241,49283232,33,4800,True,3.865241185994819,9,0,9.113333333333332,6.0,18,True,True,False,True,True,websudoku,hard,modified
1333843299,49283232,28,4050,True,3.1999451280134963,12,0,9.286666666666669,6.0,18,True,True,False,True,True,websudoku,hard,modified
2170464109,49283232,24,3450,True,2.644228253993788,12,0,8.293333333333333,6.0,18,True,True,False,True,True,websudoku,hard,modified
3444837047,768936612,115,17100,True,13.53723522099608,11,0,9.133333333333333,6.0,18,True,True,False,True,True,websudoku,evil,modified
2669555309,768936612,17,2400,True,1.848245483008213,12,0,8.926666666666666,6.0,18,True,True,False,True,True,websudoku,evil,modified
2046530742,768936612,25,3600,True,2.7646990239882143,10,0,8.666666666666666,6.0,18,True,True,False,True,True,websudoku,evil,modified
3581440988,768936612,358,53550,True,39.70628308599407,10,0,8.713333333333333,5.0,18,True,True,False,True,True,websudoku,evil,modified
1691623607,768936612,12,1650,True,1.2699466589983786,13,0,9.48,6.0,18,True,True,False,True,True,websudoku,evil,modified
2099784219,768936612,201,30000,True,23.78548224498809,11,0,9.286666666666669,6.0,18,True,True,False,True,True,websudoku,evil,modified
1184028159,768936612,96,14250,True,11.143506609994802,11,0,7.92,5.0,18,True,True,False,True,True,websudoku,evil,modified
862288241,768936612,175,26100,True,20.38332789299602,11,0,8.16,5.0,18,True,True,False,True,True,websudoku,evil,modified
1333843299,768936612,934,139950,True,104.12571672099877,10,0,8.646666666666667,5.5,18,True,True,False,True,True,websudoku,evil,modified
2170464109,768936612,95,14100,True,10.8352597260091,10,0,8.346666666666666,5.0,18,True,True,False,True,True,websudoku,evil,modified
3444837047,58521211,125,18600,True,14.433934906002833,10,0,8.486666666666666,5.0,18,True,True,False,True,True,websudoku,evil,modified
2669555309,58521211,139,20700,True,15.97850915598974,11,0,8.96,6.0,18,True,True,False,True,True,websudoku,evil,modified
2046530742,58521211,1501,225000,False,175.03588180799852,9,2,9.38,6.0,18,True,True,False,True,True,websudoku,evil,modified
3581440988,58521211,1501,225000,False,182.41110941600343,10,2,8.626666666666667,6.0,18,True,True,False,True,True,websudoku,evil,modified
1691623607,58521211,27,3900,True,3.049084629994468,10,0,8.626666666666667,6.0,18,True,True,False,True,True,websudoku,evil,modified
2099784219,58521211,1501,225000,False,173.46034614100063,10,2,8.973333333333333,5.0,18,True,True,False,True,True,websudoku,evil,modified
1184028159,58521211,34,4950,True,3.735277776999282,11,0,8.966666666666667,6.0,18,True,True,False,True,True,websudoku,evil,modified
862288241,58521211,1501,225000,False,174.6792955580022,11,2,9.006666666666666,5.0,18,True,True,False,True,True,websudoku,evil,modified
1333843299,58521211,1501,225000,False,172.43491918299696,10,2,8.793333333333333,6.0,18,True,True,False,True,True,websudoku,evil,modified
2170464109,58521211,1501,225000,False,176.35635408999224,9,2,8.793333333333333,5.0,18,True,True,False,True,True,websudoku,evil,modified
3444837047,194225149,62,9150,True,7.152115873002913,11,0,8.813333333333333,6.0,18,True,True,False,True,True,websudoku,evil,modified
2669555309,194225149,63,9300,True,7.23840061800729,11,0,8.326666666666666,5.0,18,True,True,False,True,True,websudoku,evil,modified
2046530742,194225149,1501,225000,False,180.3367912079993,9,2,9.1,5.5,18,True,True,False,True,True,websudoku,evil,modified
3581440988,194225149,36,5250,True,4.0234420360066,9,0,8.94,6.0,18,True,True,False,True,True,websudoku,evil,modified
1691623607,194225149,1501,225000,False,174.0159254369937,11,2,8.726666666666667,5.5,18,True,True,False,True,True,websudoku,evil,modified
2099784219,194225149,28,4050,True,3.1112495479901554,12,0,8.86,6.0,18,True,True,False,True,True,websudoku,evil,modified
1184028159,194225149,690,103350,True,81.06632157499553,9,0,8.386666666666667,5.0,18,True,True,False,True,True,websudoku,evil,modified
862288241,194225149,16,2250,True,1.6838005380122922,12,0,8.78,5.0,18,True,True,False,True,True,websudoku,evil,modified
1333843299,194225149,14,1950,True,1.505651872997987,12,0,9.18,6.0,18,True,True,False,True,True,websudoku,evil,modified
2170464109,194225149,16,2250,True,1.6946000400057528,11,0,8.82,6.0,18,True,True,False,True,True,websudoku,evil,modified
3444837047,404405571,19,2700,True,2.013222592999228,11,0,8.56,5.0,18,True,True,False,True,True,websudoku,evil,modified
2669555309,404405571,1501,225000,False,175.10375510899758,9,2,9.546666666666669,6.0,18,True,True,False,True,True,websudoku,evil,modified
2046530742,404405571,1501,225000,False,175.3857049770013,8,2,8.506666666666666,5.0,18,True,True,False,True,True,websudoku,evil,modified
3581440988,404405571,1501,225000,False,173.6639645989926,11,2,7.78,5.0,18,True,True,False,True,True,websudoku,evil,modified
1691623607,404405571,1501,225000,False,168.5277952269971,11,2,8.213333333333333,5.0,18,True,True,False,True,True,websudoku,evil,modified
2099784219,404405571,1501,225000,False,169.88715312800196,8,2,8.566666666666666,6.0,18,True,True,False,True,True,websudoku,evil,modified
1184028159,404405571,1501,225000,False,172.2308791809919,10,2,8.726666666666667,6.0,18,True,True,False,True,True,websudoku,evil,modified
862288241,404405571,11,1500,True,1.0973081319971243,11,0,9.593333333333334,6.0,18,True,True,False,True,True,websudoku,evil,modified
1333843299,404405571,1501,225000,False,175.31897292399665,8,2,9.046666666666669,5.5,18,True,True,False,True,True,websudoku,evil,modified
2170464109,404405571,1501,225000,False,172.89491264999378,10,2,8.66,5.5,18,True,True,False,True,True,websudoku,evil,modified
3444837047,180635009,83,12300,True,9.2804698599939,9,0,8.693333333333333,6.0,18,True,True,False,True,True,websudoku,evil,modified
2669555309,180635009,36,5250,True,4.13519920699764,11,0,7.993333333333333,5.0,18,True,True,False,True,True,websudoku,evil,modified
2046530742,180635009,21,3000,True,2.325129580000066,11,0,8.966666666666667,5.5,18,True,True,False,True,True,websudoku,evil,modified
3581440988,180635009,1501,225000,False,167.78620214300463,9,2,8.573333333333334,6.0,18,True,True,False,True,True,websudoku,evil,modified
1691623607,180635009,1501,225000,False,169.36462192800536,10,2,8.353333333333333,5.0,18,True,True,False,True,True,websudoku,evil,modified
2099784219,180635009,19,2700,True,2.053745191005873,10,0,9.74,6.0,18,True,True,False,True,True,websudoku,evil,modified
1184028159,180635009,22,3150,True,2.397121286994661,10,0,8.68,6.0,18,True,True,False,True,True,websudoku,evil,modified
862288241,180635009,68,10050,True,7.668296675998135,10,0,8.586666666666666,5.0,18,True,True,False,True,True,websudoku,evil,modified
1333843299,180635009,1501,225000,False,170.01731943999766,9,2,8.166666666666666,6.0,18,True,True,False,True,True,websudoku,evil,modified
2170464109,180635009,184,27450,True,20.937762836008915,10,0,8.786666666666667,6.0,18,True,True,False,True,True,websudoku,evil,modified
3444837047,106545565,17,2400,True,1.862449349995586,12,0,9.533333333333331,6.0,18,True,True,False,True,True,websudoku,evil,modified
2669555309,106545565,1501,225000,False,177.2141905460012,8,2,8.906666666666666,5.5,18,True,True,False,True,True,websudoku,evil,modified
2046530742,106545565,14,1950,True,1.4397491550043924,13,0,11.08,13.0,18,True,True,False,True,True,websudoku,evil,modified
3581440988,106545565,298,44550,True,33.65445426700171,11,0,8.46,5.5,18,True,True,False,True,True,websudoku,evil,modified
1691623607,106545565,551,82500,True,63.275087019996135,11,0,9.526666666666667,6.0,18,True,True,False,True,True,websudoku,evil,modified
2099784219,106545565,19,2700,True,2.068142316013109,11,0,8.633333333333333,5.0,18,True,True,False,True,True,websudoku,evil,modified
1184028159,106545565,12,1650,True,1.272114927007351,13,0,9.426666666666666,6.0,18,True,True,False,True,True,websudoku,evil,modified
862288241,106545565,14,1950,True,1.5059999660006724,12,0,9.333333333333334,6.0,18,True,True,False,True,True,websudoku,evil,modified
1333843299,106545565,19,2700,True,2.08810451599129,11,0,9.546666666666669,6.0,18,True,True,False,True,True,websudoku,evil,modified
2170464109,106545565,15,2100,True,1.6183210590097588,11,0,9.553333333333333,6.0,18,True,True,False,True,True,websudoku,evil,modified
3444837047,3569695122,1501,225000,False,167.96082459199533,10,2,8.433333333333334,5.5,18,True,True,False,True,True,websudoku,evil,modified
2669555309,3569695122,1501,225000,False,164.50446297900635,9,2,8.426666666666666,5.0,18,True,True,False,True,True,websudoku,evil,modified
2046530742,3569695122,1501,225000,False,167.17351240900462,9,2,8.18,5.0,18,True,True,False,True,True,websudoku,evil,modified
3581440988,3569695122,1501,225000,False,165.03635590900376,10,2,8.766666666666667,6.0,18,True,True,False,True,True,websudoku,evil,modified
1691623607,3569695122,1501,225000,False,161.23597558600886,9,2,7.986666666666666,5.0,18,True,True,False,True,True,websudoku,evil,modified
2099784219,3569695122,1501,225000,False,162.5212506539974,9,2,8.813333333333333,6.0,18,True,True,False,True,True,websudoku,evil,modified
1184028159,3569695122,1501,225000,False,164.65902377400198,11,2,8.5,6.0,18,True,True,False,True,True,websudoku,evil,modified
862288241,3569695122,1501,225000,False,164.4587171800085,12,2,8.366666666666667,6.0,18,True,True,False,True,True,websudoku,evil,modified
1333843299,3569695122,1501,225000,False,161.9046158150013,9,2,8.48,6.0,18,True,True,False,True,True,websudoku,evil,modified
2170464109,3569695122,1501,225000,False,166.94206562299223,10,2,8.98,6.0,18,True,True,False,True,True,websudoku,evil,modified
3444837047,607235561,1501,225000,False,177.19566675499664,9,2,8.686666666666667,6.0,18,True,True,False,True,True,websudoku,evil,modified
2669555309,607235561,144,21450,True,16.632338277995586,10,0,8.813333333333333,6.0,18,True,True,False,True,True,websudoku,evil,modified
2046530742,607235561,1501,225000,False,174.3077316009876,10,2,9.313333333333333,6.0,18,True,True,False,True,True,websudoku,evil,modified
3581440988,607235561,25,3600,True,2.7507313789974432,12,0,8.6,6.0,18,True,True,False,True,True,websudoku,evil,modified
1691623607,607235561,1501,225000,False,170.83020925500023,11,2,8.7,6.0,18,True,True,False,True,True,websudoku,evil,modified
2099784219,607235561,1501,225000,False,173.52247253600217,10,2,8.5,6.0,18,True,True,False,True,True,websudoku,evil,modified
1184028159,607235561,1501,225000,False,174.7839307420072,9,2,8.52,5.0,18,True,True,False,True,True,websudoku,evil,modified
862288241,607235561,15,2100,True,1.6083247089991346,12,0,9.733333333333333,6.0,18,True,True,False,True,True,websudoku,evil,modified
1333843299,607235561,1501,225000,False,174.64327037100156,7,2,8.966666666666667,6.0,18,True,True,False,True,True,websudoku,evil,modified
2170464109,607235561,1501,225000,False,177.1336626770062,10,2,8.873333333333333,5.0,18,True,True,False,True,True,websudoku,evil,modified
3444837047,449217753,399,59700,True,45.84872154799814,10,0,9.06,6.0,18,True,True,False,True,True,websudoku,evil,modified
2669555309,449217753,24,3450,True,2.6317023709998466,11,0,8.92,6.0,18,True,True,False,True,True,websudoku,evil,modified
2046530742,449217753,24,3450,True,2.5641597119974904,9,0,8.56,6.0,18,True,True,False,True,True,websudoku,evil,modified
3581440988,449217753,11,1500,True,1.1132767389935907,13,0,9.373333333333331,6.0,18,True,True,False,True,True,websudoku,evil,modified
1691623607,449217753,21,3000,True,2.2376509020105004,12,0,10.893333333333333,8.0,18,True,True,False,True,True,websudoku,evil,modified
2099784219,449217753,11,1500,True,1.084444291002001,12,0,8.68,5.5,18,True,True,False,True,True,websudoku,evil,modified
1184028159,449217753,10,1350,True,1.021828787997947,12,0,10.806666666666668,8.0,18,True,True,False,True,True,websudoku,evil,modified
862288241,449217753,16,2250,True,1.6832683389948215,11,0,9.76,6.0,18,True,True,False,True,True,websudoku,evil,modified
1333843299,449217753,13,1800,True,1.3189881490106927,11,0,10.12,7.0,18,True,True,False,True,True,websudoku,evil,modified
2170464109,449217753,9,1200,True,0.880180416002986,11,0,9.513333333333334,6.0,18,True,True,False,True,True,websudoku,evil,modified
3444837047,38908566,26,3750,True,2.8704939680028474,11,0,10.06,6.0,18,True,True,False,True,True,websudoku,evil,modified
2669555309,38908566,16,2250,True,1.6863093959982507,12,0,10.466666666666669,7.0,18,True,True,False,True,True,websudoku,evil,modified
2046530742,38908566,213,31800,True,24.73650085600093,11,0,9.08,6.0,18,True,True,False,True,True,websudoku,evil,modified
3581440988,38908566,70,10350,True,8.167798902999493,12,0,8.413333333333334,6.0,18,True,True,False,True,True,websudoku,evil,modified
1691623607,38908566,11,1500,True,1.1870148279995192,12,0,10.973333333333333,8.0,18,True,True,False,True,True,websudoku,evil,modified
2099784219,38908566,22,3150,True,2.455354082005215,11,0,10.04,6.0,18,True,True,False,True,True,websudoku,evil,modified
1184028159,38908566,16,2250,True,1.6979175509914055,12,0,8.74,6.0,18,True,True,False,True,True,websudoku,evil,modified
862288241,38908566,253,37800,True,29.639840716001345,10,0,8.58,5.0,18,True,True,False,True,True,websudoku,evil,modified
1333843299,38908566,16,2250,True,1.6770138100109762,11,0,9.04,6.0,18,True,True,False,True,True,websudoku,evil,modified
2170464109,38908566,1501,225000,False,174.028794347003,11,2,7.493333333333333,5.0,18,True,True,False,True,True,websudoku,evil,modified
3444837047,9440124,1135,170100,True,133.5973710929975,12,0,8.46,6.0,18,True,True,False,True,True,websudoku,evil,modified
2669555309,9440124,44,6450,True,4.872142280990374,12,0,7.866666666666666,5.0,18,True,True,False,True,True,websudoku,evil,modified
2046530742,9440124,273,40800,True,31.80303823298891,10,0,8.706666666666667,5.0,18,True,True,False,True,True,websudoku,evil,modified
3581440988,9440124,13,1800,True,1.326092379007605,11,0,11.02,8.0,18,True,True,False,True,True,websudoku,evil,modified
1691623607,9440124,49,7200,True,5.319475808006246,10,0,8.573333333333334,5.0,18,True,True,False,True,True,websudoku,evil,modified
2099784219,9440124,18,2550,True,1.8891319920076053,11,0,8.373333333333333,5.0,18,True,True,False,True,True,websudoku,evil,modified
1184028159,9440124,71,10500,True,8.039337316004094,9,0,8.413333333333334,5.0,18,True,True,False,True,True,websudoku,evil,modified
862288241,9440124,36,5250,True,3.943805859002168,11,0,9.013333333333334,6.0,18,True,True,False,True,True,websudoku,evil,modified
1333843299,9440124,13,1800,True,1.3751240919955308,12,0,10.066666666666666,6.0,18,True,True,False,True,True,websudoku,evil,modified
2170464109,9440124,21,3000,True,2.2674106689955806,11,0,8.226666666666667,5.0,18,True,True,False,True,True,websudoku,evil,modified
3444837047,7490326,80,11850,True,8.862920849991497,10,0,8.393333333333333,5.5,18,True,True,False,True,True,websudoku,evil,modified
2669555309,7490326,13,1800,True,1.3284619199985173,12,0,8.813333333333333,6.0,18,True,True,False,True,True,websudoku,evil,modified
2046530742,7490326,38,5550,True,4.256363185006194,10,0,9.22,6.0,18,True,True,False,True,True,websudoku,evil,modified
3581440988,7490326,19,2700,True,2.085593077004887,11,0,9.0,6.0,18,True,True,False,True,True,websudoku,evil,modified
1691623607,7490326,30,4350,True,3.3521870599943213,10,0,9.22,6.0,18,True,True,False,True,True,websudoku,evil,modified
2099784219,7490326,17,2400,True,1.7988106830016477,11,0,8.826666666666666,6.0,18,True,True,False,True,True,websudoku,evil,modified
1184028159,7490326,27,3900,True,2.924324392006384,11,0,9.2,6.0,18,True,True,False,True,True,websudoku,evil,modified
862288241,7490326,30,4350,True,3.332809476996772,10,0,8.846666666666666,6.0,18,True,True,False,True,True,websudoku,evil,modified
1333843299,7490326,23,3300,True,2.4572554969927296,10,0,9.033333333333331,6.0,18,True,True,False,True,True,websudoku,evil,modified
2170464109,7490326,8,1050,True,0.7812834450014634,10,0,11.966666666666669,9.0,18,True,True,False,True,True,websudoku,evil,modified
3444837047,30387119,8,1050,True,0.7888089240004774,13,0,10.193333333333332,7.0,18,True,True,False,True,True,websudoku,evil,modified
2669555309,30387119,29,4200,True,3.2282267039990984,10,0,9.22,6.0,18,True,True,False,True,True,websudoku,evil,modified
2046530742,30387119,1501,225000,False,175.68643403300666,10,2,8.273333333333333,5.0,18,True,True,False,True,True,websudoku,evil,modified
3581440988,30387119,15,2100,True,1.5576225419936236,12,0,8.973333333333333,5.5,18,True,True,False,True,True,websudoku,evil,modified
1691623607,30387119,150,22350,True,17.504541941001662,12,0,8.433333333333334,6.0,18,True,True,False,True,True,websudoku,evil,modified
2099784219,30387119,81,12000,True,9.210332839997136,9,0,8.513333333333334,5.0,18,True,True,False,True,True,websudoku,evil,modified
1184028159,30387119,22,3150,True,2.358726268008468,11,0,8.566666666666666,5.0,18,True,True,False,True,True,websudoku,evil,modified
862288241,30387119,293,43800,True,33.67286187200807,12,0,8.46,6.0,18,True,True,False,True,True,websudoku,evil,modified
1333843299,30387119,16,2250,True,1.657991387997754,13,0,10.0,7.0,18,True,True,False,True,True,websudoku,evil,modified
2170464109,30387119,106,15750,True,11.909906838991446,10,0,9.726666666666668,6.0,18,True,True,False,True,True,websudoku,evil,modified
3444837047,2976161886,11,1500,True,1.1262374349898892,13,0,9.326666666666666,6.0,18,True,True,False,True,True,websudoku,evil,modified
2669555309,2976161886,41,6000,True,4.569028750003781,12,0,8.766666666666667,6.0,18,True,True,False,True,True,websudoku,evil,modified
2046530742,2976161886,341,51000,True,40.4062321990059,9,0,8.773333333333333,6.0,18,True,True,False,True,True,websudoku,evil,modified
3581440988,2976161886,1501,225000,False,177.09415218999493,10,2,8.44,5.0,18,True,True,False,True,True,websudoku,evil,modified
1691623607,2976161886,67,9900,True,7.749014902001363,9,0,9.36,6.0,18,True,True,False,True,True,websudoku,evil,modified
2099784219,2976161886,16,2250,True,1.6631593640049689,11,0,9.053333333333333,5.5,18,True,True,False,True,True,websudoku,evil,modified
1184028159,2976161886,14,1950,True,1.4334900060057407,13,0,8.666666666666666,6.0,18,True,True,False,True,True,websudoku,evil,modified
862288241,2976161886,101,15000,True,11.384015201998409,12,0,8.36,5.5,18,True,True,False,True,True,websudoku,evil,modified
1333843299,2976161886,33,4800,True,3.6949717910028994,11,0,8.353333333333333,6.0,18,True,True,False,True,True,websudoku,evil,modified
2170464109,2976161886,1287,192900,True,151.99477523600217,8,0,8.666666666666666,5.0,18,True,True,False,True,True,websudoku,evil,modified
3444837047,74831233,1501,225000,False,178.265759670001,10,2,8.726666666666667,5.5,18,True,True,False,True,True,websudoku,evil,modified
2669555309,74831233,100,14850,True,11.782842072003405,9,0,8.326666666666666,5.0,18,True,True,False,True,True,websudoku,evil,modified
2046530742,74831233,115,17100,True,13.427826227998594,9,0,8.746666666666666,6.0,18,True,True,False,True,True,websudoku,evil,modified
3581440988,74831233,25,3600,True,2.7289528679975774,10,0,9.513333333333334,6.0,18,True,True,False,True,True,websudoku,evil,modified
1691623607,74831233,1365,204600,True,160.74674540400156,10,0,9.02,6.0,18,True,True,False,True,True,websudoku,evil,modified
2099784219,74831233,35,5100,True,3.95742061099736,10,0,9.08,6.0,18,True,True,False,True,True,websudoku,evil,modified
1184028159,74831233,222,33150,True,25.73415466400911,9,0,8.746666666666666,6.0,18,True,True,False,True,True,websudoku,evil,modified
862288241,74831233,1501,225000,False,176.25346747100411,8,2,8.513333333333334,5.0,18,True,True,False,True,True,websudoku,evil,modified
1333843299,74831233,496,74250,True,57.263981647993205,11,0,8.873333333333333,6.0,18,True,True,False,True,True,websudoku,evil,modified
2170464109,74831233,287,42900,True,33.58571855099581,10,0,8.713333333333333,5.0,18,True,True,False,True,True,websudoku,evil,modified
3444837047,68909655,106,15750,True,12.445529886012082,10,0,8.773333333333333,5.0,18,True,True,False,True,True,websudoku,evil,modified
2669555309,68909655,1501,225000,False,173.92107866200968,10,2,8.373333333333333,5.5,18,True,True,False,True,True,websudoku,evil,modified
2046530742,68909655,35,5100,True,3.860539664005046,10,0,9.42,6.0,18,True,True,False,True,True,websudoku,evil,modified
3581440988,68909655,1501,225000,False,172.81840940000257,9,2,7.986666666666666,5.0,18,True,True,False,True,True,websudoku,evil,modified
1691623607,68909655,1501,225000,False,175.01267240699963,11,2,8.633333333333333,6.0,18,True,True,False,True,True,websudoku,evil,modified
2099784219,68909655,1465,219600,True,169.3728323079995,10,0,8.286666666666667,5.0,18,True,True,False,True,True,websudoku,evil,modified
1184028159,68909655,316,47250,True,36.71540841700335,12,0,8.26,5.0,18,True,True,False,True,True,websudoku,evil,modified
862288241,68909655,16,2250,True,1.730320495000342,12,0,8.946666666666667,6.0,18,True,True,False,True,True,websudoku,evil,modified
1333843299,68909655,56,8250,True,6.346728382995934,10,0,8.826666666666666,5.0,18,True,True,False,True,True,websudoku,evil,modified
2170464109,68909655,28,4050,True,3.077375603999826,9,0,8.733333333333333,6.0,18,True,True,False,True,True,websudoku,evil,modified
3444837047,700192938,20,2850,True,2.2313992150011472,11,0,8.886666666666667,6.0,18,True,True,False,True,True,websudoku,evil,modified
2669555309,700192938,1501,225000,False,179.00382470501063,8,2,8.426666666666666,5.5,18,True,True,False,True,True,websudoku,evil,modified
2046530742,700192938,1501,225000,False,173.24216813700332,11,2,7.58,5.0,18,True,True,False,True,True,websudoku,evil,modified
3581440988,700192938,1273,190800,True,145.2253649159975,12,0,8.76,6.0,18,True,True,False,True,True,websudoku,evil,modified
1691623607,700192938,1501,225000,False,174.02945049900154,8,2,8.373333333333333,6.0,18,True,True,False,True,True,websudoku,evil,modified
2099784219,700192938,184,27450,True,21.18786751200969,11,0,7.993333333333333,5.0,18,True,True,False,True,True,websudoku,evil,modified
1184028159,700192938,1501,225000,False,174.0367296720069,9,2,9.273333333333332,6.0,18,True,True,False,True,True,websudoku,evil,modified
862288241,700192938,1501,225000,False,174.6435660529969,8,2,9.013333333333334,6.0,18,True,True,False,True,True,websudoku,evil,modified
1333843299,700192938,11,1500,True,1.1075358999951277,12,0,10.086666666666666,7.0,18,True,True,False,True,True,websudoku,evil,modified
2170464109,700192938,39,5700,True,4.41761019200203,10,0,9.173333333333334,6.0,18,True,True,False,True,True,websudoku,evil,modified
3444837047,166534209,103,15300,True,11.815829721992486,11,0,8.753333333333334,6.0,18,True,True,False,True,True,websudoku,evil,modified
2669555309,166534209,63,9300,True,7.217377566994401,11,0,8.413333333333334,6.0,18,True,True,False,True,True,websudoku,evil,modified
2046530742,166534209,1501,225000,False,172.75120592799794,9,2,8.566666666666666,6.0,18,True,True,False,True,True,websudoku,evil,modified
3581440988,166534209,37,5400,True,4.228350624995073,12,0,9.206666666666669,6.0,18,True,True,False,True,True,websudoku,evil,modified
1691623607,166534209,885,132600,True,101.1320182930067,12,0,8.106666666666667,5.0,18,True,True,False,True,True,websudoku,evil,modified
2099784219,166534209,1501,225000,False,169.20798827600083,10,2,8.78,6.0,18,True,True,False,True,True,websudoku,evil,modified
1184028159,166534209,32,4650,True,3.525213936009095,11,0,8.586666666666666,5.5,18,True,True,False,True,True,websudoku,evil,modified
862288241,166534209,25,3600,True,2.684683950006729,11,0,9.013333333333334,5.0,18,True,True,False,True,True,websudoku,evil,modified
1333843299,166534209,321,48000,True,37.034613622992765,13,0,8.646666666666667,6.0,18,True,True,False,True,True,websudoku,evil,modified
2170464109,166534209,11,1500,True,1.1269105809915343,13,0,9.846666666666666,7.0,18,True,True,False,True,True,websudoku,evil,modified
3444837047,386331898,1501,225000,False,166.60061403499276,8,2,8.933333333333334,5.0,18,True,True,False,True,True,websudoku,evil,modified
2669555309,386331898,1501,225000,False,169.01281292000203,9,2,7.973333333333334,5.0,18,True,True,False,True,True,websudoku,evil,modified
2046530742,386331898,1501,225000,False,169.3156837229908,10,2,8.64,5.5,18,True,True,False,True,True,websudoku,evil,modified
3581440988,386331898,130,19350,True,14.709328031996847,11,0,8.76,5.5,18,True,True,False,True,True,websudoku,evil,modified
1691623607,386331898,1501,225000,False,169.30818481900496,9,2,9.113333333333332,5.0,18,True,True,False,True,True,websudoku,evil,modified
2099784219,386331898,1501,225000,False,169.5015904479951,11,2,8.56,5.0,18,True,True,False,True,True,websudoku,evil,modified
1184028159,386331898,1321,198000,True,149.38182029400195,10,0,9.34,5.5,18,True,True,False,True,True,websudoku,evil,modified
862288241,386331898,136,20250,True,14.712916465010494,12,0,9.106666666666667,6.0,18,True,True,False,True,True,websudoku,evil,modified
1333843299,386331898,1501,225000,False,165.91336418800347,10,2,9.206666666666669,5.0,18,True,True,False,True,True,websudoku,evil,modified
2170464109,386331898,1212,181650,True,134.63112665800145,11,0,8.826666666666666,5.0,18,True,True,False,True,True,websudoku,evil,modified
3444837047,114392351,1501,225000,False,166.56958795600804,9,2,8.093333333333334,5.0,18,True,True,False,True,True,websudoku,evil,modified
2669555309,114392351,93,13800,True,10.358447980004712,12,0,7.906666666666666,5.0,18,True,True,False,True,True,websudoku,evil,modified
2046530742,114392351,1501,225000,False,164.71722915199643,11,2,8.96,6.0,18,True,True,False,True,True,websudoku,evil,modified
3581440988,114392351,30,4350,True,3.224500880998676,11,0,9.246666666666666,6.0,18,True,True,False,True,True,websudoku,evil,modified
1691623607,114392351,186,27750,True,20.28623478699592,12,0,8.453333333333333,6.0,18,True,True,False,True,True,websudoku,evil,modified
2099784219,114392351,32,4650,True,3.4327363670017803,12,0,7.92,5.0,18,True,True,False,True,True,websudoku,evil,modified
1184028159,114392351,276,41250,True,30.86884571200062,11,0,8.54,5.5,18,True,True,False,True,True,websudoku,evil,modified
862288241,114392351,1501,225000,False,164.6137370439974,9,2,8.58,6.0,18,True,True,False,True,True,websudoku,evil,modified
1333843299,114392351,14,1950,True,1.4637790770066204,11,0,8.273333333333333,6.0,18,True,True,False,True,True,websudoku,evil,modified
2170464109,114392351,13,1800,True,1.2967929639999056,11,0,10.593333333333334,7.0,18,True,True,False,True,True,websudoku,evil,modified
3444837047,754713592,1501,225000,False,168.7309930340125,10,2,8.566666666666666,5.0,18,True,True,False,True,True,websudoku,evil,modified
2669555309,754713592,1501,225000,False,167.02630440800567,10,2,8.3,6.0,18,True,True,False,True,True,websudoku,evil,modified
2046530742,754713592,1501,225000,False,165.09338843499427,8,2,9.433333333333334,6.0,18,True,True,False,True,True,websudoku,evil,modified
3581440988,754713592,1501,225000,False,163.78676245801034,9,2,8.053333333333333,5.0,18,True,True,False,True,True,websudoku,evil,modified
1691623607,754713592,1501,225000,False,166.32199170300737,11,2,8.14,5.0,18,True,True,False,True,True,websudoku,evil,modified
2099784219,754713592,1501,225000,False,168.10199292299512,9,2,8.84,6.0,18,True,True,False,True,True,websudoku,evil,modified
1184028159,754713592,1501,225000,False,169.60123910100083,7,2,8.646666666666667,5.0,18,True,True,False,True,True,websudoku,evil,modified
862288241,754713592,1501,225000,False,164.46020373799547,9,2,9.006666666666666,5.0,18,True,True,False,True,True,websudoku,evil,modified
1333843299,754713592,1501,225000,False,166.74598619900644,10,2,8.053333333333333,5.0,18,True,True,False,True,True,websudoku,evil,modified
2170464109,754713592,1501,225000,False,167.52359050499217,10,2,8.5,6.0,18,True,True,False,True,True,websudoku,evil,modified
3444837047,706744237,524,78450,True,59.64616737799952,12,0,8.106666666666667,5.5,18,True,True,False,True,True,websudoku,evil,modified
2669555309,706744237,1501,225000,False,176.2428844459937,11,2,9.553333333333333,6.0,18,True,True,False,True,True,websudoku,evil,modified
2046530742,706744237,411,61500,True,47.3447752899956,10,0,9.02,5.0,18,True,True,False,True,True,websudoku,evil,modified
3581440988,706744237,333,49800,True,37.27719179799897,10,0,8.846666666666666,5.5,18,True,True,False,True,True,websudoku,evil,modified
1691623607,706744237,1501,225000,False,165.61650100898987,10,2,8.68,6.0,18,True,True,False,True,True,websudoku,evil,modified
2099784219,706744237,1501,225000,False,174.32601686099952,9,2,9.0,6.0,18,True,True,False,True,True,websudoku,evil,modified
1184028159,706744237,538,80550,True,61.11124707599811,10,0,9.293333333333331,6.0,18,True,True,False,True,True,websudoku,evil,modified
862288241,706744237,454,67950,True,52.21212280799227,10,0,9.5,6.0,18,True,True,False,True,True,websudoku,evil,modified
1333843299,706744237,1501,225000,False,178.00423244699778,10,2,9.366666666666667,6.0,18,True,True,False,True,True,websudoku,evil,modified
2170464109,706744237,206,30750,True,23.27058783601388,11,0,8.613333333333333,6.0,18,True,True,False,True,True,websudoku,evil,modified
3444837047,14489096,53,7800,True,5.837002883999958,11,0,9.533333333333331,6.0,18,True,True,False,True,True,websudoku,evil,modified
2669555309,14489096,36,5250,True,3.826040712010581,8,0,9.64,6.0,18,True,True,False,True,True,websudoku,evil,modified
2046530742,14489096,21,3000,True,2.2212243209942244,11,0,8.853333333333333,6.0,18,True,True,False,True,True,websudoku,evil,modified
3581440988,14489096,1394,208950,True,159.80228720000014,10,0,8.633333333333333,6.0,18,True,True,False,True,True,websudoku,evil,modified
1691623607,14489096,12,1650,True,1.252346713998122,12,0,10.406666666666666,7.0,18,True,True,False,True,True,websudoku,evil,modified
2099784219,14489096,214,31950,True,23.67991141299717,12,0,8.4,5.0,18,True,True,False,True,True,websudoku,evil,modified
1184028159,14489096,21,3000,True,2.25254568499804,11,0,8.306666666666667,5.0,18,True,True,False,True,True,websudoku,evil,modified
862288241,14489096,16,2250,True,1.6498285550042056,11,0,8.58,5.5,18,True,True,False,True,True,websudoku,evil,modified
1333843299,14489096,10,1350,True,0.975395096000284,13,0,10.313333333333333,7.0,18,True,True,False,True,True,websudoku,evil,modified
2170464109,14489096,20,2850,True,2.243796249997104,12,0,8.246666666666666,6.0,18,True,True,False,True,True,websudoku,evil,modified
3444837047,520445238,1501,225000,False,159.33946731200558,10,2,9.153333333333334,6.0,18,True,True,False,True,True,websudoku,evil,modified
2669555309,520445238,1501,225000,False,174.49399991599785,10,2,8.04,5.0,18,True,True,False,True,True,websudoku,evil,modified
2046530742,520445238,1501,225000,False,167.48591639498773,10,2,8.5,6.0,18,True,True,False,True,True,websudoku,evil,modified
3581440988,520445238,1501,225000,False,172.94479856500402,10,2,8.693333333333333,6.0,18,True,True,False,True,True,websudoku,evil,modified
1691623607,520445238,1501,225000,False,173.83589758299058,9,2,9.04,6.0,18,True,True,False,True,True,websudoku,evil,modified
2099784219,520445238,337,50400,True,38.6550919959991,10,0,8.086666666666666,5.0,18,True,True,False,True,True,websudoku,evil,modified
1184028159,520445238,1501,225000,False,158.23729633200855,10,2,8.4,6.0,18,True,True,False,True,True,websudoku,evil,modified
862288241,520445238,14,1950,True,1.436970355003723,11,0,10.413333333333334,7.0,18,True,True,False,True,True,websudoku,evil,modified
1333843299,520445238,1501,225000,False,171.0383066380018,9,2,8.606666666666667,6.0,18,True,True,False,True,True,websudoku,evil,modified
2170464109,520445238,11,1500,True,1.0912542220030446,11,0,9.686666666666667,6.0,18,True,True,False,True,True,websudoku,evil,modified
3444837047,56644711,1501,225000,False,172.86948834199575,9,2,9.286666666666669,6.0,18,True,True,False,True,True,websudoku,evil,modified
2669555309,56644711,1501,225000,False,172.4331116730027,8,2,8.88,6.0,18,True,True,False,True,True,websudoku,evil,modified
2046530742,56644711,594,88950,True,67.01059451600304,13,0,7.92,5.0,18,True,True,False,True,True,websudoku,evil,modified
3581440988,56644711,786,117750,True,89.26048201600497,12,0,8.666666666666666,5.0,18,True,True,False,True,True,websudoku,evil,modified
1691623607,56644711,1501,225000,False,170.17179569099972,11,2,8.926666666666666,5.0,18,True,True,False,True,True,websudoku,evil,modified
2099784219,56644711,1501,225000,False,173.6289524849999,10,2,8.546666666666667,6.0,18,True,True,False,True,True,websudoku,evil,modified
1184028159,56644711,1501,225000,False,172.33122780401027,9,2,8.273333333333333,5.0,18,True,True,False,True,True,websudoku,evil,modified
862288241,56644711,56,8250,True,6.363642252006684,11,0,8.453333333333333,5.0,18,True,True,False,True,True,websudoku,evil,modified
1333843299,56644711,79,11700,True,8.920263974010595,10,0,8.826666666666666,5.0,18,True,True,False,True,True,websudoku,evil,modified
2170464109,56644711,37,5400,True,4.087753005005652,10,0,8.846666666666666,6.0,18,True,True,False,True,True,websudoku,evil,modified
3444837047,49003728,95,14100,True,10.577117612003349,11,0,8.986666666666666,5.0,18,True,True,False,True,True,websudoku,evil,modified
2669555309,49003728,143,21300,True,16.362618945000577,12,0,8.686666666666667,6.0,18,True,True,False,True,True,websudoku,evil,modified
2046530742,49003728,18,2550,True,1.9638855780067388,10,0,9.026666666666667,6.0,18,True,True,False,True,True,websudoku,evil,modified
3581440988,49003728,18,2550,True,1.8835931779904056,11,0,9.38,6.0,18,True,True,False,True,True,websudoku,evil,modified
1691623607,49003728,148,22050,True,16.813507488011965,13,0,9.04,6.0,18,True,True,False,True,True,websudoku,evil,modified
2099784219,49003728,11,1500,True,1.1365824950044043,13,0,9.446666666666667,6.0,18,True,True,False,True,True,websudoku,evil,modified
1184028159,49003728,14,1950,True,1.4260637529951057,12,0,9.2,6.0,18,True,True,False,True,True,websudoku,evil,modified
862288241,49003728,31,4500,True,3.2946192499948665,11,0,9.1,5.5,18,True,True,False,True,True,websudoku,evil,modified
1333843299,49003728,11,1500,True,1.1075158530002227,12,0,9.58,6.0,18,True,True,False,True,True,websudoku,evil,modified
2170464109,49003728,12,1650,True,1.2794611419958528,12,0,10.533333333333331,7.0,18,True,True,False,True,True,websudoku,evil,modified
3444837047,41063079,37,5400,True,4.163164562996826,11,0,8.253333333333334,5.0,18,True,True,False,True,True,websudoku,evil,modified
2669555309,41063079,22,3150,True,2.4188195559981978,12,0,8.913333333333334,6.0,18,True,True,False,True,True,websudoku,evil,modified
2046530742,41063079,19,2700,True,2.078340233012568,13,0,8.78,6.0,18,True,True,False,True,True,websudoku,evil,modified
3581440988,41063079,351,52500,True,37.97889099598979,11,0,8.34,6.0,18,True,True,False,True,True,websudoku,evil,modified
1691623607,41063079,51,7500,True,5.774487741990015,10,0,8.74,5.0,18,True,True,False,True,True,websudoku,evil,modified
2099784219,41063079,13,1800,True,1.3523131010006182,13,0,9.626666666666669,6.0,18,True,True,False,True,True,websudoku,evil,modified
1184028159,41063079,22,3150,True,2.424388507002732,10,0,8.38,5.0,18,True,True,False,True,True,websudoku,evil,modified
862288241,41063079,19,2700,True,2.050767540000379,11,0,9.2,6.0,18,True,True,False,True,True,websudoku,evil,modified
1333843299,41063079,1188,178050,True,134.5721048740088,10,0,8.566666666666666,5.0,18,True,True,False,True,True,websudoku,evil,modified
2170464109,41063079,17,2400,True,1.8046284220035889,11,0,8.94,6.0,18,True,True,False,True,True,websudoku,evil,modified
3444837047,188657634,1501,225000,False,171.44979928599787,11,2,8.88,5.5,18,True,True,False,True,True,websudoku,evil,modified
2669555309,188657634,1501,225000,False,165.26571995898848,9,2,9.48,6.0,18,True,True,False,True,True,websudoku,evil,modified
2046530742,188657634,1059,158700,True,123.2720658420003,12,0,7.946666666666666,5.0,18,True,True,False,True,True,websudoku,evil,modified
3581440988,188657634,61,9000,True,6.9946977450017584,11,0,8.546666666666667,6.0,18,True,True,False,True,True,websudoku,evil,modified
1691623607,188657634,83,12300,True,9.387610329999006,9,0,8.533333333333333,5.0,18,True,True,False,True,True,websudoku,evil,modified
2099784219,188657634,28,4050,True,3.2227328370063333,13,0,8.753333333333334,6.0,18,True,True,False,True,True,websudoku,evil,modified
1184028159,188657634,139,20700,True,15.666494442004478,11,0,9.14,6.0,18,True,True,False,True,True,websudoku,evil,modified
862288241,188657634,1501,225000,False,174.5533260450029,11,2,8.646666666666667,5.0,18,True,True,False,True,True,websudoku,evil,modified
1333843299,188657634,1501,225000,False,161.58887302300718,9,2,10.033333333333331,6.0,18,True,True,False,True,True,websudoku,evil,modified
2170464109,188657634,1501,225000,False,163.41009986100835,10,2,8.82,6.0,18,True,True,False,True,True,websudoku,evil,modified
3444837047,3436096167,101,15000,True,11.707113526004832,11,0,9.28,6.0,18,True,True,False,True,True,websudoku,evil,modified
2669555309,3436096167,1501,225000,False,175.01110455299204,9,2,8.786666666666667,6.0,18,True,True,False,True,True,websudoku,evil,modified
2046530742,3436096167,1501,225000,False,168.48888068299857,10,2,8.12,6.0,18,True,True,False,True,True,websudoku,evil,modified
3581440988,3436096167,9,1200,True,0.8962022230116418,12,0,11.046666666666669,8.0,18,True,True,False,True,True,websudoku,evil,modified
1691623607,3436096167,27,3900,True,2.934037018989329,10,0,8.42,5.0,18,True,True,False,True,True,websudoku,evil,modified
2099784219,3436096167,34,4950,True,3.838271047003218,11,0,8.933333333333334,5.0,18,True,True,False,True,True,websudoku,evil,modified
1184028159,3436096167,1501,225000,False,175.41909647399734,9,2,9.786666666666669,6.0,18,True,True,False,True,True,websudoku,evil,modified
862288241,3436096167,9,1200,True,0.8809317280101823,12,0,9.133333333333333,6.0,18,True,True,False,True,True,websudoku,evil,modified
1333843299,3436096167,24,3450,True,2.617852816998493,11,0,8.68,5.0,18,True,True,False,True,True,websudoku,evil,modified
2170464109,3436096167,13,1800,True,1.357156465004664,12,0,10.346666666666666,7.0,18,True,True,False,True,True,websudoku,evil,modified
3444837047,7631772,18,2550,True,1.892140041993116,11,0,9.026666666666667,6.0,18,True,True,False,True,True,websudoku,evil,modified
2669555309,7631772,204,30450,True,23.29200160301116,8,0,8.093333333333334,5.0,18,True,True,False,True,True,websudoku,evil,modified
2046530742,7631772,29,4200,True,3.195500860005268,10,0,8.726666666666667,5.0,18,True,True,False,True,True,websudoku,evil,modified
3581440988,7631772,95,14100,True,10.689702704999943,11,0,7.98,5.0,18,True,True,False,True,True,websudoku,evil,modified
1691623607,7631772,73,10800,True,8.134196800994687,9,0,8.726666666666667,5.0,18,True,True,False,True,True,websudoku,evil,modified
2099784219,7631772,88,13050,True,9.771126983003342,11,0,8.986666666666666,6.0,18,True,True,False,True,True,websudoku,evil,modified
1184028159,7631772,7,900,True,0.6497136209945893,14,0,10.84,8.0,18,True,True,False,True,True,websudoku,evil,modified
862288241,7631772,13,1800,True,1.3940785250015324,12,0,11.006666666666666,8.0,18,True,True,False,True,True,websudoku,evil,modified
1333843299,7631772,968,145050,True,109.03541818499798,9,0,8.966666666666667,6.0,18,True,True,False,True,True,websudoku,evil,modified
2170464109,7631772,12,1650,True,1.2068774750077864,11,0,10.48,7.0,18,True,True,False,True,True,websudoku,evil,modified
3444837047,easy-no.1,6,750,True,0.5508736870106077,11,0,11.146666666666668,8.0,18,True,True,False,True,True,sudoku_explainer,easy,modified
2669555309,easy-no.1,8,1050,True,0.7348785409994889,11,0,9.753333333333334,6.0,18,True,True,False,True,True,sudoku_explainer,easy,modified
2046530742,easy-no.1,6,750,True,0.5238036700029625,12,0,9.253333333333334,6.0,18,True,True,False,True,True,sudoku_explainer,easy,modified
3581440988,easy-no.1,10,1350,True,0.9630644279968692,11,0,8.626666666666667,5.0,18,True,True,False,True,True,sudoku_explainer,easy,modified
1691623607,easy-no.1,7,900,True,0.6391952129924903,13,0,10.673333333333334,8.0,18,True,True,False,True,True,sudoku_explainer,easy,modified
2099784219,easy-no.1,8,1050,True,0.7786238510016119,12,0,9.5,6.0,18,True,True,False,True,True,sudoku_explainer,easy,modified
1184028159,easy-no.1,7,900,True,0.6356697439914569,13,0,11.02,8.0,18,True,True,False,True,True,sudoku_explainer,easy,modified
862288241,easy-no.1,9,1200,True,0.8543356230075005,10,0,9.66,6.0,18,True,True,False,True,True,sudoku_explainer,easy,modified
1333843299,easy-no.1,6,750,True,0.5050337410066277,13,0,10.7,7.0,18,True,True,False,True,True,sudoku_explainer,easy,modified
2170464109,easy-no.1,6,750,True,0.5297185449890094,13,0,10.48,7.0,18,True,True,False,True,True,sudoku_explainer,easy,modified
3444837047,easy-no.2,25,3600,True,2.804914310007007,10,0,9.093333333333334,6.0,18,True,True,False,True,True,sudoku_explainer,easy,modified
2669555309,easy-no.2,17,2400,True,1.816184641997097,12,0,9.953333333333331,6.0,18,True,True,False,True,True,sudoku_explainer,easy,modified
2046530742,easy-no.2,9,1200,True,0.8827960630005691,13,0,11.26,8.0,18,True,True,False,True,True,sudoku_explainer,easy,modified
3581440988,easy-no.2,13,1800,True,1.4172117410053031,13,0,9.773333333333332,6.0,18,True,True,False,True,True,sudoku_explainer,easy,modified
1691623607,easy-no.2,13,1800,True,1.3652175709867151,11,0,9.26,6.0,18,True,True,False,True,True,sudoku_explainer,easy,modified
2099784219,easy-no.2,15,2100,True,1.6061148620065069,9,0,10.42,7.0,18,True,True,False,True,True,sudoku_explainer,easy,modified
1184028159,easy-no.2,11,1500,True,1.1342411399964476,12,0,9.806666666666668,6.0,18,True,True,False,True,True,sudoku_explainer,easy,modified
862288241,easy-no.2,21,3000,True,2.3419604240043554,12,0,9.96,6.0,18,True,True,False,True,True,sudoku_explainer,easy,modified
1333843299,easy-no.2,13,1800,True,1.322296379992622,12,0,8.646666666666667,6.0,18,True,True,False,True,True,sudoku_explainer,easy,modified
2170464109,easy-no.2,18,2550,True,1.96240089800267,12,0,9.833333333333334,6.0,18,True,True,False,True,True,sudoku_explainer,easy,modified
3444837047,easy-no.3,8,1050,True,0.777720643003704,11,0,8.833333333333334,6.0,18,True,True,False,True,True,sudoku_explainer,easy,modified
2669555309,easy-no.3,6,750,True,0.572799686997314,12,0,10.446666666666667,7.0,18,True,True,False,True,True,sudoku_explainer,easy,modified
2046530742,easy-no.3,11,1500,True,1.1644071090122452,10,0,10.353333333333332,6.0,18,True,True,False,True,True,sudoku_explainer,easy,modified
3581440988,easy-no.3,6,750,True,0.5596316949959146,12,0,10.833333333333334,8.0,18,True,True,False,True,True,sudoku_explainer,easy,modified
1691623607,easy-no.3,6,750,True,0.5646556519932346,12,0,11.493333333333334,9.0,18,True,True,False,True,True,sudoku_explainer,easy,modified
2099784219,easy-no.3,9,1200,True,0.8982918249967042,12,0,9.48,6.5,18,True,True,False,True,True,sudoku_explainer,easy,modified
1184028159,easy-no.3,5,600,True,0.4426892699993914,13,0,11.153333333333334,9.0,18,True,True,False,True,True,sudoku_explainer,easy,modified
862288241,easy-no.3,7,900,True,0.6873043609957676,12,0,10.54,7.0,18,True,True,False,True,True,sudoku_explainer,easy,modified
1333843299,easy-no.3,8,1050,True,0.7829313639958855,12,0,10.893333333333333,7.5,18,True,True,False,True,True,sudoku_explainer,easy,modified
2170464109,easy-no.3,6,750,True,0.5590410859877011,14,0,11.32,9.0,18,True,True,False,True,True,sudoku_explainer,easy,modified
3444837047,easy-no.4,13,1800,True,1.3347153950016946,12,0,8.733333333333333,6.0,18,True,True,False,True,True,sudoku_explainer,easy,modified
2669555309,easy-no.4,10,1350,True,1.004514795000432,10,0,10.146666666666668,6.0,18,True,True,False,True,True,sudoku_explainer,easy,modified
2046530742,easy-no.4,7,900,True,0.6549189689976629,11,0,9.746666666666666,6.0,18,True,True,False,True,True,sudoku_explainer,easy,modified
3581440988,easy-no.4,20,2850,True,2.1989323520101607,10,0,9.32,6.0,18,True,True,False,True,True,sudoku_explainer,easy,modified
1691623607,easy-no.4,7,900,True,0.6324438440060476,11,0,9.953333333333331,6.0,18,True,True,False,True,True,sudoku_explainer,easy,modified
2099784219,easy-no.4,13,1800,True,1.3480425360030497,9,0,9.493333333333334,6.0,18,True,True,False,True,True,sudoku_explainer,easy,modified
1184028159,easy-no.4,13,1800,True,1.3672859619982771,11,0,9.106666666666667,6.0,18,True,True,False,True,True,sudoku_explainer,easy,modified
862288241,easy-no.4,10,1350,True,0.988074160006363,13,0,8.613333333333333,6.0,18,True,True,False,True,True,sudoku_explainer,easy,modified
1333843299,easy-no.4,9,1200,True,0.8815613519982435,14,0,9.386666666666668,6.0,18,True,True,False,True,True,sudoku_explainer,easy,modified
2170464109,easy-no.4,7,900,True,0.6648750860040309,13,0,11.186666666666667,8.0,18,True,True,False,True,True,sudoku_explainer,easy,modified
3444837047,easy-no.7,4,450,True,0.3375217489956412,12,0,12.46,11.0,18,True,True,False,True,True,sudoku_explainer,easy,modified
2669555309,easy-no.7,5,600,True,0.4368891530029941,14,0,10.453333333333331,7.0,18,True,True,False,True,True,sudoku_explainer,easy,modified
2046530742,easy-no.7,5,600,True,0.4773756599897751,13,0,11.353333333333332,8.0,18,True,True,False,True,True,sudoku_explainer,easy,modified
3581440988,easy-no.7,5,600,True,0.4487291340046795,12,0,11.62,8.5,18,True,True,False,True,True,sudoku_explainer,easy,modified
1691623607,easy-no.7,4,450,True,0.344447460010997,13,0,11.633333333333333,9.0,18,True,True,False,True,True,sudoku_explainer,easy,modified
2099784219,easy-no.7,5,600,True,0.4662382380047347,12,0,9.92,7.0,18,True,True,False,True,True,sudoku_explainer,easy,modified
1184028159,easy-no.7,5,600,True,0.4754468229948543,13,0,9.453333333333331,6.0,18,True,True,False,True,True,sudoku_explainer,easy,modified
862288241,easy-no.7,5,600,True,0.4680244070041226,13,0,10.713333333333331,7.5,18,True,True,False,True,True,sudoku_explainer,easy,modified
1333843299,easy-no.7,5,600,True,0.443441850002273,12,0,9.7,7.0,18,True,True,False,True,True,sudoku_explainer,easy,modified
2170464109,easy-no.7,5,600,True,0.4401441439986229,12,0,10.026666666666667,7.0,18,True,True,False,True,True,sudoku_explainer,easy,modified
3444837047,medium-no.7,172,25650,True,19.39678953800467,9,0,9.046666666666669,5.5,18,True,True,False,True,True,sudoku_explainer,medium,modified
2669555309,medium-no.7,48,7050,True,5.3161140010051895,8,0,8.546666666666667,5.0,18,True,True,False,True,True,sudoku_explainer,medium,modified
2046530742,medium-no.7,359,53700,True,40.34454988400103,12,0,8.38,5.0,18,True,True,False,True,True,sudoku_explainer,medium,modified
3581440988,medium-no.7,122,18150,True,14.174178825007402,11,0,8.353333333333333,5.0,18,True,True,False,True,True,sudoku_explainer,medium,modified
1691623607,medium-no.7,14,1950,True,1.4432675300049596,10,0,9.746666666666666,6.0,18,True,True,False,True,True,sudoku_explainer,medium,modified
2099784219,medium-no.7,28,4050,True,3.024893024994526,11,0,8.66,5.5,18,True,True,False,True,True,sudoku_explainer,medium,modified
1184028159,medium-no.7,11,1500,True,1.1140840129955905,12,0,9.26,6.0,18,True,True,False,True,True,sudoku_explainer,medium,modified
862288241,medium-no.7,27,3900,True,2.977178367000306,11,0,9.6,6.0,18,True,True,False,True,True,sudoku_explainer,medium,modified
1333843299,medium-no.7,12,1650,True,1.1859311099979095,11,0,8.84,6.0,18,True,True,False,True,True,sudoku_explainer,medium,modified
2170464109,medium-no.7,22,3150,True,2.3727498539956287,10,0,9.026666666666667,6.0,18,True,True,False,True,True,sudoku_explainer,medium,modified
3444837047,medium-no.9,460,68850,True,54.07360648601025,11,0,8.613333333333333,5.0,18,True,True,False,True,True,sudoku_explainer,medium,modified
2669555309,medium-no.9,10,1350,True,1.015452136998647,11,0,9.76,6.0,18,True,True,False,True,True,sudoku_explainer,medium,modified
2046530742,medium-no.9,112,16650,True,12.936994058996788,11,0,8.813333333333333,6.0,18,True,True,False,True,True,sudoku_explainer,medium,modified
3581440988,medium-no.9,205,30600,True,24.605238481002743,10,0,9.813333333333333,6.0,18,True,True,False,True,True,sudoku_explainer,medium,modified
1691623607,medium-no.9,23,3300,True,2.530554762997781,13,0,8.666666666666666,5.0,18,True,True,False,True,True,sudoku_explainer,medium,modified
2099784219,medium-no.9,77,11400,True,9.02664457600622,11,0,8.893333333333333,5.0,18,True,True,False,True,True,sudoku_explainer,medium,modified
1184028159,medium-no.9,139,20700,True,16.326142378005898,12,0,8.653333333333334,5.5,18,True,True,False,True,True,sudoku_explainer,medium,modified
862288241,medium-no.9,67,9900,True,7.933409085002495,10,0,9.22,6.0,18,True,True,False,True,True,sudoku_explainer,medium,modified
1333843299,medium-no.9,24,3450,True,2.619338049000362,11,0,8.72,6.0,18,True,True,False,True,True,sudoku_explainer,medium,modified
2170464109,medium-no.9,77,11400,True,8.79101778200129,10,0,8.126666666666667,5.0,18,True,True,False,True,True,sudoku_explainer,medium,modified
3444837047,medium-no.10,15,2100,True,1.5390094350004802,11,0,10.14,6.5,18,True,True,False,True,True,sudoku_explainer,medium,modified
2669555309,medium-no.10,446,66750,True,48.551004613997065,11,0,9.6,6.0,18,True,True,False,True,True,sudoku_explainer,medium,modified
2046530742,medium-no.10,43,6300,True,4.771232846003841,13,0,8.86,6.0,18,True,True,False,True,True,sudoku_explainer,medium,modified
3581440988,medium-no.10,22,3150,True,2.328719219003688,11,0,9.706666666666669,6.0,18,True,True,False,True,True,sudoku_explainer,medium,modified
1691623607,medium-no.10,12,1650,True,1.2354995159985265,11,0,11.553333333333333,9.0,18,True,True,False,True,True,sudoku_explainer,medium,modified
2099784219,medium-no.10,16,2250,True,1.6161536019935738,11,0,8.193333333333333,6.0,18,True,True,False,True,True,sudoku_explainer,medium,modified
1184028159,medium-no.10,76,11250,True,8.466581480999594,8,0,9.086666666666666,6.0,18,True,True,False,True,True,sudoku_explainer,medium,modified
862288241,medium-no.10,10,1350,True,0.9973593239992624,11,0,10.16,7.0,18,True,True,False,True,True,sudoku_explainer,medium,modified
1333843299,medium-no.10,17,2400,True,1.7557822670059977,10,0,10.146666666666668,7.0,18,True,True,False,True,True,sudoku_explainer,medium,modified
2170464109,medium-no.10,163,24300,True,18.299464768002508,11,0,7.973333333333334,6.0,18,True,True,False,True,True,sudoku_explainer,medium,modified
3444837047,hard-no.1,12,1650,True,1.23315418700804,13,0,10.1,7.0,18,True,True,False,True,True,sudoku_explainer,hard,modified
2669555309,hard-no.1,82,12150,True,9.307576937004342,10,0,9.013333333333334,6.0,18,True,True,False,True,True,sudoku_explainer,hard,modified
2046530742,hard-no.1,425,63600,True,50.13581885100575,11,0,9.186666666666667,6.0,18,True,True,False,True,True,sudoku_explainer,hard,modified
3581440988,hard-no.1,751,112500,False,87.6608750190062,7,2,8.086666666666666,5.0,18,True,True,False,True,True,sudoku_explainer,hard,modified
1691623607,hard-no.1,751,112500,False,84.5107981589972,9,2,9.026666666666667,6.0,18,True,True,False,True,True,sudoku_explainer,hard,modified
2099784219,hard-no.1,751,112500,False,85.15186905200244,11,2,9.333333333333334,6.0,18,True,True,False,True,True,sudoku_explainer,hard,modified
1184028159,hard-no.1,53,7800,True,5.789327776001301,10,0,8.686666666666667,5.0,18,True,True,False,True,True,sudoku_explainer,hard,modified
862288241,hard-no.1,751,112500,False,86.33936719299527,13,2,8.74,6.0,18,True,True,False,True,True,sudoku_explainer,hard,modified
1333843299,hard-no.1,14,1950,True,1.4682139740034472,13,0,9.073333333333334,6.0,18,True,True,False,True,True,sudoku_explainer,hard,modified
2170464109,hard-no.1,751,112500,False,86.40084534700145,8,2,8.846666666666666,5.0,18,True,True,False,True,True,sudoku_explainer,hard,modified
3444837047,hard-no.2,11,1500,True,1.1801927589986008,10,0,9.286666666666669,6.0,18,True,True,False,True,True,sudoku_explainer,hard,modified
2669555309,hard-no.2,7,900,True,0.6543669410020811,12,0,10.393333333333333,7.5,18,True,True,False,True,True,sudoku_explainer,hard,modified
2046530742,hard-no.2,10,1350,True,1.033317286011879,12,0,8.693333333333333,6.0,18,True,True,False,True,True,sudoku_explainer,hard,modified
3581440988,hard-no.2,7,900,True,0.6821266649931204,13,0,9.2,6.0,18,True,True,False,True,True,sudoku_explainer,hard,modified
1691623607,hard-no.2,8,1050,True,0.7911372179951286,11,0,10.573333333333334,7.0,18,True,True,False,True,True,sudoku_explainer,hard,modified
2099784219,hard-no.2,11,1500,True,1.1668223260057855,10,0,9.08,6.0,18,True,True,False,True,True,sudoku_explainer,hard,modified
1184028159,hard-no.2,6,750,True,0.5897247030079598,11,0,10.44,7.0,18,True,True,False,True,True,sudoku_explainer,hard,modified
862288241,hard-no.2,5,600,True,0.420850889000576,12,0,10.253333333333334,7.5,18,True,True,False,True,True,sudoku_explainer,hard,modified
1333843299,hard-no.2,7,900,True,0.6777714430063497,12,0,11.44,8.5,18,True,True,False,True,True,sudoku_explainer,hard,modified
2170464109,hard-no.2,7,900,True,0.6678824550035642,12,0,10.046666666666669,7.0,18,True,True,False,True,True,sudoku_explainer,hard,modified
3444837047,hard-no.3,9,1200,True,0.8709261189942481,12,0,10.693333333333332,7.5,18,True,True,False,True,True,sudoku_explainer,hard,modified
2669555309,hard-no.3,53,7800,True,5.924125550998724,11,0,9.34,6.0,18,True,True,False,True,True,sudoku_explainer,hard,modified
2046530742,hard-no.3,37,5400,True,4.166420608002227,12,0,8.946666666666667,6.0,18,True,True,False,True,True,sudoku_explainer,hard,modified
3581440988,hard-no.3,9,1200,True,0.8797382789925905,11,0,9.906666666666666,7.0,18,True,True,False,True,True,sudoku_explainer,hard,modified
1691623607,hard-no.3,9,1200,True,0.8557012009987375,11,0,9.366666666666667,6.0,18,True,True,False,True,True,sudoku_explainer,hard,modified
2099784219,hard-no.3,447,66900,True,52.0390954589966,10,0,8.586666666666666,6.0,18,True,True,False,True,True,sudoku_explainer,hard,modified
1184028159,hard-no.3,23,3300,True,2.514881688999594,12,0,8.52,6.0,18,True,True,False,True,True,sudoku_explainer,hard,modified
862288241,hard-no.3,19,2700,True,2.0706383800134063,13,0,9.9,6.0,18,True,True,False,True,True,sudoku_explainer,hard,modified
1333843299,hard-no.3,11,1500,True,1.1428029950038765,13,0,9.773333333333332,6.5,18,True,True,False,True,True,sudoku_explainer,hard,modified
2170464109,hard-no.3,17,2400,True,1.864138113000081,11,0,9.306666666666668,6.0,18,True,True,False,True,True,sudoku_explainer,hard,modified
3444837047,hard-no.4,11,1500,True,1.1273202099982882,13,0,9.6,6.0,18,True,True,False,True,True,sudoku_explainer,hard,modified
2669555309,hard-no.4,14,1950,True,1.4794339060026689,12,0,8.066666666666666,5.0,18,True,True,False,True,True,sudoku_explainer,hard,modified
2046530742,hard-no.4,15,2100,True,1.6215039240050828,11,0,9.253333333333334,6.0,18,True,True,False,True,True,sudoku_explainer,hard,modified
3581440988,hard-no.4,15,2100,True,1.5205299760127673,11,0,8.22,5.0,18,True,True,False,True,True,sudoku_explainer,hard,modified
1691623607,hard-no.4,12,1650,True,1.2346478269901129,12,0,9.946666666666667,6.0,18,True,True,False,True,True,sudoku_explainer,hard,modified
2099784219,hard-no.4,9,1200,True,0.8664501790044596,11,0,10.58,7.0,18,True,True,False,True,True,sudoku_explainer,hard,modified
1184028159,hard-no.4,14,1950,True,1.4553698630043073,11,0,8.626666666666667,5.0,18,True,True,False,True,True,sudoku_explainer,hard,modified
862288241,hard-no.4,9,1200,True,0.8494986559962854,12,0,9.42,6.0,18,True,True,False,True,True,sudoku_explainer,hard,modified
1333843299,hard-no.4,8,1050,True,0.7669775539980037,13,0,10.92,8.0,18,True,True,False,True,True,sudoku_explainer,hard,modified
2170464109,hard-no.4,12,1650,True,1.234259106000536,12,0,10.026666666666667,6.0,18,True,True,False,True,True,sudoku_explainer,hard,modified
3444837047,hard-no.5,39,5700,True,4.5580402909981785,12,0,8.666666666666666,6.0,18,True,True,False,True,True,sudoku_explainer,hard,modified
2669555309,hard-no.5,9,1200,True,0.8690870879945578,11,0,9.8,7.0,18,True,True,False,True,True,sudoku_explainer,hard,modified
2046530742,hard-no.5,13,1800,True,1.3643940569891129,10,0,9.493333333333334,6.0,18,True,True,False,True,True,sudoku_explainer,hard,modified
3581440988,hard-no.5,8,1050,True,0.7625649169931421,14,0,11.073333333333334,9.0,18,True,True,False,True,True,sudoku_explainer,hard,modified
1691623607,hard-no.5,18,2550,True,1.9397639250091745,12,0,8.726666666666667,6.0,18,True,True,False,True,True,sudoku_explainer,hard,modified
2099784219,hard-no.5,13,1800,True,1.3001291889959248,12,0,9.72,6.5,18,True,True,False,True,True,sudoku_explainer,hard,modified
1184028159,hard-no.5,13,1800,True,1.3930118919961387,11,0,9.4,6.0,18,True,True,False,True,True,sudoku_explainer,hard,modified
862288241,hard-no.5,9,1200,True,0.8730924920091638,13,0,10.606666666666667,7.0,18,True,True,False,True,True,sudoku_explainer,hard,modified
1333843299,hard-no.5,128,19050,True,15.20257490000222,9,0,9.233333333333333,6.0,18,True,True,False,True,True,sudoku_explainer,hard,modified
2170464109,hard-no.5,9,1200,True,0.902677534002578,13,0,9.513333333333334,6.0,18,True,True,False,True,True,sudoku_explainer,hard,modified
3444837047,hard-no.6,19,2700,True,2.056212528987089,10,0,8.786666666666667,5.0,18,True,True,False,True,True,sudoku_explainer,hard,modified
2669555309,hard-no.6,11,1500,True,1.1183556699979815,13,0,8.86,5.5,18,True,True,False,True,True,sudoku_explainer,hard,modified
2046530742,hard-no.6,9,1200,True,0.9011289899935946,13,0,9.56,6.0,18,True,True,False,True,True,sudoku_explainer,hard,modified
3581440988,hard-no.6,10,1350,True,1.0147611769934883,12,0,8.433333333333334,6.0,18,True,True,False,True,True,sudoku_explainer,hard,modified
1691623607,hard-no.6,5,600,True,0.4347675939934561,12,0,10.533333333333331,8.0,18,True,True,False,True,True,sudoku_explainer,hard,modified
2099784219,hard-no.6,7,900,True,0.6588502790109487,11,0,9.833333333333334,6.0,18,True,True,False,True,True,sudoku_explainer,hard,modified
1184028159,hard-no.6,14,1950,True,1.5200135189952562,12,0,8.96,6.0,18,True,True,False,True,True,sudoku_explainer,hard,modified
862288241,hard-no.6,149,22200,True,17.99386678900919,11,0,8.946666666666667,5.0,18,True,True,False,True,True,sudoku_explainer,hard,modified
1333843299,hard-no.6,8,1050,True,0.7860964889987372,12,0,9.24,6.0,18,True,True,False,True,True,sudoku_explainer,hard,modified
2170464109,hard-no.6,6,750,True,0.5689617280004313,12,0,10.553333333333333,7.0,18,True,True,False,True,True,sudoku_explainer,hard,modified
3444837047,hard-no.7,417,62400,True,48.1779199270095,11,0,9.186666666666667,6.0,18,True,True,False,True,True,sudoku_explainer,hard,modified
2669555309,hard-no.7,751,112500,False,89.70005472000048,10,2,9.153333333333334,6.0,18,True,True,False,True,True,sudoku_explainer,hard,modified
2046530742,hard-no.7,237,35400,True,27.94456439500209,9,0,8.666666666666666,6.0,18,True,True,False,True,True,sudoku_explainer,hard,modified
3581440988,hard-no.7,9,1200,True,0.90240280899161,12,0,9.433333333333334,6.0,18,True,True,False,True,True,sudoku_explainer,hard,modified
1691623607,hard-no.7,14,1950,True,1.4332042000023648,12,0,9.686666666666667,6.0,18,True,True,False,True,True,sudoku_explainer,hard,modified
2099784219,hard-no.7,345,51600,True,40.85859217100369,11,0,7.886666666666667,5.0,18,True,True,False,True,True,sudoku_explainer,hard,modified
1184028159,hard-no.7,751,112500,False,89.79888252299861,9,2,9.406666666666666,6.0,18,True,True,False,True,True,sudoku_explainer,hard,modified
862288241,hard-no.7,10,1350,True,0.9786196440109052,13,0,9.113333333333332,6.0,18,True,True,False,True,True,sudoku_explainer,hard,modified
1333843299,hard-no.7,751,112500,False,87.76733267899544,12,2,9.053333333333333,6.0,18,True,True,False,True,True,sudoku_explainer,hard,modified
2170464109,hard-no.7,85,12600,True,9.9516077379958,10,0,9.153333333333334,6.0,18,True,True,False,True,True,sudoku_explainer,hard,modified
3444837047,hard-no.8,13,1800,True,1.286810453995713,12,0,9.406666666666666,6.0,18,True,True,False,True,True,sudoku_explainer,hard,modified
2669555309,hard-no.8,193,28800,True,21.600143003001,9,0,9.833333333333334,6.0,18,True,True,False,True,True,sudoku_explainer,hard,modified
2046530742,hard-no.8,28,4050,True,3.0160662540001795,10,0,9.053333333333333,6.0,18,True,True,False,True,True,sudoku_explainer,hard,modified
3581440988,hard-no.8,96,14250,True,10.895485433007709,9,0,8.34,5.0,18,True,True,False,True,True,sudoku_explainer,hard,modified
1691623607,hard-no.8,160,23850,True,18.337130265994347,8,0,8.54,5.0,18,True,True,False,True,True,sudoku_explainer,hard,modified
2099784219,hard-no.8,704,105450,True,78.70733870699769,9,0,8.473333333333333,5.0,18,True,True,False,True,True,sudoku_explainer,hard,modified
1184028159,hard-no.8,60,8850,True,6.627727450002567,11,0,8.006666666666666,5.0,18,True,True,False,True,True,sudoku_explainer,hard,modified
862288241,hard-no.8,29,4200,True,3.147579861994018,9,0,8.76,6.0,18,True,True,False,True,True,sudoku_explainer,hard,modified
1333843299,hard-no.8,22,3150,True,2.3209461020014714,11,0,8.32,5.0,18,True,True,False,True,True,sudoku_explainer,hard,modified
2170464109,hard-no.8,751,112500,False,80.24818693300767,8,3,10.146666666666668,6.0,18,True,True,False,True,True,sudoku_explainer,hard,modified
3444837047,hard-no.9,751,112500,False,88.82759375899332,8,2,8.8,6.0,18,True,True,False,True,True,sudoku_explainer,hard,modified
2669555309,hard-no.9,67,9900,True,7.793466524002724,11,0,9.593333333333334,6.0,18,True,True,False,True,True,sudoku_explainer,hard,modified
2046530742,hard-no.9,751,112500,False,88.86804681700596,9,2,8.906666666666666,5.5,18,True,True,False,True,True,sudoku_explainer,hard,modified
3581440988,hard-no.9,751,112500,False,90.44627049299017,9,2,8.706666666666667,6.0,18,True,True,False,True,True,sudoku_explainer,hard,modified
1691623607,hard-no.9,13,1800,True,1.285081017005723,8,0,8.906666666666666,5.0,18,True,True,False,True,True,sudoku_explainer,hard,modified
2099784219,hard-no.9,8,1050,True,0.7931715989980148,12,0,11.54,9.0,18,True,True,False,True,True,sudoku_explainer,hard,modified
1184028159,hard-no.9,100,14850,True,11.204877420008415,10,0,8.793333333333333,5.5,18,True,True,False,True,True,sudoku_explainer,hard,modified
862288241,hard-no.9,35,5100,True,3.863607460996718,10,0,8.253333333333334,5.0,18,True,True,False,True,True,sudoku_explainer,hard,modified
1333843299,hard-no.9,18,2550,True,1.8688345630071128,10,0,8.626666666666667,6.0,18,True,True,False,True,True,sudoku_explainer,hard,modified
2170464109,hard-no.9,751,112500,False,90.06478217800031,9,2,9.046666666666669,6.0,18,True,True,False,True,True,sudoku_explainer,hard,modified
3444837047,hard-no.10,638,95550,True,70.87515728599101,11,0,8.66,6.0,18,True,True,False,True,True,sudoku_explainer,hard,modified
2669555309,hard-no.10,308,46050,True,35.265159742994,11,0,8.726666666666667,5.0,18,True,True,False,True,True,sudoku_explainer,hard,modified
2046530742,hard-no.10,482,72150,True,54.45711806800682,10,0,8.786666666666667,5.0,18,True,True,False,True,True,sudoku_explainer,hard,modified
3581440988,hard-no.10,16,2250,True,1.6845914659934351,11,0,9.82,6.0,18,True,True,False,True,True,sudoku_explainer,hard,modified
1691623607,hard-no.10,357,53400,True,41.13415707500826,11,0,9.046666666666669,6.0,18,True,True,False,True,True,sudoku_explainer,hard,modified
2099784219,hard-no.10,102,15150,True,11.572123303994886,8,0,9.046666666666669,5.0,18,True,True,False,True,True,sudoku_explainer,hard,modified
1184028159,hard-no.10,15,2100,True,1.660101244007819,13,0,8.973333333333333,6.0,18,True,True,False,True,True,sudoku_explainer,hard,modified
862288241,hard-no.10,214,31950,True,24.4263740870083,11,0,8.813333333333333,6.0,18,True,True,False,True,True,sudoku_explainer,hard,modified
1333843299,hard-no.10,35,5100,True,3.873943462007446,11,0,8.746666666666666,6.0,18,True,True,False,True,True,sudoku_explainer,hard,modified
2170464109,hard-no.10,16,2250,True,1.658353831997374,11,0,8.926666666666666,6.0,18,True,True,False,True,True,sudoku_explainer,hard,modified
3444837047,superior-no.1,435,65100,True,50.77157723699929,10,0,8.693333333333333,5.0,18,True,True,False,True,True,sudoku_explainer,superior,modified
2669555309,superior-no.1,751,112500,False,87.98333812500641,7,2,8.786666666666667,6.0,18,True,True,False,True,True,sudoku_explainer,superior,modified
2046530742,superior-no.1,11,1500,True,1.0561652540054638,11,0,9.373333333333331,6.0,18,True,True,False,True,True,sudoku_explainer,superior,modified
3581440988,superior-no.1,337,50400,True,38.36455093599216,12,0,8.2,5.0,18,True,True,False,True,True,sudoku_explainer,superior,modified
1691623607,superior-no.1,15,2100,True,1.5705473020061618,11,0,10.026666666666667,6.0,18,True,True,False,True,True,sudoku_explainer,superior,modified
2099784219,superior-no.1,15,2100,True,1.511642066994682,9,0,10.186666666666667,6.0,18,True,True,False,True,True,sudoku_explainer,superior,modified
1184028159,superior-no.1,33,4800,True,3.680443068005843,10,0,7.926666666666667,5.0,18,True,True,False,True,True,sudoku_explainer,superior,modified
862288241,superior-no.1,751,112500,False,89.75715103300172,9,2,8.406666666666666,5.0,18,True,True,False,True,True,sudoku_explainer,superior,modified
1333843299,superior-no.1,751,112500,False,86.40569441000116,10,2,8.853333333333333,5.5,18,True,True,False,True,True,sudoku_explainer,superior,modified
2170464109,superior-no.1,135,20100,True,15.600127869998689,14,0,8.126666666666667,5.0,18,True,True,False,True,True,sudoku_explainer,superior,modified
3444837047,superior-no.2,15,2100,True,1.5250046309956815,11,0,9.1,5.5,18,True,True,False,True,True,sudoku_explainer,superior,modified
2669555309,superior-no.2,16,2250,True,1.6402731799898902,11,0,9.546666666666669,6.0,18,True,True,False,True,True,sudoku_explainer,superior,modified
2046530742,superior-no.2,751,112500,False,82.31043185399903,12,2,8.606666666666667,6.0,18,True,True,False,True,True,sudoku_explainer,superior,modified
3581440988,superior-no.2,12,1650,True,1.1760399999911897,11,0,8.393333333333333,5.0,18,True,True,False,True,True,sudoku_explainer,superior,modified
1691623607,superior-no.2,751,112500,False,83.64094327299972,9,2,9.046666666666669,5.0,18,True,True,False,True,True,sudoku_explainer,superior,modified
2099784219,superior-no.2,13,1800,True,1.2835133659973508,12,0,9.5,6.0,18,True,True,False,True,True,sudoku_explainer,superior,modified
1184028159,superior-no.2,420,62850,True,47.05134450200421,12,0,8.853333333333333,5.0,18,True,True,False,True,True,sudoku_explainer,superior,modified
862288241,superior-no.2,40,5850,True,4.225898081989726,13,0,8.653333333333334,6.0,18,True,True,False,True,True,sudoku_explainer,superior,modified
1333843299,superior-no.2,11,1500,True,1.089758971997071,13,0,11.326666666666666,9.5,18,True,True,False,True,True,sudoku_explainer,superior,modified
2170464109,superior-no.2,21,3000,True,2.1625489160069264,13,0,8.706666666666667,5.0,18,True,True,False,True,True,sudoku_explainer,superior,modified
3444837047,superior-no.3,751,112500,False,81.59039075700275,9,2,8.653333333333334,5.5,18,True,True,False,True,True,sudoku_explainer,superior,modified
2669555309,superior-no.3,751,112500,False,83.48024509800598,12,2,9.673333333333334,6.0,18,True,True,False,True,True,sudoku_explainer,superior,modified
2046530742,superior-no.3,751,112500,False,83.37356963400089,11,2,8.593333333333334,5.0,18,True,True,False,True,True,sudoku_explainer,superior,modified
3581440988,superior-no.3,14,1950,True,1.3906130699906498,9,0,9.033333333333331,5.0,18,True,True,False,True,True,sudoku_explainer,superior,modified
1691623607,superior-no.3,751,112500,False,83.41555017499195,8,2,8.38,5.0,18,True,True,False,True,True,sudoku_explainer,superior,modified
2099784219,superior-no.3,454,67950,True,49.71209778700722,9,0,9.68,6.0,18,True,True,False,True,True,sudoku_explainer,superior,modified
1184028159,superior-no.3,751,112500,False,84.19228727799782,11,2,9.066666666666666,6.0,18,True,True,False,True,True,sudoku_explainer,superior,modified
862288241,superior-no.3,751,112500,False,84.81453329299984,9,2,9.826666666666666,6.0,18,True,True,False,True,True,sudoku_explainer,superior,modified
1333843299,superior-no.3,22,3150,True,2.3511313769995468,12,0,8.546666666666667,5.0,18,True,True,False,True,True,sudoku_explainer,superior,modified
2170464109,superior-no.3,740,110850,True,82.9609297930001,9,0,9.233333333333333,6.0,18,True,True,False,True,True,sudoku_explainer,superior,modified
3444837047,superior-no.4,751,112500,False,89.42364982599975,9,2,9.34,6.0,18,True,True,False,True,True,sudoku_explainer,superior,modified
2669555309,superior-no.4,227,33900,True,26.61209601700829,12,0,8.66,6.0,18,True,True,False,True,True,sudoku_explainer,superior,modified
2046530742,superior-no.4,213,31800,True,23.8260012009996,12,0,8.82,5.0,18,True,True,False,True,True,sudoku_explainer,superior,modified
3581440988,superior-no.4,751,112500,False,88.87437719100853,9,2,8.86,6.0,18,True,True,False,True,True,sudoku_explainer,superior,modified
1691623607,superior-no.4,236,35250,True,27.67468724900391,11,0,8.713333333333333,5.0,18,True,True,False,True,True,sudoku_explainer,superior,modified
2099784219,superior-no.4,751,112500,False,87.12366304900206,10,2,8.646666666666667,6.0,18,True,True,False,True,True,sudoku_explainer,superior,modified
1184028159,superior-no.4,751,112500,False,87.79308033299458,11,2,9.733333333333333,6.0,18,True,True,False,True,True,sudoku_explainer,superior,modified
862288241,superior-no.4,751,112500,False,86.78046376700513,9,2,9.626666666666669,6.0,18,True,True,False,True,True,sudoku_explainer,superior,modified
1333843299,superior-no.4,751,112500,False,87.79650144300831,12,2,9.06,6.0,18,True,True,False,True,True,sudoku_explainer,superior,modified
2170464109,superior-no.4,40,5850,True,4.492786731003434,11,0,8.413333333333334,5.5,18,True,True,False,True,True,sudoku_explainer,superior,modified
3444837047,superior-no.5,751,112500,False,88.18993555298948,9,2,9.186666666666667,6.0,18,True,True,False,True,True,sudoku_explainer,superior,modified
2669555309,superior-no.5,751,112500,False,88.22870710800635,8,2,9.38,6.0,18,True,True,False,True,True,sudoku_explainer,superior,modified
2046530742,superior-no.5,38,5550,True,4.176405646008789,12,0,8.933333333333334,5.0,18,True,True,False,True,True,sudoku_explainer,superior,modified
3581440988,superior-no.5,27,3900,True,2.9727042769955005,10,0,8.193333333333333,5.0,18,True,True,False,True,True,sudoku_explainer,superior,modified
1691623607,superior-no.5,751,112500,False,88.97387433399854,9,2,8.573333333333334,5.0,18,True,True,False,True,True,sudoku_explainer,superior,modified
2099784219,superior-no.5,303,45300,True,35.2885104839952,11,0,8.973333333333333,6.0,18,True,True,False,True,True,sudoku_explainer,superior,modified
1184028159,superior-no.5,751,112500,False,85.90342933000647,10,2,8.993333333333334,6.0,18,True,True,False,True,True,sudoku_explainer,superior,modified
862288241,superior-no.5,182,27150,True,21.20275894399674,11,0,8.726666666666667,6.0,18,True,True,False,True,True,sudoku_explainer,superior,modified
1333843299,superior-no.5,751,112500,False,89.93740673801221,11,2,9.38,6.0,18,True,True,False,True,True,sudoku_explainer,superior,modified
2170464109,superior-no.5,751,112500,False,88.06157651900139,7,2,9.0,6.0,18,True,True,False,True,True,sudoku_explainer,superior,modified
3444837047,superior-no.6,108,16050,True,12.139602693001509,10,0,8.52,5.0,18,True,True,False,True,True,sudoku_explainer,superior,modified
2669555309,superior-no.6,20,2850,True,2.0720942680054577,12,0,8.553333333333333,5.0,18,True,True,False,True,True,sudoku_explainer,superior,modified
2046530742,superior-no.6,31,4500,True,3.3189934870024445,12,0,8.66,5.0,18,True,True,False,True,True,sudoku_explainer,superior,modified
3581440988,superior-no.6,22,3150,True,2.325588491003145,11,0,8.686666666666667,6.0,18,True,True,False,True,True,sudoku_explainer,superior,modified
1691623607,superior-no.6,25,3600,True,2.6342697920044884,8,0,7.84,5.0,18,True,True,False,True,True,sudoku_explainer,superior,modified
2099784219,superior-no.6,40,5850,True,4.363291715999367,11,0,8.513333333333334,5.0,18,True,True,False,True,True,sudoku_explainer,superior,modified
1184028159,superior-no.6,17,2400,True,1.731022573003429,11,0,10.16,6.0,18,True,True,False,True,True,sudoku_explainer,superior,modified
862288241,superior-no.6,34,4950,True,3.642782702998375,10,0,9.66,6.0,18,True,True,False,True,True,sudoku_explainer,superior,modified
1333843299,superior-no.6,411,61500,True,46.28089673300565,11,0,8.606666666666667,5.0,18,True,True,False,True,True,sudoku_explainer,superior,modified
2170464109,superior-no.6,487,72900,True,55.644504782991135,9,0,8.193333333333333,5.0,18,True,True,False,True,True,sudoku_explainer,superior,modified
3444837047,superior-no.7,9,1200,True,0.8875852100027259,13,0,9.966666666666669,6.0,18,True,True,False,True,True,sudoku_explainer,superior,modified
2669555309,superior-no.7,21,3000,True,2.301144936995115,12,0,8.233333333333333,5.0,18,True,True,False,True,True,sudoku_explainer,superior,modified
2046530742,superior-no.7,10,1350,True,0.9735299439926166,12,0,9.12,6.0,18,True,True,False,True,True,sudoku_explainer,superior,modified
3581440988,superior-no.7,12,1650,True,1.2251006869919363,12,0,8.3,6.0,18,True,True,False,True,True,sudoku_explainer,superior,modified
1691623607,superior-no.7,14,1950,True,1.4752232510072645,11,0,9.353333333333332,6.0,18,True,True,False,True,True,sudoku_explainer,superior,modified
2099784219,superior-no.7,62,9150,True,7.435406816992327,12,0,8.64,5.0,18,True,True,False,True,True,sudoku_explainer,superior,modified
1184028159,superior-no.7,12,1650,True,1.2780603779974626,12,0,9.82,6.0,18,True,True,False,True,True,sudoku_explainer,superior,modified
862288241,superior-no.7,17,2400,True,1.900091581992456,13,0,9.473333333333333,6.0,18,True,True,False,True,True,sudoku_explainer,superior,modified
1333843299,superior-no.7,12,1650,True,1.324380232996191,12,0,7.866666666666666,5.0,18,True,True,False,True,True,sudoku_explainer,superior,modified
2170464109,superior-no.7,14,1950,True,1.5113641700008884,8,0,8.646666666666667,6.0,18,True,True,False,True,True,sudoku_explainer,superior,modified
3444837047,superior-no.8,10,1350,True,1.0256654739932856,11,0,8.073333333333334,6.0,18,True,True,False,True,True,sudoku_explainer,superior,modified
2669555309,superior-no.8,7,900,True,0.6448741150088608,12,0,10.353333333333332,7.0,18,True,True,False,True,True,sudoku_explainer,superior,modified
2046530742,superior-no.8,9,1200,True,0.8724007440032437,11,0,9.54,6.0,18,True,True,False,True,True,sudoku_explainer,superior,modified
3581440988,superior-no.8,7,900,True,0.6538248269935139,12,0,8.873333333333333,6.0,18,True,True,False,True,True,sudoku_explainer,superior,modified
1691623607,superior-no.8,10,1350,True,0.9970321310102008,11,0,8.946666666666667,6.0,18,True,True,False,True,True,sudoku_explainer,superior,modified
2099784219,superior-no.8,8,1050,True,0.7748782629932975,13,0,9.773333333333332,6.0,18,True,True,False,True,True,sudoku_explainer,superior,modified
1184028159,superior-no.8,8,1050,True,0.7934576240077149,13,0,9.453333333333331,6.0,18,True,True,False,True,True,sudoku_explainer,superior,modified
862288241,superior-no.8,7,900,True,0.6726059409993468,10,0,10.853333333333332,17.0,18,True,True,False,True,True,sudoku_explainer,superior,modified
1333843299,superior-no.8,8,1050,True,0.7693432829983067,12,0,9.78,6.0,18,True,True,False,True,True,sudoku_explainer,superior,modified
2170464109,superior-no.8,6,750,True,0.542052546996274,11,0,10.133333333333333,6.0,18,True,True,False,True,True,sudoku_explainer,superior,modified
3444837047,superior-no.9,82,12150,True,8.826158843003213,9,0,9.506666666666666,6.0,18,True,True,False,True,True,sudoku_explainer,superior,modified
2669555309,superior-no.9,291,43500,True,32.08470440900419,10,0,8.806666666666667,6.0,18,True,True,False,True,True,sudoku_explainer,superior,modified
2046530742,superior-no.9,33,4800,True,3.599283435003599,12,0,8.593333333333334,6.0,18,True,True,False,True,True,sudoku_explainer,superior,modified
3581440988,superior-no.9,751,112500,False,82.92249481700128,9,2,9.293333333333331,6.0,18,True,True,False,True,True,sudoku_explainer,superior,modified
1691623607,superior-no.9,710,106350,True,81.13434738499927,9,0,9.186666666666667,6.0,18,True,True,False,True,True,sudoku_explainer,superior,modified
2099784219,superior-no.9,751,112500,False,85.31632661700132,9,2,9.133333333333333,6.0,18,True,True,False,True,True,sudoku_explainer,superior,modified
1184028159,superior-no.9,751,112500,False,82.37124710099306,11,2,8.113333333333333,5.0,18,True,True,False,True,True,sudoku_explainer,superior,modified
862288241,superior-no.9,154,22950,True,17.50252980500227,11,0,8.906666666666666,5.0,18,True,True,False,True,True,sudoku_explainer,superior,modified
1333843299,superior-no.9,751,112500,False,85.65284658699238,9,2,9.486666666666666,6.0,18,True,True,False,True,True,sudoku_explainer,superior,modified
2170464109,superior-no.9,751,112500,False,84.32332656899234,11,2,8.906666666666666,6.0,18,True,True,False,True,True,sudoku_explainer,superior,modified
3444837047,superior-no.10,140,20850,True,15.423873570005526,9,0,8.82,6.0,18,True,True,False,True,True,sudoku_explainer,superior,modified
2669555309,superior-no.10,93,13800,True,10.861256189004052,12,0,8.84,5.0,18,True,True,False,True,True,sudoku_explainer,superior,modified
2046530742,superior-no.10,751,112500,False,88.36672019099933,8,2,9.306666666666668,5.0,18,True,True,False,True,True,sudoku_explainer,superior,modified
3581440988,superior-no.10,84,12450,True,9.606832955003483,10,0,8.966666666666667,5.5,18,True,True,False,True,True,sudoku_explainer,superior,modified
1691623607,superior-no.10,751,112500,False,87.1102276629972,9,2,8.406666666666666,5.0,18,True,True,False,True,True,sudoku_explainer,superior,modified
2099784219,superior-no.10,751,112500,False,88.48330813201028,8,2,9.2,6.0,18,True,True,False,True,True,sudoku_explainer,superior,modified
1184028159,superior-no.10,751,112500,False,85.75594549399102,9,2,7.96,5.0,18,True,True,False,True,True,sudoku_explainer,superior,modified
862288241,superior-no.10,751,112500,False,88.24119385199447,7,2,9.3,6.0,18,True,True,False,True,True,sudoku_explainer,superior,modified
1333843299,superior-no.10,440,65850,True,50.76744903100189,9,0,8.66,5.0,18,True,True,False,True,True,sudoku_explainer,superior,modified
2170464109,superior-no.10,15,2100,True,1.5423185479885433,12,0,9.48,6.0,18,True,True,False,True,True,sudoku_explainer,superior,modified
3444837047,fiendish-no.1,111,16500,True,12.241059273001156,11,0,8.56,5.5,18,True,True,False,True,True,sudoku_explainer,fiendish,modified
2669555309,fiendish-no.1,1501,225000,False,169.8417370840034,11,2,8.46,5.0,18,True,True,False,True,True,sudoku_explainer,fiendish,modified
2046530742,fiendish-no.1,973,145800,True,109.26331922599638,10,0,8.853333333333333,6.0,18,True,True,False,True,True,sudoku_explainer,fiendish,modified
3581440988,fiendish-no.1,1501,225000,False,167.1231174220011,8,2,8.68,5.0,18,True,True,False,True,True,sudoku_explainer,fiendish,modified
1691623607,fiendish-no.1,1501,225000,False,170.6579955549969,10,2,9.253333333333334,6.0,18,True,True,False,True,True,sudoku_explainer,fiendish,modified
2099784219,fiendish-no.1,15,2100,True,1.5624088479962666,11,0,10.133333333333333,6.0,18,True,True,False,True,True,sudoku_explainer,fiendish,modified
1184028159,fiendish-no.1,1501,225000,False,172.97270417300751,12,2,8.993333333333334,6.0,18,True,True,False,True,True,sudoku_explainer,fiendish,modified
862288241,fiendish-no.1,1501,225000,False,168.58862000000954,10,2,8.36,5.5,18,True,True,False,True,True,sudoku_explainer,fiendish,modified
1333843299,fiendish-no.1,1501,225000,False,172.12835700299183,10,2,9.36,6.0,18,True,True,False,True,True,sudoku_explainer,fiendish,modified
2170464109,fiendish-no.1,68,10050,True,7.592933502994128,11,0,8.253333333333334,5.0,18,True,True,False,True,True,sudoku_explainer,fiendish,modified
3444837047,fiendish-no.2,1228,184050,True,140.15049730800092,12,0,8.26,5.0,18,True,True,False,True,True,sudoku_explainer,fiendish,modified
2669555309,fiendish-no.2,107,15900,True,12.34987030699267,11,0,9.7,6.0,18,True,True,False,True,True,sudoku_explainer,fiendish,modified
2046530742,fiendish-no.2,815,122100,True,94.90792883498943,9,0,9.373333333333331,5.5,18,True,True,False,True,True,sudoku_explainer,fiendish,modified
3581440988,fiendish-no.2,103,15300,True,11.746037062999676,11,0,9.26,6.0,18,True,True,False,True,True,sudoku_explainer,fiendish,modified
1691623607,fiendish-no.2,591,88500,True,68.6057881769957,10,0,8.04,5.0,18,True,True,False,True,True,sudoku_explainer,fiendish,modified
2099784219,fiendish-no.2,720,107850,True,83.88221649600018,12,0,7.133333333333334,5.0,18,True,True,False,True,True,sudoku_explainer,fiendish,modified
1184028159,fiendish-no.2,12,1650,True,1.2397380219917975,11,0,8.48,5.0,18,True,True,False,True,True,sudoku_explainer,fiendish,modified
862288241,fiendish-no.2,402,60150,True,46.52014629699988,11,0,8.3,6.0,18,True,True,False,True,True,sudoku_explainer,fiendish,modified
1333843299,fiendish-no.2,18,2550,True,1.85421905000112,11,0,8.28,6.0,18,True,True,False,True,True,sudoku_explainer,fiendish,modified
2170464109,fiendish-no.2,1085,162600,True,125.88270684199232,12,0,8.66,5.0,18,True,True,False,True,True,sudoku_explainer,fiendish,modified
3444837047,fiendish-no.3,11,1500,True,1.0748578189959517,12,0,10.3,7.0,18,True,True,False,True,True,sudoku_explainer,fiendish,modified
2669555309,fiendish-no.3,502,75150,True,55.53334661899135,11,0,8.286666666666667,5.0,18,True,True,False,True,True,sudoku_explainer,fiendish,modified
2046530742,fiendish-no.3,15,2100,True,1.4921047279931372,11,0,9.886666666666668,6.0,18,True,True,False,True,True,sudoku_explainer,fiendish,modified
3581440988,fiendish-no.3,1501,225000,False,166.3322397909942,8,2,8.946666666666667,6.0,18,True,True,False,True,True,sudoku_explainer,fiendish,modified
1691623607,fiendish-no.3,1501,225000,False,173.44941757700872,13,2,8.873333333333333,6.0,18,True,True,False,True,True,sudoku_explainer,fiendish,modified
2099784219,fiendish-no.3,1501,225000,False,173.04154850800114,11,2,8.293333333333333,5.0,18,True,True,False,True,True,sudoku_explainer,fiendish,modified
1184028159,fiendish-no.3,1501,225000,False,173.79165753300185,10,2,8.506666666666666,5.0,18,True,True,False,True,True,sudoku_explainer,fiendish,modified
862288241,fiendish-no.3,36,5250,True,3.9235223220021,13,0,8.433333333333334,5.0,18,True,True,False,True,True,sudoku_explainer,fiendish,modified
1333843299,fiendish-no.3,1501,225000,False,170.10830635098682,11,2,7.973333333333334,5.0,18,True,True,False,True,True,sudoku_explainer,fiendish,modified
2170464109,fiendish-no.3,27,3900,True,2.8872918620036216,11,0,8.94,5.5,18,True,True,False,True,True,sudoku_explainer,fiendish,modified
3444837047,fiendish-no.4,21,3000,True,2.2538003780064173,9,0,9.093333333333334,6.0,18,True,True,False,True,True,sudoku_explainer,fiendish,modified
2669555309,fiendish-no.4,64,9450,True,7.329662129995995,10,0,8.646666666666667,5.0,18,True,True,False,True,True,sudoku_explainer,fiendish,modified
2046530742,fiendish-no.4,1501,225000,False,178.59972695299075,9,2,9.546666666666669,6.0,18,True,True,False,True,True,sudoku_explainer,fiendish,modified
3581440988,fiendish-no.4,17,2400,True,1.784644920990104,12,0,8.806666666666667,6.0,18,True,True,False,True,True,sudoku_explainer,fiendish,modified
1691623607,fiendish-no.4,11,1500,True,1.127961624995805,10,0,9.326666666666666,6.0,18,True,True,False,True,True,sudoku_explainer,fiendish,modified
2099784219,fiendish-no.4,29,4200,True,3.271479486997123,12,0,8.953333333333333,5.0,18,True,True,False,True,True,sudoku_explainer,fiendish,modified
1184028159,fiendish-no.4,510,76350,True,60.55731865898997,11,0,8.513333333333334,6.0,18,True,True,False,True,True,sudoku_explainer,fiendish,modified
862288241,fiendish-no.4,1501,225000,False,176.2763818090025,10,2,9.413333333333334,6.0,18,True,True,False,True,True,sudoku_explainer,fiendish,modified
1333843299,fiendish-no.4,15,2100,True,1.634483881003689,12,0,9.54,6.0,18,True,True,False,True,True,sudoku_explainer,fiendish,modified
2170464109,fiendish-no.4,21,3000,True,2.33023870899342,10,0,9.173333333333334,5.0,18,True,True,False,True,True,sudoku_explainer,fiendish,modified
3444837047,fiendish-no.5,26,3750,True,2.9318627790053142,11,0,8.613333333333333,5.5,18,True,True,False,True,True,sudoku_explainer,fiendish,modified
2669555309,fiendish-no.5,14,1950,True,1.452354357999866,11,0,8.033333333333333,5.0,18,True,True,False,True,True,sudoku_explainer,fiendish,modified
2046530742,fiendish-no.5,10,1350,True,0.9746088170068106,12,0,9.54,6.0,18,True,True,False,True,True,sudoku_explainer,fiendish,modified
3581440988,fiendish-no.5,8,1050,True,0.7636596670054132,11,0,10.166666666666666,7.0,18,True,True,False,True,True,sudoku_explainer,fiendish,modified
1691623607,fiendish-no.5,9,1200,True,0.8969109030003892,12,0,9.4,6.0,18,True,True,False,True,True,sudoku_explainer,fiendish,modified
2099784219,fiendish-no.5,14,1950,True,1.5043429990037112,11,0,9.906666666666666,6.0,18,True,True,False,True,True,sudoku_explainer,fiendish,modified
1184028159,fiendish-no.5,9,1200,True,0.9129674559953856,11,0,10.446666666666667,7.0,18,True,True,False,True,True,sudoku_explainer,fiendish,modified
862288241,fiendish-no.5,10,1350,True,0.9709314810024808,11,0,9.606666666666667,6.0,18,True,True,False,True,True,sudoku_explainer,fiendish,modified
1333843299,fiendish-no.5,9,1200,True,0.8824668320012279,11,0,11.146666666666668,8.0,18,True,True,False,True,True,sudoku_explainer,fiendish,modified
2170464109,fiendish-no.5,28,4050,True,3.126738785998896,12,0,8.773333333333333,6.0,18,True,True,False,True,True,sudoku_explainer,fiendish,modified
3444837047,fiendish-no.6,8,1050,True,0.7771174099907512,11,0,10.526666666666667,7.0,18,True,True,False,True,True,sudoku_explainer,fiendish,modified
2669555309,fiendish-no.6,63,9300,True,7.2917427539941855,10,0,9.186666666666667,6.0,18,True,True,False,True,True,sudoku_explainer,fiendish,modified
2046530742,fiendish-no.6,21,3000,True,2.285223800005042,12,0,8.546666666666667,6.0,18,True,True,False,True,True,sudoku_explainer,fiendish,modified
3581440988,fiendish-no.6,17,2400,True,1.8198102999886032,12,0,8.5,6.0,18,True,True,False,True,True,sudoku_explainer,fiendish,modified
1691623607,fiendish-no.6,11,1500,True,1.1007796810008583,11,0,9.78,6.0,18,True,True,False,True,True,sudoku_explainer,fiendish,modified
2099784219,fiendish-no.6,11,1500,True,1.0939313150011003,12,0,9.086666666666666,6.0,18,True,True,False,True,True,sudoku_explainer,fiendish,modified
1184028159,fiendish-no.6,18,2550,True,1.998558245002641,11,0,9.633333333333333,6.0,18,True,True,False,True,True,sudoku_explainer,fiendish,modified
862288241,fiendish-no.6,518,77550,True,61.15958603100444,11,0,8.9,6.0,18,True,True,False,True,True,sudoku_explainer,fiendish,modified
1333843299,fiendish-no.6,13,1800,True,1.3626117600069847,13,0,8.973333333333333,6.0,18,True,True,False,True,True,sudoku_explainer,fiendish,modified
2170464109,fiendish-no.6,9,1200,True,0.8593626669899095,10,0,9.02,6.0,18,True,True,False,True,True,sudoku_explainer,fiendish,modified
3444837047,fiendish-no.7,49,7200,True,5.229997020011069,12,0,8.646666666666667,5.0,18,True,True,False,True,True,sudoku_explainer,fiendish,modified
2669555309,fiendish-no.7,110,16350,True,11.812867044995071,10,0,8.7,5.0,18,True,True,False,True,True,sudoku_explainer,fiendish,modified
2046530742,fiendish-no.7,659,98700,True,74.8008728170098,9,0,8.953333333333333,5.0,18,True,True,False,True,True,sudoku_explainer,fiendish,modified
3581440988,fiendish-no.7,178,26550,True,20.099646111004404,11,0,8.806666666666667,6.0,18,True,True,False,True,True,sudoku_explainer,fiendish,modified
1691623607,fiendish-no.7,1501,225000,False,167.23343421400932,10,2,8.113333333333333,5.0,18,True,True,False,True,True,sudoku_explainer,fiendish,modified
2099784219,fiendish-no.7,15,2100,True,1.4784467200079234,10,0,10.566666666666666,7.0,18,True,True,False,True,True,sudoku_explainer,fiendish,modified
1184028159,fiendish-no.7,1501,225000,False,170.13373539499298,10,2,9.106666666666667,5.0,18,True,True,False,True,True,sudoku_explainer,fiendish,modified
862288241,fiendish-no.7,17,2400,True,1.6360207449906738,11,0,8.466666666666667,5.0,18,True,True,False,True,True,sudoku_explainer,fiendish,modified
1333843299,fiendish-no.7,90,13350,True,9.808101994000026,12,0,8.073333333333334,5.0,18,True,True,False,True,True,sudoku_explainer,fiendish,modified
2170464109,fiendish-no.7,1501,225000,False,166.8967463059962,9,2,8.866666666666667,5.0,18,True,True,False,True,True,sudoku_explainer,fiendish,modified
3444837047,fiendish-no.8,29,4200,True,3.235556674990221,10,0,9.226666666666668,6.0,18,True,True,False,True,True,sudoku_explainer,fiendish,modified
2669555309,fiendish-no.8,25,3600,True,2.6833702759904554,11,0,8.853333333333333,5.5,18,True,True,False,True,True,sudoku_explainer,fiendish,modified
2046530742,fiendish-no.8,671,100500,True,75.85847864199604,12,0,8.64,5.0,18,True,True,False,True,True,sudoku_explainer,fiendish,modified
3581440988,fiendish-no.8,287,42900,True,31.955990000002203,11,0,9.3,6.0,18,True,True,False,True,True,sudoku_explainer,fiendish,modified
1691623607,fiendish-no.8,10,1350,True,0.9967862290068296,12,0,8.906666666666666,6.0,18,True,True,False,True,True,sudoku_explainer,fiendish,modified
2099784219,fiendish-no.8,30,4350,True,3.3190439480094938,13,0,9.1,6.0,18,True,True,False,True,True,sudoku_explainer,fiendish,modified
1184028159,fiendish-no.8,11,1500,True,1.133544010008336,13,0,9.946666666666667,6.5,18,True,True,False,True,True,sudoku_explainer,fiendish,modified
862288241,fiendish-no.8,17,2400,True,1.7819524760125205,13,0,8.546666666666667,6.0,18,True,True,False,True,True,sudoku_explainer,fiendish,modified
1333843299,fiendish-no.8,19,2700,True,1.9960075950075409,11,0,8.7,5.0,18,True,True,False,True,True,sudoku_explainer,fiendish,modified
2170464109,fiendish-no.8,31,4500,True,3.3574108879984124,12,0,7.793333333333333,5.0,18,True,True,False,True,True,sudoku_explainer,fiendish,modified
3444837047,fiendish-no.9,1501,225000,False,164.07046893400548,12,2,7.98,5.0,18,True,True,False,True,True,sudoku_explainer,fiendish,modified
2669555309,fiendish-no.9,1501,225000,False,160.08618857699912,11,2,9.106666666666667,6.0,18,True,True,False,True,True,sudoku_explainer,fiendish,modified
2046530742,fiendish-no.9,1501,225000,False,167.12131180199503,9,2,9.433333333333334,6.0,18,True,True,False,True,True,sudoku_explainer,fiendish,modified
3581440988,fiendish-no.9,1501,225000,False,167.43569196200406,11,2,8.66,6.0,18,True,True,False,True,True,sudoku_explainer,fiendish,modified
1691623607,fiendish-no.9,1501,225000,False,167.588005247002,10,2,8.9,5.0,18,True,True,False,True,True,sudoku_explainer,fiendish,modified
2099784219,fiendish-no.9,1501,225000,False,167.50802059999842,10,2,8.546666666666667,5.0,18,True,True,False,True,True,sudoku_explainer,fiendish,modified
1184028159,fiendish-no.9,1501,225000,False,165.6869187179982,12,2,8.846666666666666,6.0,18,True,True,False,True,True,sudoku_explainer,fiendish,modified
862288241,fiendish-no.9,1501,225000,False,167.91579638900294,7,2,8.446666666666667,5.0,18,True,True,False,True,True,sudoku_explainer,fiendish,modified
1333843299,fiendish-no.9,1501,225000,False,167.29050718700455,10,2,8.713333333333333,6.0,18,True,True,False,True,True,sudoku_explainer,fiendish,modified
2170464109,fiendish-no.9,1501,225000,False,166.26102540300053,10,2,8.78,5.0,18,True,True,False,True,True,sudoku_explainer,fiendish,modified
3444837047,fiendish-no.10,14,1950,True,1.4064095889916644,10,0,9.1,6.0,18,True,True,False,True,True,sudoku_explainer,fiendish,modified
2669555309,fiendish-no.10,113,16800,True,12.481000920990482,11,0,8.673333333333334,5.5,18,True,True,False,True,True,sudoku_explainer,fiendish,modified
2046530742,fiendish-no.10,1501,225000,False,167.42316521199243,8,2,9.2,5.0,18,True,True,False,True,True,sudoku_explainer,fiendish,modified
3581440988,fiendish-no.10,1330,199350,True,146.66484884399688,11,0,8.613333333333333,5.0,18,True,True,False,True,True,sudoku_explainer,fiendish,modified
1691623607,fiendish-no.10,1501,225000,False,165.57679668800847,10,2,9.186666666666667,6.0,18,True,True,False,True,True,sudoku_explainer,fiendish,modified
2099784219,fiendish-no.10,124,18450,True,13.978827108992846,9,0,9.28,6.0,18,True,True,False,True,True,sudoku_explainer,fiendish,modified
1184028159,fiendish-no.10,185,27600,True,20.55371238800581,11,0,8.84,6.0,18,True,True,False,True,True,sudoku_explainer,fiendish,modified
862288241,fiendish-no.10,1501,225000,False,166.96690568600025,8,2,8.44,5.0,18,True,True,False,True,True,sudoku_explainer,fiendish,modified
1333843299,fiendish-no.10,1501,225000,False,165.23308848201123,10,2,7.706666666666667,5.0,18,True,True,False,True,True,sudoku_explainer,fiendish,modified
2170464109,fiendish-no.10,1501,225000,False,160.60132758200052,11,2,8.166666666666666,5.0,18,True,True,False,True,True,sudoku_explainer,fiendish,modified
3444837047,super-no.1,1501,225000,False,168.73909047999769,9,2,8.093333333333334,5.0,18,True,True,False,True,True,sudoku_explainer,super,modified
2669555309,super-no.1,1501,225000,False,170.8814770159952,10,2,8.593333333333334,5.0,18,True,True,False,True,True,sudoku_explainer,super,modified
2046530742,super-no.1,1005,150600,True,112.9439963800105,12,0,8.493333333333334,5.0,18,True,True,False,True,True,sudoku_explainer,super,modified
3581440988,super-no.1,45,6600,True,4.9339722730073845,10,0,8.246666666666666,5.0,18,True,True,False,True,True,sudoku_explainer,super,modified
1691623607,super-no.1,637,95400,True,72.820176180001,10,0,8.413333333333334,5.0,18,True,True,False,True,True,sudoku_explainer,super,modified
2099784219,super-no.1,1501,225000,False,169.1523184550024,12,2,8.706666666666667,5.0,18,True,True,False,True,True,sudoku_explainer,super,modified
1184028159,super-no.1,1501,225000,False,171.103377603009,11,2,8.286666666666667,6.0,18,True,True,False,True,True,sudoku_explainer,super,modified
862288241,super-no.1,1501,225000,False,172.5561406630004,9,2,8.22,5.0,18,True,True,False,True,True,sudoku_explainer,super,modified
1333843299,super-no.1,35,5100,True,3.903709442995023,11,0,8.793333333333333,6.0,18,True,True,False,True,True,sudoku_explainer,super,modified
2170464109,super-no.1,1501,225000,False,171.89774544398824,9,2,8.473333333333333,5.0,18,True,True,False,True,True,sudoku_explainer,super,modified
3444837047,super-no.2,20,2850,True,2.233356830998673,10,0,8.606666666666667,6.0,18,True,True,False,True,True,sudoku_explainer,super,modified
2669555309,super-no.2,11,1500,True,1.0989711470028851,9,0,9.133333333333333,6.0,18,True,True,False,True,True,sudoku_explainer,super,modified
2046530742,super-no.2,1501,225000,False,179.94189696399553,7,2,9.493333333333334,6.0,18,True,True,False,True,True,sudoku_explainer,super,modified
3581440988,super-no.2,1501,225000,False,178.54555650500697,10,2,9.38,6.0,18,True,True,False,True,True,sudoku_explainer,super,modified
1691623607,super-no.2,165,24600,True,19.132942338997964,10,0,9.48,6.0,18,True,True,False,True,True,sudoku_explainer,super,modified
2099784219,super-no.2,12,1650,True,1.2198508459987352,13,0,10.086666666666666,6.0,18,True,True,False,True,True,sudoku_explainer,super,modified
1184028159,super-no.2,10,1350,True,1.0094584859907627,11,0,10.106666666666667,6.5,18,True,True,False,True,True,sudoku_explainer,super,modified
862288241,super-no.2,35,5100,True,4.0732805239968,11,0,8.94,6.0,18,True,True,False,True,True,sudoku_explainer,super,modified
1333843299,super-no.2,20,2850,True,2.131914055004017,12,0,8.953333333333333,6.0,18,True,True,False,True,True,sudoku_explainer,super,modified
2170464109,super-no.2,21,3000,True,2.255046345002484,11,0,8.42,6.0,18,True,True,False,True,True,sudoku_explainer,super,modified
3444837047,super-no.3,21,3000,True,2.230840983989765,12,0,9.753333333333334,6.0,18,True,True,False,True,True,sudoku_explainer,super,modified
2669555309,super-no.3,11,1500,True,1.124998001992935,12,0,10.72,8.0,18,True,True,False,True,True,sudoku_explainer,super,modified
2046530742,super-no.3,25,3600,True,2.7620253280038014,11,0,9.853333333333332,6.0,18,True,True,False,True,True,sudoku_explainer,super,modified
3581440988,super-no.3,12,1650,True,1.229873078991659,12,0,9.413333333333334,6.0,18,True,True,False,True,True,sudoku_explainer,super,modified
1691623607,super-no.3,16,2250,True,1.6781284140015489,9,0,8.666666666666666,6.0,18,True,True,False,True,True,sudoku_explainer,super,modified
2099784219,super-no.3,27,3900,True,2.9521008800074924,10,0,8.88,5.0,18,True,True,False,True,True,sudoku_explainer,super,modified
1184028159,super-no.3,107,15900,True,11.897339364004438,11,0,9.153333333333334,6.0,18,True,True,False,True,True,sudoku_explainer,super,modified
862288241,super-no.3,12,1650,True,1.2207125030108728,14,0,10.533333333333331,7.0,18,True,True,False,True,True,sudoku_explainer,super,modified
1333843299,super-no.3,58,8550,True,6.518853569010389,11,0,7.833333333333333,5.0,18,True,True,False,True,True,sudoku_explainer,super,modified
2170464109,super-no.3,12,1650,True,1.2309676399891032,12,0,8.793333333333333,6.0,18,True,True,False,True,True,sudoku_explainer,super,modified
3444837047,super-no.4,10,1350,True,0.9939320779958508,14,0,10.786666666666669,8.0,18,True,True,False,True,True,sudoku_explainer,super,modified
2669555309,super-no.4,8,1050,True,0.7972368290065788,12,0,10.46,7.0,18,True,True,False,True,True,sudoku_explainer,super,modified
2046530742,super-no.4,46,6750,True,5.302501003010548,13,0,9.28,6.0,18,True,True,False,True,True,sudoku_explainer,super,modified
3581440988,super-no.4,10,1350,True,0.99732837099873,10,0,9.246666666666666,6.0,18,True,True,False,True,True,sudoku_explainer,super,modified
1691623607,super-no.4,8,1050,True,0.8200940249953419,12,0,10.68,7.0,18,True,True,False,True,True,sudoku_explainer,super,modified
2099784219,super-no.4,8,1050,True,0.7796613339887699,12,0,10.653333333333334,7.0,18,True,True,False,True,True,sudoku_explainer,super,modified
1184028159,super-no.4,7,900,True,0.657348164007999,13,0,11.066666666666666,8.0,18,True,True,False,True,True,sudoku_explainer,super,modified
862288241,super-no.4,9,1200,True,0.9041821290011284,13,0,8.16,6.0,18,True,True,False,True,True,sudoku_explainer,super,modified
1333843299,super-no.4,1501,225000,False,187.6978320049966,10,2,8.593333333333334,6.0,18,True,True,False,True,True,sudoku_explainer,super,modified
2170464109,super-no.4,13,1800,True,1.3631404109910363,12,0,9.033333333333331,6.0,18,True,True,False,True,True,sudoku_explainer,super,modified
3444837047,super-no.5,1501,225000,False,170.30165910399228,8,2,9.293333333333331,6.0,18,True,True,False,True,True,sudoku_explainer,super,modified
2669555309,super-no.5,1002,150150,True,116.53222938299588,10,0,8.766666666666667,6.0,18,True,True,False,True,True,sudoku_explainer,super,modified
2046530742,super-no.5,1501,225000,False,168.20067378200474,9,2,8.48,5.0,18,True,True,False,True,True,sudoku_explainer,super,modified
3581440988,super-no.5,11,1500,True,1.083300166996196,10,0,9.653333333333334,6.0,18,True,True,False,True,True,sudoku_explainer,super,modified
1691623607,super-no.5,41,6000,True,4.7393917289882666,10,0,9.22,5.5,18,True,True,False,True,True,sudoku_explainer,super,modified
2099784219,super-no.5,58,8550,True,6.571799966011895,10,0,8.566666666666666,6.0,18,True,True,False,True,True,sudoku_explainer,super,modified
1184028159,super-no.5,11,1500,True,1.1372695730096891,13,0,9.78,6.0,18,True,True,False,True,True,sudoku_explainer,super,modified
862288241,super-no.5,1107,165900,True,129.49970281298738,11,0,9.586666666666666,6.0,18,True,True,False,True,True,sudoku_explainer,super,modified
1333843299,super-no.5,1501,225000,False,168.22915198099508,11,2,8.42,5.0,18,True,True,False,True,True,sudoku_explainer,super,modified
2170464109,super-no.5,18,2550,True,1.8966116619994864,11,0,8.346666666666666,5.0,18,True,True,False,True,True,sudoku_explainer,super,modified
3444837047,super-no.6,18,2550,True,1.9338768400048136,10,0,9.153333333333334,6.0,18,True,True,False,True,True,sudoku_explainer,super,modified
2669555309,super-no.6,1501,225000,False,183.3557052910037,10,2,8.873333333333333,6.0,18,True,True,False,True,True,sudoku_explainer,super,modified
2046530742,super-no.6,1501,225000,False,188.86773872599588,8,2,8.833333333333334,6.0,18,True,True,False,True,True,sudoku_explainer,super,modified
3581440988,super-no.6,8,1050,True,0.7585228340030881,13,0,11.146666666666668,9.0,18,True,True,False,True,True,sudoku_explainer,super,modified
1691623607,super-no.6,1501,225000,False,192.24751842099067,8,2,9.013333333333334,6.0,18,True,True,False,True,True,sudoku_explainer,super,modified
2099784219,super-no.6,1501,225000,False,191.2078405270004,9,2,8.893333333333333,5.0,18,True,True,False,True,True,sudoku_explainer,super,modified
1184028159,super-no.6,1501,225000,False,190.3271101069986,8,2,8.873333333333333,6.0,18,True,True,False,True,True,sudoku_explainer,super,modified
862288241,super-no.6,1501,225000,False,188.39688299300903,9,2,9.186666666666667,6.0,18,True,True,False,True,True,sudoku_explainer,super,modified
1333843299,super-no.6,17,2400,True,1.8651778519997608,12,0,9.606666666666667,6.0,18,True,True,False,True,True,sudoku_explainer,super,modified
2170464109,super-no.6,9,1200,True,0.8747560850024456,11,0,9.113333333333332,6.0,18,True,True,False,True,True,sudoku_explainer,super,modified
3444837047,super-no.7,97,14400,True,11.347412453993456,10,0,8.666666666666666,5.0,18,True,True,False,True,True,sudoku_explainer,super,modified
2669555309,super-no.7,11,1500,True,1.1588432310090866,11,0,10.926666666666666,8.0,18,True,True,False,True,True,sudoku_explainer,super,modified
2046530742,super-no.7,332,49650,True,38.20696757499536,10,0,9.593333333333334,6.0,18,True,True,False,True,True,sudoku_explainer,super,modified
3581440988,super-no.7,214,31950,True,24.589240824992885,8,0,8.513333333333334,6.0,18,True,True,False,True,True,sudoku_explainer,super,modified
1691623607,super-no.7,1501,225000,False,172.07204376300797,9,2,8.933333333333334,6.0,18,True,True,False,True,True,sudoku_explainer,super,modified
2099784219,super-no.7,354,52950,True,40.01326685700042,10,0,8.366666666666667,5.0,18,True,True,False,True,True,sudoku_explainer,super,modified
1184028159,super-no.7,12,1650,True,1.242517909995513,12,0,11.413333333333334,9.0,18,True,True,False,True,True,sudoku_explainer,super,modified
862288241,super-no.7,369,55200,True,42.95840748099727,12,0,7.753333333333333,5.0,18,True,True,False,True,True,sudoku_explainer,super,modified
1333843299,super-no.7,22,3150,True,2.3792414179915795,12,0,8.126666666666667,5.0,18,True,True,False,True,True,sudoku_explainer,super,modified
2170464109,super-no.7,21,3000,True,2.3369252369884634,9,0,8.9,6.0,18,True,True,False,True,True,sudoku_explainer,super,modified
3444837047,super-no.8,8,1050,True,0.8102276529971277,12,0,8.52,6.0,18,True,True,False,True,True,sudoku_explainer,super,modified
2669555309,super-no.8,11,1500,True,1.08907127600105,11,0,8.38,5.0,18,True,True,False,True,True,sudoku_explainer,super,modified
2046530742,super-no.8,77,11400,True,9.34648531100538,11,0,8.033333333333333,5.0,18,True,True,False,True,True,sudoku_explainer,super,modified
3581440988,super-no.8,10,1350,True,1.0041238630074076,10,0,9.106666666666667,6.0,18,True,True,False,True,True,sudoku_explainer,super,modified
1691623607,super-no.8,9,1200,True,0.8974309729965171,12,0,9.213333333333331,6.0,18,True,True,False,True,True,sudoku_explainer,super,modified
2099784219,super-no.8,8,1050,True,0.7228183740080567,12,0,8.046666666666667,6.0,18,True,True,False,True,True,sudoku_explainer,super,modified
1184028159,super-no.8,59,8700,True,7.101903321992722,12,0,8.973333333333333,5.5,18,True,True,False,True,True,sudoku_explainer,super,modified
862288241,super-no.8,7,900,True,0.6430488879996119,12,0,10.346666666666666,7.0,18,True,True,False,True,True,sudoku_explainer,super,modified
1333843299,super-no.8,8,1050,True,0.7500361049897037,11,0,9.973333333333333,6.5,18,True,True,False,True,True,sudoku_explainer,super,modified
2170464109,super-no.8,11,1500,True,1.163438818010036,10,0,8.26,5.0,18,True,True,False,True,True,sudoku_explainer,super,modified
3444837047,super-no.9,18,2550,True,1.922244953995687,9,0,7.866666666666666,5.0,18,True,True,False,True,True,sudoku_explainer,super,modified
2669555309,super-no.9,1501,225000,False,180.10144430299988,9,2,9.26,6.0,18,True,True,False,True,True,sudoku_explainer,super,modified
2046530742,super-no.9,786,117750,True,91.82250337999722,13,0,8.546666666666667,6.0,18,True,True,False,True,True,sudoku_explainer,super,modified
3581440988,super-no.9,71,10500,True,8.124979222004185,11,0,8.58,5.0,18,True,True,False,True,True,sudoku_explainer,super,modified
1691623607,super-no.9,62,9150,True,7.161821574001806,11,0,8.713333333333333,5.0,18,True,True,False,True,True,sudoku_explainer,super,modified
2099784219,super-no.9,30,4350,True,3.153420440998161,11,0,8.96,5.0,18,True,True,False,True,True,sudoku_explainer,super,modified
1184028159,super-no.9,13,1800,True,1.352495462007937,10,0,9.266666666666667,6.0,18,True,True,False,True,True,sudoku_explainer,super,modified
862288241,super-no.9,20,2850,True,2.163937563993386,10,0,8.62,6.0,18,True,True,False,True,True,sudoku_explainer,super,modified
1333843299,super-no.9,1501,225000,False,174.05229884499568,8,2,8.426666666666666,5.0,18,True,True,False,True,True,sudoku_explainer,super,modified
2170464109,super-no.9,1501,225000,False,177.92334540300362,9,2,8.74,5.0,18,True,True,False,True,True,sudoku_explainer,super,modified
3444837047,super-no.10,1501,225000,False,172.86112447301275,10,2,9.0,5.5,18,True,True,False,True,True,sudoku_explainer,super,modified
2669555309,super-no.10,1501,225000,False,168.48891003300378,10,2,8.866666666666667,6.0,18,True,True,False,True,True,sudoku_explainer,super,modified
2046530742,super-no.10,20,2850,True,2.155892301001586,12,0,7.98,5.0,18,True,True,False,True,True,sudoku_explainer,super,modified
3581440988,super-no.10,1501,225000,False,172.70116926799528,8,2,9.366666666666667,6.0,18,True,True,False,True,True,sudoku_explainer,super,modified
1691623607,super-no.10,1501,225000,False,171.17482763600128,7,2,8.64,5.0,18,True,True,False,True,True,sudoku_explainer,super,modified
2099784219,super-no.10,1501,225000,False,170.93360935799137,10,2,8.933333333333334,6.0,18,True,True,False,True,True,sudoku_explainer,super,modified
1184028159,super-no.10,1501,225000,False,171.26669770100852,8,2,9.22,6.0,18,True,True,False,True,True,sudoku_explainer,super,modified
862288241,super-no.10,1501,225000,False,171.599210535991,7,2,9.1,6.0,18,True,True,False,True,True,sudoku_explainer,super,modified
1333843299,super-no.10,14,1950,True,1.4459955589991296,12,0,9.86,6.0,18,True,True,False,True,True,sudoku_explainer,super,modified
2170464109,super-no.10,1501,225000,False,172.42576397499943,9,2,9.34,5.0,18,True,True,False,True,True,sudoku_explainer,super,modified
3444837047,advance-no.1,1501,225000,False,174.97345308199874,10,2,9.88,6.0,18,True,True,False,True,True,sudoku_explainer,advance,modified
2669555309,advance-no.1,1501,225000,False,177.0348956270027,9,2,8.16,5.0,18,True,True,False,True,True,sudoku_explainer,advance,modified
2046530742,advance-no.1,1501,225000,False,173.92991705000168,11,2,8.753333333333334,5.0,18,True,True,False,True,True,sudoku_explainer,advance,modified
3581440988,advance-no.1,17,2400,True,1.7755219920072705,11,0,8.486666666666666,6.0,18,True,True,False,True,True,sudoku_explainer,advance,modified
1691623607,advance-no.1,144,21450,True,16.961069639000925,11,0,9.313333333333333,6.0,18,True,True,False,True,True,sudoku_explainer,advance,modified
2099784219,advance-no.1,1501,225000,False,170.6128287340107,10,2,8.72,5.0,18,True,True,False,True,True,sudoku_explainer,advance,modified
1184028159,advance-no.1,426,63750,True,48.36700695700711,9,0,9.46,5.0,18,True,True,False,True,True,sudoku_explainer,advance,modified
862288241,advance-no.1,142,21150,True,16.599046128001646,10,0,8.553333333333333,6.0,18,True,True,False,True,True,sudoku_explainer,advance,modified
1333843299,advance-no.1,164,24450,True,19.326892832003068,9,0,8.96,5.0,18,True,True,False,True,True,sudoku_explainer,advance,modified
2170464109,advance-no.1,479,71700,True,56.15489511300984,9,0,9.373333333333331,6.0,18,True,True,False,True,True,sudoku_explainer,advance,modified
3444837047,advance-no.2,10,1350,True,0.9822418039984768,12,0,8.44,6.0,18,True,True,False,True,True,sudoku_explainer,advance,modified
2669555309,advance-no.2,17,2400,True,1.818105967991869,12,0,8.653333333333334,6.0,18,True,True,False,True,True,sudoku_explainer,advance,modified
2046530742,advance-no.2,17,2400,True,1.802428470007726,12,0,8.48,5.0,18,True,True,False,True,True,sudoku_explainer,advance,modified
3581440988,advance-no.2,68,10050,True,7.836402436005301,11,0,9.186666666666667,5.5,18,True,True,False,True,True,sudoku_explainer,advance,modified
1691623607,advance-no.2,11,1500,True,1.1246332989976509,11,0,9.12,6.0,18,True,True,False,True,True,sudoku_explainer,advance,modified
2099784219,advance-no.2,263,39300,True,30.519880007996107,11,0,8.886666666666667,6.0,18,True,True,False,True,True,sudoku_explainer,advance,modified
1184028159,advance-no.2,14,1950,True,1.4575344389886595,11,0,9.873333333333331,6.0,18,True,True,False,True,True,sudoku_explainer,advance,modified
862288241,advance-no.2,12,1650,True,1.2044917920138687,12,0,9.126666666666669,6.0,18,True,True,False,True,True,sudoku_explainer,advance,modified
1333843299,advance-no.2,9,1200,True,0.8465768049936742,14,0,9.893333333333333,7.0,18,True,True,False,True,True,sudoku_explainer,advance,modified
2170464109,advance-no.2,1501,225000,False,180.23024566099048,9,2,9.16,5.0,18,True,True,False,True,True,sudoku_explainer,advance,modified
3444837047,advance-no.3,77,11400,True,8.407262948006974,11,0,8.92,5.0,18,True,True,False,True,True,sudoku_explainer,advance,modified
2669555309,advance-no.3,17,2400,True,1.7301598860067315,10,0,8.733333333333333,6.0,18,True,True,False,True,True,sudoku_explainer,advance,modified
2046530742,advance-no.3,36,5250,True,3.8687240879953606,12,0,8.313333333333333,6.0,18,True,True,False,True,True,sudoku_explainer,advance,modified
3581440988,advance-no.3,37,5400,True,3.955520991003141,10,0,8.84,6.0,18,True,True,False,True,True,sudoku_explainer,advance,modified
1691623607,advance-no.3,568,85050,True,63.5505725999974,13,0,9.106666666666667,6.0,18,True,True,False,True,True,sudoku_explainer,advance,modified
2099784219,advance-no.3,798,119550,True,90.6535301660042,11,0,9.833333333333334,6.0,18,True,True,False,True,True,sudoku_explainer,advance,modified
1184028159,advance-no.3,13,1800,True,1.3194158410042292,11,0,9.273333333333332,6.0,18,True,True,False,True,True,sudoku_explainer,advance,modified
862288241,advance-no.3,585,87600,True,66.06918088899693,9,0,8.666666666666666,5.0,18,True,True,False,True,True,sudoku_explainer,advance,modified
1333843299,advance-no.3,10,1350,True,0.9747902779927244,11,0,9.413333333333334,6.0,18,True,True,False,True,True,sudoku_explainer,advance,modified
2170464109,advance-no.3,559,83700,True,61.93766937800683,12,0,9.206666666666669,6.0,18,True,True,False,True,True,sudoku_explainer,advance,modified
3444837047,advance-no.4,21,3000,True,2.2709577509958763,10,0,9.046666666666669,6.0,18,True,True,False,True,True,sudoku_explainer,advance,modified
2669555309,advance-no.4,38,5550,True,4.271243837007205,10,0,8.786666666666667,5.0,18,True,True,False,True,True,sudoku_explainer,advance,modified
2046530742,advance-no.4,251,37500,True,29.14636640499521,12,0,8.346666666666666,5.0,18,True,True,False,True,True,sudoku_explainer,advance,modified
3581440988,advance-no.4,1501,225000,False,186.2822579369968,10,2,9.1,6.0,18,True,True,False,True,True,sudoku_explainer,advance,modified
1691623607,advance-no.4,59,8700,True,6.688211970002158,13,0,8.926666666666666,5.0,18,True,True,False,True,True,sudoku_explainer,advance,modified
2099784219,advance-no.4,1501,225000,False,181.7874772149953,9,2,9.193333333333332,6.0,18,True,True,False,True,True,sudoku_explainer,advance,modified
1184028159,advance-no.4,1501,225000,False,179.67683539001155,10,2,8.72,5.0,18,True,True,False,True,True,sudoku_explainer,advance,modified
862288241,advance-no.4,12,1650,True,1.2247212439979194,11,0,10.566666666666666,7.0,18,True,True,False,True,True,sudoku_explainer,advance,modified
1333843299,advance-no.4,1501,225000,False,186.23017643099595,9,2,9.293333333333331,6.0,18,True,True,False,True,True,sudoku_explainer,advance,modified
2170464109,advance-no.4,1501,225000,False,182.71978775000025,10,2,8.3,5.0,18,True,True,False,True,True,sudoku_explainer,advance,modified
3444837047,advance-no.5,1501,225000,False,187.6659288460069,11,2,8.326666666666666,5.0,18,True,True,False,True,True,sudoku_explainer,advance,modified
2669555309,advance-no.5,9,1200,True,0.8814415090018883,13,0,10.086666666666666,7.0,18,True,True,False,True,True,sudoku_explainer,advance,modified
2046530742,advance-no.5,10,1350,True,0.9689573689975076,12,0,10.9,7.5,18,True,True,False,True,True,sudoku_explainer,advance,modified
3581440988,advance-no.5,16,2250,True,1.683998918000725,12,0,8.693333333333333,5.0,18,True,True,False,True,True,sudoku_explainer,advance,modified
1691623607,advance-no.5,1501,225000,False,186.6533908979909,10,2,8.306666666666667,5.0,18,True,True,False,True,True,sudoku_explainer,advance,modified
2099784219,advance-no.5,71,10500,True,8.22292249200109,11,0,8.906666666666666,6.0,18,True,True,False,True,True,sudoku_explainer,advance,modified
1184028159,advance-no.5,7,900,True,0.7118496250041062,13,0,10.04,6.0,18,True,True,False,True,True,sudoku_explainer,advance,modified
862288241,advance-no.5,1501,225000,False,184.06061468599364,11,2,8.593333333333334,6.0,18,True,True,False,True,True,sudoku_explainer,advance,modified
1333843299,advance-no.5,896,134250,True,104.77182396300486,10,0,8.98,6.0,18,True,True,False,True,True,sudoku_explainer,advance,modified
2170464109,advance-no.5,15,2100,True,1.584559092996642,11,0,9.533333333333331,6.0,18,True,True,False,True,True,sudoku_explainer,advance,modified
3444837047,advance-no.6,78,11550,True,8.363928516992019,11,0,7.846666666666667,5.0,18,True,True,False,True,True,sudoku_explainer,advance,modified
2669555309,advance-no.6,465,69600,True,51.20928949600784,11,0,8.106666666666667,5.0,18,True,True,False,True,True,sudoku_explainer,advance,modified
2046530742,advance-no.6,201,30000,True,21.635111398994923,11,0,8.573333333333334,5.0,18,True,True,False,True,True,sudoku_explainer,advance,modified
3581440988,advance-no.6,13,1800,True,1.2816656909999438,11,0,8.513333333333334,5.0,18,True,True,False,True,True,sudoku_explainer,advance,modified
1691623607,advance-no.6,1501,225000,False,179.31095646100584,9,2,8.166666666666666,5.0,18,True,True,False,True,True,sudoku_explainer,advance,modified
2099784219,advance-no.6,37,5400,True,4.101078022998991,10,0,8.566666666666666,5.0,18,True,True,False,True,True,sudoku_explainer,advance,modified
1184028159,advance-no.6,138,20550,True,14.828771143002086,11,0,8.706666666666667,5.0,18,True,True,False,True,True,sudoku_explainer,advance,modified
862288241,advance-no.6,11,1500,True,1.0632139929948607,10,0,9.98,6.0,18,True,True,False,True,True,sudoku_explainer,advance,modified
1333843299,advance-no.6,1501,225000,False,172.8782163480064,10,2,9.013333333333334,6.0,18,True,True,False,True,True,sudoku_explainer,advance,modified
2170464109,advance-no.6,1501,225000,False,169.16328435900505,8,2,9.293333333333331,6.0,18,True,True,False,True,True,sudoku_explainer,advance,modified
3444837047,advance-no.7,42,6150,True,4.662484212007257,8,0,8.68,5.0,18,True,True,False,True,True,sudoku_explainer,advance,modified
2669555309,advance-no.7,49,7200,True,5.371498878012062,11,0,8.433333333333334,5.0,18,True,True,False,True,True,sudoku_explainer,advance,modified
2046530742,advance-no.7,38,5550,True,4.162584341000184,12,0,8.38,5.5,18,True,True,False,True,True,sudoku_explainer,advance,modified
3581440988,advance-no.7,385,57600,True,43.05294585399679,11,0,8.166666666666666,5.0,18,True,True,False,True,True,sudoku_explainer,advance,modified
1691623607,advance-no.7,754,112950,True,97.74510559398914,9,0,8.66,5.0,18,True,True,False,True,True,sudoku_explainer,advance,modified
2099784219,advance-no.7,1501,225000,False,152.69466705599916,7,2,8.886666666666667,6.0,18,True,True,False,True,True,sudoku_explainer,advance,modified
1184028159,advance-no.7,24,3450,True,3.034026401990559,11,0,8.68,5.0,18,True,True,False,True,True,sudoku_explainer,advance,modified
862288241,advance-no.7,556,83250,True,74.9493638700078,12,0,8.68,5.0,18,True,True,False,True,True,sudoku_explainer,advance,modified
1333843299,advance-no.7,348,52050,True,48.48839914600831,12,0,9.2,5.5,18,True,True,False,True,True,sudoku_explainer,advance,modified
2170464109,advance-no.7,61,9000,True,9.737720238990732,10,0,8.76,5.0,18,True,True,False,True,True,sudoku_explainer,advance,modified
3444837047,advance-no.8,14,1950,True,2.0274414220039034,13,0,8.093333333333334,6.0,18,True,True,False,True,True,sudoku_explainer,advance,modified
2669555309,advance-no.8,12,1650,True,1.5436265070020454,12,0,11.993333333333334,17.0,18,True,True,False,True,True,sudoku_explainer,advance,modified
2046530742,advance-no.8,16,2250,True,2.0000650200090604,11,0,8.226666666666667,5.0,18,True,True,False,True,True,sudoku_explainer,advance,modified
3581440988,advance-no.8,13,1800,True,1.6683121010137256,13,0,9.84,6.0,18,True,True,False,True,True,sudoku_explainer,advance,modified
1691623607,advance-no.8,24,3450,True,3.307663900006446,10,0,8.44,5.0,18,True,True,False,True,True,sudoku_explainer,advance,modified
2099784219,advance-no.8,19,2700,True,2.646975094001391,12,0,7.76,5.0,18,True,True,False,True,True,sudoku_explainer,advance,modified
1184028159,advance-no.8,13,1800,True,1.7410384260001592,11,0,9.206666666666669,6.0,18,True,True,False,True,True,sudoku_explainer,advance,modified
862288241,advance-no.8,21,3000,True,3.049790088000009,9,0,8.1,5.0,18,True,True,False,True,True,sudoku_explainer,advance,modified
1333843299,advance-no.8,17,2400,True,2.175420713989297,9,0,9.06,6.0,18,True,True,False,True,True,sudoku_explainer,advance,modified
2170464109,advance-no.8,16,2250,True,1.9073024789977355,11,0,7.68,5.0,18,True,True,False,True,True,sudoku_explainer,advance,modified
3444837047,advance-no.9,9,1200,True,1.0938607199932449,11,0,10.46,7.0,18,True,True,False,True,True,sudoku_explainer,advance,modified
2669555309,advance-no.9,10,1350,True,1.0858027139911428,12,0,10.953333333333331,8.0,18,True,True,False,True,True,sudoku_explainer,advance,modified
2046530742,advance-no.9,8,1050,True,0.829218254002626,12,0,10.8,8.0,18,True,True,False,True,True,sudoku_explainer,advance,modified
3581440988,advance-no.9,1501,225000,False,131.05927210500522,10,2,9.22,6.0,18,True,True,False,True,True,sudoku_explainer,advance,modified
1691623607,advance-no.9,651,97500,True,71.0695200409973,11,0,9.766666666666667,6.0,18,True,True,False,True,True,sudoku_explainer,advance,modified
2099784219,advance-no.9,93,13800,True,12.698466410991388,11,0,8.806666666666667,6.0,18,True,True,False,True,True,sudoku_explainer,advance,modified
1184028159,advance-no.9,9,1200,True,0.9126709090051008,13,0,11.186666666666667,9.0,18,True,True,False,True,True,sudoku_explainer,advance,modified
862288241,advance-no.9,21,3000,True,2.538321151994751,11,0,8.52,6.0,18,True,True,False,True,True,sudoku_explainer,advance,modified
1333843299,advance-no.9,587,87900,True,64.44827530000475,11,0,8.893333333333333,6.0,18,True,True,False,True,True,sudoku_explainer,advance,modified
2170464109,advance-no.9,10,1350,True,1.2735939279955346,11,0,10.46,7.0,18,True,True,False,True,True,sudoku_explainer,advance,modified
3444837047,advance-no.10,12,1650,True,1.3445379339973442,10,0,9.173333333333334,6.0,18,True,True,False,True,True,sudoku_explainer,advance,modified
2669555309,advance-no.10,59,8700,True,8.015228973003104,11,0,8.5,5.5,18,True,True,False,True,True,sudoku_explainer,advance,modified
2046530742,advance-no.10,1501,225000,False,126.33369980000134,8,2,9.693333333333332,6.0,18,True,True,False,True,True,sudoku_explainer,advance,modified
3581440988,advance-no.10,121,18000,True,16.304592586995568,11,0,8.706666666666667,6.0,18,True,True,False,True,True,sudoku_explainer,advance,modified
1691623607,advance-no.10,12,1650,True,1.3963847579871072,12,0,8.48,5.5,18,True,True,False,True,True,sudoku_explainer,advance,modified
2099784219,advance-no.10,308,46050,True,36.023535880987765,9,0,9.1,5.0,18,True,True,False,True,True,sudoku_explainer,advance,modified
1184028159,advance-no.10,8,1050,True,0.9257050929882098,13,0,10.293333333333331,7.0,18,True,True,False,True,True,sudoku_explainer,advance,modified
862288241,advance-no.10,132,19650,True,17.193392407993088,12,0,9.733333333333333,6.0,18,True,True,False,True,True,sudoku_explainer,advance,modified
1333843299,advance-no.10,1501,225000,False,115.83168069100066,9,2,8.673333333333334,5.0,18,True,True,False,True,True,sudoku_explainer,advance,modified
2170464109,advance-no.10,9,1200,True,1.0080444490013178,11,0,10.253333333333334,7.0,18,True,True,False,True,True,sudoku_explainer,advance,modified
3444837047,4276175294,6,750,True,7.944027611010824,12,0,10.673333333333334,7.0,18,True,True,False,True,True,websudoku,easy,modified
2669555309,4276175294,6,750,True,7.897492994001368,11,0,11.886666666666668,9.5,18,True,True,False,True,True,websudoku,easy,modified
2046530742,4276175294,6,750,True,7.974576540000271,13,0,10.88,8.0,18,True,True,False,True,True,websudoku,easy,modified
3581440988,4276175294,5,600,True,8.011450541001977,13,0,11.386666666666668,9.0,18,True,True,False,True,True,websudoku,easy,modified
1691623607,4276175294,8,1050,True,8.20961826700659,12,0,9.353333333333332,6.0,18,True,True,False,True,True,websudoku,easy,modified
2099784219,4276175294,7,900,True,8.01771523700154,11,0,10.44,7.0,18,True,True,False,True,True,websudoku,easy,modified
1184028159,4276175294,6,750,True,8.094289282991667,12,0,10.546666666666669,8.0,18,True,True,False,True,True,websudoku,easy,modified
862288241,4276175294,9,1200,True,8.394720053998753,13,0,10.966666666666669,8.0,18,True,True,False,True,True,websudoku,easy,modified
1333843299,4276175294,5,600,True,7.705204397003399,14,0,11.28,8.0,18,True,True,False,True,True,websudoku,easy,modified
2170464109,4276175294,5,600,True,7.84343866299605,12,0,12.6,14.0,18,True,True,False,True,True,websudoku,easy,modified
3444837047,4197785698,6,750,True,7.824113407012192,13,0,9.493333333333334,6.0,18,True,True,False,True,True,websudoku,easy,modified
2669555309,4197785698,5,600,True,7.7329864889907185,13,0,11.213333333333331,8.5,18,True,True,False,True,True,websudoku,easy,modified
2046530742,4197785698,5,600,True,7.920348110987106,13,0,10.173333333333334,7.0,18,True,True,False,True,True,websudoku,easy,modified
3581440988,4197785698,5,600,True,7.769334458993399,12,0,9.72,6.0,18,True,True,False,True,True,websudoku,easy,modified
1691623607,4197785698,6,750,True,0.6038334790064255,10,0,10.64,7.0,18,True,True,False,True,True,websudoku,easy,modified
2099784219,4197785698,5,600,True,0.4471989720041165,13,0,11.293333333333331,8.5,18,True,True,False,True,True,websudoku,easy,modified
1184028159,4197785698,5,600,True,0.4477397500013467,11,0,11.086666666666666,8.0,18,True,True,False,True,True,websudoku,easy,modified
862288241,4197785698,6,750,True,0.5554127259965753,12,0,10.14,6.5,18,True,True,False,True,True,websudoku,easy,modified
1333843299,4197785698,6,750,True,0.5612505900062388,10,0,9.566666666666666,6.0,18,True,True,False,True,True,websudoku,easy,modified
2170464109,4197785698,5,600,True,0.4606225949974032,12,0,10.86,8.0,18,True,True,False,True,True,websudoku,easy,modified
3444837047,2432742616,9,1200,True,0.7859224319981877,13,0,10.486666666666666,7.5,18,True,True,False,True,True,websudoku,medium,modified
2669555309,2432742616,15,2100,True,1.21057491999818,12,0,9.193333333333332,6.0,18,True,True,False,True,True,websudoku,medium,modified
2046530742,2432742616,5,600,True,0.4623773670027731,12,0,11.506666666666666,9.0,18,True,True,False,True,True,websudoku,medium,modified
3581440988,2432742616,7,900,True,0.5972205779980868,13,0,11.06,8.0,18,True,True,False,True,True,websudoku,medium,modified
1691623607,2432742616,12,1650,True,0.9430300569947576,10,0,10.02,6.0,18,True,True,False,True,True,websudoku,medium,modified
2099784219,2432742616,15,2100,True,1.1563539459893946,10,0,7.966666666666667,5.0,18,True,True,False,True,True,websudoku,medium,modified
1184028159,2432742616,10,1350,True,0.7694723909953609,10,0,10.54,7.0,18,True,True,False,True,True,websudoku,medium,modified
862288241,2432742616,10,1350,True,0.6971824460051721,10,0,9.266666666666667,6.0,18,True,True,False,True,True,websudoku,medium,modified
1333843299,2432742616,15,2100,True,1.01890199900663,10,0,8.773333333333333,5.0,18,True,True,False,True,True,websudoku,medium,modified
2170464109,2432742616,10,1350,True,0.6985658790072193,8,0,9.246666666666666,6.0,18,True,True,False,True,True,websudoku,medium,modified
3444837047,1195098050,9,1200,True,7.852557086996967,12,0,8.76,5.0,18,True,True,False,True,True,websudoku,medium,modified
2669555309,1195098050,215,32100,True,35.64294677499856,10,0,8.493333333333334,5.0,18,True,True,False,True,True,websudoku,medium,modified
2046530742,1195098050,11,1500,True,8.303967466999893,13,0,10.053333333333333,6.0,18,True,True,False,True,True,websudoku,medium,modified
3581440988,1195098050,32,4650,True,10.737983395010815,10,0,9.026666666666667,6.0,18,True,True,False,True,True,websudoku,medium,modified
1691623607,1195098050,1501,225000,False,196.62315907400625,9,2,8.753333333333334,6.0,18,True,True,False,True,True,websudoku,medium,modified
2099784219,1195098050,8,1050,True,7.753913709995686,12,0,9.606666666666667,6.0,18,True,True,False,True,True,websudoku,medium,modified
1184028159,1195098050,9,1200,True,7.811434011993697,11,0,8.586666666666666,6.0,18,True,True,False,True,True,websudoku,medium,modified
862288241,1195098050,1501,225000,False,196.64396459099953,8,2,8.78,6.0,18,True,True,False,True,True,websudoku,medium,modified
1333843299,1195098050,11,1500,True,8.215019120994839,13,0,8.98,6.0,18,True,True,False,True,True,websudoku,medium,modified
2170464109,1195098050,13,1800,True,8.27896145900013,11,0,8.113333333333333,5.0,18,True,True,False,True,True,websudoku,medium,modified
3444837047,2152823431,483,72300,True,64.26920900298865,11,0,8.8,6.0,18,True,True,False,True,True,websudoku,medium,modified
2669555309,2152823431,10,1350,True,7.9423886650038185,14,0,10.54,7.0,18,True,True,False,True,True,websudoku,medium,modified
2046530742,2152823431,11,1500,True,8.098262120998697,10,0,9.093333333333334,6.0,18,True,True,False,True,True,websudoku,medium,modified
3581440988,2152823431,177,26400,True,29.26508461299818,11,0,8.966666666666667,5.0,18,True,True,False,True,True,websudoku,medium,modified
1691623607,2152823431,50,7350,True,6.138689317012904,12,0,7.8133333333333335,5.0,18,True,True,False,True,True,websudoku,medium,modified
2099784219,2152823431,864,129450,True,101.51360335900972,8,0,8.306666666666667,5.0,18,True,True,False,True,True,websudoku,medium,modified
1184028159,2152823431,24,3450,True,2.688676268007839,10,0,9.713333333333333,6.0,18,True,True,False,True,True,websudoku,medium,modified
862288241,2152823431,200,29850,True,24.791660875009256,11,0,7.913333333333333,5.0,18,True,True,False,True,True,websudoku,medium,modified
1333843299,2152823431,70,10350,True,8.291008241998497,13,0,8.106666666666667,5.0,18,True,True,False,True,True,websudoku,medium,modified
2170464109,2152823431,25,3600,True,2.877738926006714,12,0,9.486666666666666,6.0,18,True,True,False,True,True,websudoku,medium,modified
3444837047,2372227873,28,4050,True,3.252552135003498,12,0,9.466666666666667,6.0,18,True,True,False,True,True,websudoku,medium,modified
2669555309,2372227873,31,4500,True,3.6310024140111636,9,0,9.273333333333333,6.0,18,True,True,False,True,True,websudoku,medium,modified
2046530742,2372227873,20,2850,True,2.450812880008016,10,0,8.62,5.0,18,True,True,False,True,True,websudoku,medium,modified
3581440988,2372227873,20,2850,True,2.4893779550038744,9,0,8.453333333333333,5.0,18,True,True,False,True,True,websudoku,medium,modified
1691623607,2372227873,12,1650,True,1.6127150539978174,10,0,8.013333333333334,5.0,18,True,True,False,True,True,websudoku,medium,modified
2099784219,2372227873,20,2850,True,2.5833428540063323,11,0,7.78,5.0,18,True,True,False,True,True,websudoku,medium,modified
1184028159,2372227873,5,600,True,0.606842774010147,13,0,12.446666666666667,10.0,18,True,True,False,True,True,websudoku,medium,modified
862288241,2372227873,51,7500,True,6.462418309005443,9,0,8.833333333333334,6.0,18,True,True,False,True,True,websudoku,medium,modified
1333843299,2372227873,1116,167250,True,136.60311009299767,9,0,8.04,5.0,18,True,True,False,True,True,websudoku,medium,modified
2170464109,2372227873,15,2100,True,1.7929780209960882,13,0,9.526666666666667,6.0,18,True,True,False,True,True,websudoku,medium,modified
3444837047,1490459242,638,95550,True,83.11796291600331,12,0,8.98,6.0,18,True,True,False,True,True,websudoku,medium,modified
2669555309,1490459242,1501,225000,False,187.4415580969944,9,2,8.926666666666666,5.5,18,True,True,False,True,True,websudoku,medium,modified
2046530742,1490459242,8,1050,True,0.8812076119938865,12,0,11.513333333333334,8.5,18,True,True,False,True,True,websudoku,medium,modified
3581440988,1490459242,6,750,True,0.5848216050071642,14,0,11.5,8.5,18,True,True,False,True,True,websudoku,medium,modified
1691623607,1490459242,1501,225000,False,197.149507626993,8,2,8.64,5.0,18,True,True,False,True,True,websudoku,medium,modified
2099784219,1490459242,12,1650,True,1.3291434109996771,11,0,8.866666666666667,6.0,18,True,True,False,True,True,websudoku,medium,modified
1184028159,1490459242,8,1050,True,0.783527856998262,12,0,10.84,7.5,18,True,True,False,True,True,websudoku,medium,modified
862288241,1490459242,109,16200,True,14.883997222001199,12,0,8.6,5.0,18,True,True,False,True,True,websudoku,medium,modified
1333843299,1490459242,1501,225000,False,189.16152202399098,6,2,9.006666666666666,5.5,18,True,True,False,True,True,websudoku,medium,modified
2170464109,1490459242,13,1800,True,1.5072626450128155,11,0,8.346666666666666,6.0,18,True,True,False,True,True,websudoku,medium,modified
3444837047,easy-no.5,1296,194250,True,159.89708154099935,11,0,9.26,6.0,18,True,True,False,True,True,sudoku_explainer,easy,modified
2669555309,easy-no.5,1501,225000,False,186.73609960699105,10,2,8.62,5.0,18,True,True,False,True,True,sudoku_explainer,easy,modified
2046530742,easy-no.5,12,1650,True,1.2606553619989427,12,0,9.106666666666667,6.0,18,True,True,False,True,True,sudoku_explainer,easy,modified
3581440988,easy-no.5,22,3150,True,2.448800949001452,10,0,8.606666666666667,6.0,18,True,True,False,True,True,sudoku_explainer,easy,modified
1691623607,easy-no.5,40,5850,True,4.7435697140026605,11,0,9.313333333333333,5.5,18,True,True,False,True,True,sudoku_explainer,easy,modified
2099784219,easy-no.5,12,1650,True,1.2910286350088427,11,0,8.34,5.0,18,True,True,False,True,True,sudoku_explainer,easy,modified
1184028159,easy-no.5,16,2250,True,1.7817686659982428,12,0,9.566666666666666,6.0,18,True,True,False,True,True,sudoku_explainer,easy,modified
862288241,easy-no.5,144,21450,True,17.19080295499589,11,0,8.733333333333333,5.0,18,True,True,False,True,True,sudoku_explainer,easy,modified
1333843299,easy-no.5,9,1200,True,0.9056974970008014,12,0,10.193333333333333,7.0,18,True,True,False,True,True,sudoku_explainer,easy,modified
2170464109,easy-no.5,7,900,True,0.7025301889952971,12,0,11.66,9.5,18,True,True,False,True,True,sudoku_explainer,easy,modified
3444837047,easy-no.6,1501,225000,False,178.99670418500318,12,2,8.686666666666667,5.0,18,True,True,False,True,True,sudoku_explainer,easy,modified
2669555309,easy-no.6,1501,225000,False,174.64895966900804,9,2,8.826666666666666,5.5,18,True,True,False,True,True,sudoku_explainer,easy,modified
2046530742,easy-no.6,91,13500,True,10.291973062005127,10,0,8.446666666666667,5.0,18,True,True,False,True,True,sudoku_explainer,easy,modified
3581440988,easy-no.6,161,24000,True,17.80514398799278,12,0,8.133333333333333,5.0,18,True,True,False,True,True,sudoku_explainer,easy,modified
1691623607,easy-no.6,1501,225000,False,170.31693778799672,8,2,8.173333333333334,6.0,18,True,True,False,True,True,sudoku_explainer,easy,modified
2099784219,easy-no.6,123,18300,True,14.64384190099372,10,0,8.653333333333334,5.0,18,True,True,False,True,True,sudoku_explainer,easy,modified
1184028159,easy-no.6,1331,199500,True,151.52938138099853,12,0,9.38,6.0,18,True,True,False,True,True,sudoku_explainer,easy,modified
862288241,easy-no.6,56,8250,True,6.099048297008267,11,0,8.58,5.0,18,True,True,False,True,True,sudoku_explainer,easy,modified
1333843299,easy-no.6,30,4350,True,3.2190273370069917,11,0,8.1,5.0,18,True,True,False,True,True,sudoku_explainer,easy,modified
2170464109,easy-no.6,1501,225000,False,165.88706247200025,10,2,8.186666666666667,5.0,18,True,True,False,True,True,sudoku_explainer,easy,modified
3444837047,easy-no.8,21,3000,True,2.30031192000024,12,0,10.566666666666666,7.0,18,True,True,False,True,True,sudoku_explainer,easy,modified
2669555309,easy-no.8,56,8250,True,6.305169804996694,10,0,8.273333333333333,5.0,18,True,True,False,True,True,sudoku_explainer,easy,modified
2046530742,easy-no.8,1501,225000,False,175.69082626199815,10,2,8.92,6.0,18,True,True,False,True,True,sudoku_explainer,easy,modified
3581440988,easy-no.8,149,22200,True,17.346142980997683,10,0,7.973333333333334,5.0,18,True,True,False,True,True,sudoku_explainer,easy,modified
1691623607,easy-no.8,1501,225000,False,178.37780199899862,12,2,8.48,5.0,18,True,True,False,True,True,sudoku_explainer,easy,modified
2099784219,easy-no.8,1501,225000,False,179.50893781799823,10,2,9.32,6.0,18,True,True,False,True,True,sudoku_explainer,easy,modified
1184028159,easy-no.8,1501,225000,False,171.99484223101172,8,2,9.186666666666667,5.0,18,True,True,False,True,True,sudoku_explainer,easy,modified
862288241,easy-no.8,158,23550,True,18.638806436007144,9,0,8.0,5.0,18,True,True,False,True,True,sudoku_explainer,easy,modified
1333843299,easy-no.8,1501,225000,False,173.89864864399715,10,2,8.966666666666667,6.0,18,True,True,False,True,True,sudoku_explainer,easy,modified
2170464109,easy-no.8,1284,192450,True,144.56430115200055,12,0,8.833333333333334,5.0,18,True,True,False,True,True,sudoku_explainer,easy,modified
3444837047,easy-no.9,311,46500,True,35.30710361999809,12,0,8.246666666666666,5.0,18,True,True,False,True,True,sudoku_explainer,easy,modified
2669555309,easy-no.9,16,2250,True,1.7722724399936851,9,0,10.066666666666666,6.0,18,True,True,False,True,True,sudoku_explainer,easy,modified
2046530742,easy-no.9,16,2250,True,1.6931348440120928,13,0,8.553333333333333,6.0,18,True,True,False,True,True,sudoku_explainer,easy,modified
3581440988,easy-no.9,51,7500,True,5.830994031013688,11,0,8.106666666666667,5.0,18,True,True,False,True,True,sudoku_explainer,easy,modified
1691623607,easy-no.9,28,4050,True,3.1657657390023815,11,0,8.62,6.0,18,True,True,False,True,True,sudoku_explainer,easy,modified
2099784219,easy-no.9,47,6900,True,5.652700746009941,10,0,9.173333333333334,5.5,18,True,True,False,True,True,sudoku_explainer,easy,modified
1184028159,easy-no.9,100,14850,True,11.83578383299755,9,0,8.993333333333334,6.0,18,True,True,False,True,True,sudoku_explainer,easy,modified
862288241,easy-no.9,22,3150,True,2.5357123400026467,10,0,8.346666666666666,5.0,18,True,True,False,True,True,sudoku_explainer,easy,modified
1333843299,easy-no.9,989,148200,True,114.88997673100675,10,0,8.02,5.0,18,True,True,False,True,True,sudoku_explainer,easy,modified
2170464109,easy-no.9,20,2850,True,2.205026676005218,12,0,9.413333333333334,6.0,18,True,True,False,True,True,sudoku_explainer,easy,modified
3444837047,easy-no.10,15,2100,True,1.6495376389939338,9,0,8.493333333333334,5.0,18,True,True,False,True,True,sudoku_explainer,easy,modified
2669555309,easy-no.10,30,4350,True,3.4905827340116957,12,0,8.573333333333334,6.0,18,True,True,False,True,True,sudoku_explainer,easy,modified
2046530742,easy-no.10,19,2700,True,2.0680150469997898,12,0,8.513333333333334,6.0,18,True,True,False,True,True,sudoku_explainer,easy,modified
3581440988,easy-no.10,1501,225000,False,172.50510539399693,12,2,8.446666666666667,6.0,18,True,True,False,True,True,sudoku_explainer,easy,modified
1691623607,easy-no.10,11,1500,True,1.1243759809876792,13,0,9.94,6.5,18,True,True,False,True,True,sudoku_explainer,easy,modified
2099784219,easy-no.10,37,5400,True,4.051745528995525,11,0,9.106666666666667,6.0,18,True,True,False,True,True,sudoku_explainer,easy,modified
1184028159,easy-no.10,1501,225000,False,176.17864990700036,11,2,8.96,6.0,18,True,True,False,True,True,sudoku_explainer,easy,modified
862288241,easy-no.10,35,5100,True,4.0423053199920105,9,0,8.426666666666666,5.0,18,True,True,False,True,True,sudoku_explainer,easy,modified
1333843299,easy-no.10,1501,225000,False,174.61916648500483,9,2,8.186666666666667,6.0,18,True,True,False,True,True,sudoku_explainer,easy,modified
2170464109,easy-no.10,530,79350,True,61.94511508299911,12,0,8.813333333333333,5.0,18,True,True,False,True,True,sudoku_explainer,easy,modified
3444837047,medium-no.1,15,2100,True,1.5907133590080775,11,0,9.28,6.0,18,True,True,False,True,True,sudoku_explainer,medium,modified
2669555309,medium-no.1,42,6150,True,4.6430418609961635,12,0,8.493333333333334,6.0,18,True,True,False,True,True,sudoku_explainer,medium,modified
2046530742,medium-no.1,15,2100,True,1.596334707995993,11,0,9.726666666666667,6.0,18,True,True,False,True,True,sudoku_explainer,medium,modified
3581440988,medium-no.1,165,24600,True,19.253774772994802,11,0,8.093333333333334,5.0,18,True,True,False,True,True,sudoku_explainer,medium,modified
1691623607,medium-no.1,1071,160500,True,122.1062607629865,11,0,8.96,6.0,18,True,True,False,True,True,sudoku_explainer,medium,modified
2099784219,medium-no.1,20,2850,True,2.25344713999948,11,0,10.28,7.0,18,True,True,False,True,True,sudoku_explainer,medium,modified
1184028159,medium-no.1,76,11250,True,8.870037558008335,9,0,8.286666666666667,5.0,18,True,True,False,True,True,sudoku_explainer,medium,modified
862288241,medium-no.1,346,51750,True,38.80230348800251,12,0,8.6,6.0,18,True,True,False,True,True,sudoku_explainer,medium,modified
1333843299,medium-no.1,320,47850,True,36.26875030901283,12,0,8.1,5.0,18,True,True,False,True,True,sudoku_explainer,medium,modified
2170464109,medium-no.1,33,4800,True,3.619656726004905,10,0,9.106666666666667,6.0,18,True,True,False,True,True,sudoku_explainer,medium,modified
3444837047,medium-no.2,13,1800,True,1.3130879560048925,12,0,9.026666666666667,6.0,18,True,True,False,True,True,sudoku_explainer,medium,modified
2669555309,medium-no.2,1501,225000,False,177.13327984900388,9,2,9.186666666666667,6.0,18,True,True,False,True,True,sudoku_explainer,medium,modified
2046530742,medium-no.2,11,1500,True,1.1571370099991327,13,0,10.553333333333333,7.0,18,True,True,False,True,True,sudoku_explainer,medium,modified
3581440988,medium-no.2,247,36900,True,28.886579358004383,9,0,8.68,5.0,18,True,True,False,True,True,sudoku_explainer,medium,modified
1691623607,medium-no.2,1098,164550,True,130.21839123299287,10,0,8.426666666666666,5.0,18,True,True,False,True,True,sudoku_explainer,medium,modified
2099784219,medium-no.2,145,21600,True,16.832870072990772,10,0,8.9,6.0,18,True,True,False,True,True,sudoku_explainer,medium,modified
1184028159,medium-no.2,46,6750,True,5.171313415994518,10,0,8.8,6.0,18,True,True,False,True,True,sudoku_explainer,medium,modified
862288241,medium-no.2,526,78750,True,59.31323522000457,10,0,8.366666666666667,5.0,18,True,True,False,True,True,sudoku_explainer,medium,modified
1333843299,medium-no.2,9,1200,True,0.8700339810020523,12,0,9.86,6.0,18,True,True,False,True,True,sudoku_explainer,medium,modified
2170464109,medium-no.2,1425,213600,True,162.56078663500375,12,0,8.726666666666667,5.0,18,True,True,False,True,True,sudoku_explainer,medium,modified
3444837047,medium-no.3,176,26250,True,19.744022457001847,12,0,8.0,5.5,18,True,True,False,True,True,sudoku_explainer,medium,modified
2669555309,medium-no.3,31,4500,True,3.6212948600004893,10,0,8.733333333333333,5.0,18,True,True,False,True,True,sudoku_explainer,medium,modified
2046530742,medium-no.3,1501,225000,False,180.1803490040038,11,2,8.62,6.0,18,True,True,False,True,True,sudoku_explainer,medium,modified
3581440988,medium-no.3,1501,225000,False,172.33687589100737,10,2,9.08,6.0,18,True,True,False,True,True,sudoku_explainer,medium,modified
1691623607,medium-no.3,14,1950,True,1.454312108005979,11,0,9.86,6.0,18,True,True,False,True,True,sudoku_explainer,medium,modified
2099784219,medium-no.3,19,2700,True,2.0246851830015657,11,0,8.773333333333333,6.0,18,True,True,False,True,True,sudoku_explainer,medium,modified
1184028159,medium-no.3,12,1650,True,1.2253312829998322,10,0,9.12,6.0,18,True,True,False,True,True,sudoku_explainer,medium,modified
862288241,medium-no.3,30,4350,True,3.4039845719962614,12,0,8.14,5.0,18,True,True,False,True,True,sudoku_explainer,medium,modified
1333843299,medium-no.3,13,1800,True,1.337563858993235,11,0,10.18,6.0,18,True,True,False,True,True,sudoku_explainer,medium,modified
2170464109,medium-no.3,14,1950,True,1.469766359005007,12,0,8.826666666666666,6.0,18,True,True,False,True,True,sudoku_explainer,medium,modified
3444837047,medium-no.4,19,2700,True,1.9944030309998197,10,0,9.666666666666666,6.0,18,True,True,False,True,True,sudoku_explainer,medium,modified
2669555309,medium-no.4,32,4650,True,3.5270288640022045,12,0,8.3,5.0,18,True,True,False,True,True,sudoku_explainer,medium,modified
2046530742,medium-no.4,102,15150,True,11.279557116999058,11,0,8.426666666666666,5.0,18,True,True,False,True,True,sudoku_explainer,medium,modified
3581440988,medium-no.4,1501,225000,False,168.33814102600445,9,2,8.973333333333333,5.0,18,True,True,False,True,True,sudoku_explainer,medium,modified
1691623607,medium-no.4,1501,225000,False,167.82755614099733,9,2,9.793333333333333,6.0,18,True,True,False,True,True,sudoku_explainer,medium,modified
2099784219,medium-no.4,1501,225000,False,172.27543881699967,9,2,8.273333333333333,5.0,18,True,True,False,True,True,sudoku_explainer,medium,modified
1184028159,medium-no.4,20,2850,True,2.149260972990305,10,0,8.153333333333334,5.0,18,True,True,False,True,True,sudoku_explainer,medium,modified
862288241,medium-no.4,197,29400,True,22.34566482300579,11,0,9.166666666666666,6.0,18,True,True,False,True,True,sudoku_explainer,medium,modified
1333843299,medium-no.4,1501,225000,False,170.28801437900984,11,2,8.74,5.5,18,True,True,False,True,True,sudoku_explainer,medium,modified
2170464109,medium-no.4,15,2100,True,1.558091084996704,12,0,9.913333333333334,6.0,18,True,True,False,True,True,sudoku_explainer,medium,modified
3444837047,medium-no.5,1501,225000,False,167.0538824390096,12,2,8.866666666666667,6.0,18,True,True,False,True,True,sudoku_explainer,medium,modified
2669555309,medium-no.5,1501,225000,False,173.59287761099404,9,2,9.646666666666667,6.0,18,True,True,False,True,True,sudoku_explainer,medium,modified
2046530742,medium-no.5,53,7800,True,5.8377906500099925,10,0,8.733333333333333,6.0,18,True,True,False,True,True,sudoku_explainer,medium,modified
3581440988,medium-no.5,1501,225000,False,171.4302305690071,11,2,9.12,5.5,18,True,True,False,True,True,sudoku_explainer,medium,modified
1691623607,medium-no.5,1501,225000,False,170.93588198701036,11,2,8.233333333333333,5.0,18,True,True,False,True,True,sudoku_explainer,medium,modified
2099784219,medium-no.5,35,5100,True,3.8179885240097065,10,0,8.873333333333333,6.0,18,True,True,False,True,True,sudoku_explainer,medium,modified
1184028159,medium-no.5,1501,225000,False,171.52986254201096,11,2,8.793333333333333,5.5,18,True,True,False,True,True,sudoku_explainer,medium,modified
862288241,medium-no.5,1501,225000,False,174.23701844400784,10,2,8.553333333333333,6.0,18,True,True,False,True,True,sudoku_explainer,medium,modified
1333843299,medium-no.5,1501,225000,False,164.40136817100574,11,2,8.8,6.0,18,True,True,False,True,True,sudoku_explainer,medium,modified
2170464109,medium-no.5,567,84900,True,65.58121422000113,11,0,8.846666666666666,6.0,18,True,True,False,True,True,sudoku_explainer,medium,modified
3444837047,medium-no.6,17,2400,True,1.7606152390071657,11,0,8.853333333333333,6.0,18,True,True,False,True,True,sudoku_explainer,medium,modified
2669555309,medium-no.6,1501,225000,False,151.8180558830063,8,2,8.866666666666667,6.0,18,True,True,False,True,True,sudoku_explainer,medium,modified
2046530742,medium-no.6,1138,170550,True,122.0727614639909,11,0,8.82,5.0,18,True,True,False,True,True,sudoku_explainer,medium,modified
3581440988,medium-no.6,31,4500,True,3.396360545011703,11,0,8.82,6.0,18,True,True,False,True,True,sudoku_explainer,medium,modified
1691623607,medium-no.6,33,4800,True,3.5175408470095135,11,0,7.86,5.0,18,True,True,False,True,True,sudoku_explainer,medium,modified
2099784219,medium-no.6,18,2550,True,1.8743796290073078,11,0,8.273333333333333,5.0,18,True,True,False,True,True,sudoku_explainer,medium,modified
1184028159,medium-no.6,122,18150,True,13.820726624006056,10,0,9.386666666666667,6.0,18,True,True,False,True,True,sudoku_explainer,medium,modified
862288241,medium-no.6,575,86100,True,66.15751588600688,11,0,9.08,6.0,18,True,True,False,True,True,sudoku_explainer,medium,modified
1333843299,medium-no.6,103,15300,True,11.996673797999392,9,0,8.886666666666667,6.0,18,True,True,False,True,True,sudoku_explainer,medium,modified
2170464109,medium-no.6,19,2700,True,2.063969408001867,11,0,8.7,5.0,18,True,True,False,True,True,sudoku_explainer,medium,modified
3444837047,medium-no.8,1501,225000,False,139.17718454998976,12,2,8.506666666666666,5.0,18,True,True,False,True,True,sudoku_explainer,medium,modified
2669555309,medium-no.8,1501,225000,False,137.33280956500676,11,2,9.713333333333333,6.0,18,True,True,False,True,True,sudoku_explainer,medium,modified
2046530742,medium-no.8,1501,225000,False,135.1159174659988,11,2,9.013333333333334,5.0,18,True,True,False,True,True,sudoku_explainer,medium,modified
3581440988,medium-no.8,1501,225000,False,134.32653697299247,12,2,8.246666666666666,5.5,18,True,True,False,True,True,sudoku_explainer,medium,modified
1691623607,medium-no.8,1501,225000,False,134.5868193560018,9,2,8.546666666666667,6.0,18,True,True,False,True,True,sudoku_explainer,medium,modified
2099784219,medium-no.8,1501,225000,False,129.34413117299846,10,2,8.06,5.0,18,True,True,False,True,True,sudoku_explainer,medium,modified
1184028159,medium-no.8,1501,225000,False,126.43757195099897,8,2,9.08,6.0,18,True,True,False,True,True,sudoku_explainer,medium,modified
862288241,medium-no.8,35,5100,True,3.731321293002111,11,0,9.186666666666667,6.0,18,True,True,False,True,True,sudoku_explainer,medium,modified
1333843299,medium-no.8,231,34500,True,25.5763967219973,9,0,8.953333333333333,6.0,18,True,True,False,True,True,sudoku_explainer,medium,modified
2170464109,medium-no.8,1501,225000,False,118.8262451410119,10,2,8.886666666666667,6.0,18,True,True,False,True,True,sudoku_explainer,medium,modified
